Student_ID,Student_Name,Age,Gender,Department,Semester,Study_Hours_Per_Day,Attendance_Percentage,Previous_Semester_Marks,Assignment_Average,Internal_Test_Marks,Practical_Marks,Participation_Score,Sleep_Hours,Internet_Access,Study_Resources,Backlogs,Final_Exam_Marks,Pass_Fail,Performance_Category
S23AIM001,Tanushree Tiwari,20,Female,CSE (AI & ML),5,3.5,89.5,76.5,19,25,40,9,7,Yes,Textbooks,0,77,Pass,Very Good
S23AIM002,Nitin Kundu,21,Male,CSE (AI & ML),5,1,71.5,32,8,4,22,7,7,Yes,Online Courses,4,16,Fail,Needs Improvement
S23AIM003,Amit Laha,21,Male,CSE (AI & ML),5,5.5,78.4,82,20,26.5,45,5,6,Yes,Notes Only,2,80,Pass,Very Good
S23AIM004,Akash Thakur,21,Male,CSE (AI & ML),6,4,78.9,67.7,16.5,21.5,38,6,5,Yes,Online Courses,0,63,Pass,Good
S23AIM005,Aarav Rao,22,Male,cse aiml,6,2.94,65.4,49,10,13,34,6,5,Yes,Both,0,47,Pass,Needs Improvement
S23AIM006,Deepak Kundu,22,Male,CSE (AI & ML),6,4,75.8,64,20,29,35,9,5.5,No,Both,0,87,Pass,Very Good
S23AIM007,SHREYA SAHA,20,Female,CSE (AI & ML),5,2.54,77.2,62,13,25.5,39,6,7.5,Yes,Textbooks,0,62,Pass,Good
S23AIM007,SHREYA SAHA,20,Female,CSE (AI & ML),5,2.54,77.2,62,13,25.5,39,6,7.5,Yes,Textbooks,0,62,Pass,Good
S23AIM008,Vaishnavi Ansari,22,Female,CSE (AI & ML),5,1.84,83.2,71,15,23,32,7,6.5,Yes,Both,1,70,Pass,Good
S23AIM009,Suraj Das,22,Male,CSE (AI & ML),5,3.5,74.3,66.5,15.5,16.5,33,7,6,Yes,Both,0,69,Pass,Good
S23AIM010,Diya Bhattacharya,21,Female,CSE (AI & ML),6,5,85.9,71.1,15.5,28,36,,7,,Both,0,79,Pass,Very Good
S23AIM011,Yash Purkayastha,20,Male,CSE (AI & ML),5,3,79.8,52,12.5,24,34,9,7.5,Yes,Notes Only,1,56,Pass,Average
S23AIM012,Amit Yadav,21,Male,CSE (AI & ML),6,1.5,65.2,64,10.5,,38,4,6,Yes,Online Courses,0,52,Pass,Average
S23AIM013,Sohini Pal,21,Female,CSE (AI & ML),5,1.5,49.7,54.7,6.5,10,20,2,6.5,Yes,Textbooks,3,22,Fail,Needs Improvement
S23AIM014,Hina Rao,21,Female,CSE (AI & ML),5,3.1,68.5,72,11.5,19.5,33,5,7.5,Yes,Online Courses,0,75,Pass,Very Good
S23AIM015,Tanmay Bose,20,Male,CSE (AI & ML),5,1.54,74.3,60.3,15.5,24,23,8,7,Yes,Both,0,62,Pass,Good
S23AIM016,Karan Singh,20,Male,AI & ML,5,4.5,69.8,76,15,23,39,,7,Yes,Both,0,62,Pass,Good
S23AIM017,Sneha Sinha,21,Female,CSE (AI & ML),6,4,72.6,75,14.5,25,38,10,6.5,Yes,Notes Only,0,71,Pass,Good
S23AIM018,Kartik Kumar,22,Male,CSE (AI & ML),5,10,80.3,83.8,19.5,30,33,9,6.5,Yes,Both,0,94,Pass,Excellent
S23AIM019,Rituparna Rao,21,Female,CSE (AI & ML),5,8.5,89,68,10,24.5,34,7,,Yes,Notes,0,65,Pass,Good
S23AIM020,Tanya Chatterjee,21,Female,CSE (AI & ML),5,3.73,85.1,62.3,17,22,42,9,5.5,Yes,Both,0,75,Pass,Very Good
S23AIM021,Dipankar Bose,21,Male,CSE (AI & ML),5,2.35,74.3,63.8,11.5,21.5,34,6,6.5,No,Both,3,43,Pass,Needs Improvement
S23AIM022,Rajesh Jain,21,Male,CSE (AI & ML),5,,63.5,66,15,24,34,7,6.5,Yes,textbooks,0,79,Pass,Very Good
S23AIM023,Ari Khan,22,Other,CSE (AI & ML),5,2,82,55,9.5,17,21,5,8.5,Yes,Notes Only,0,-7,Pass,Needs Improvement
S23AIM024,Diya Jha,22,Female,CSE (AI & ML),5,5,80.3,55.3,13,21,37,6,5.5,Yes,Textbooks,0,54,Pass,Average
S23AIM025,Tanushree Biswas,22,Female,CSE (AI & ML),6,4.84,76.9,73.3,15,24.5,44,6,5,Yes,Online Courses,0,74,Pass,Good
S23AIM026,Tushar Mukherjee,21,Male,CSE (AI & ML),6,3.5,79.5,67,17.5,29,42,6,5.5,Yes,Both,0,81,Pass,Very Good
S23AIM027,Palak Banerjee,20,Female,CSE (AI & ML),5,1.55,69.3,57,10,17,37,7,6.5,YES,Both,1,55,Pass,Average
S23AIM028,Sakshi Dey,22,Female,CSE(AIML),6,2,74.4,63.9,10.5,15.5,27,6,8.5,Yes,Both,1,57,Pass,Average
S23AIM029,Rituparna Shah,20,Female,AI & ML,6,1.5,70.1,55,11.5,16,36,6,6,Yes,Online Courses,0,42,Pass,Needs Improvement
S23AIM030,Rajesh Majumdar,21,Male,CSE (AI & ML),5,7.5,91.5,73,16.5,29,41,9,6.5,Yes,Notes Only,0,96,Pass,Excellent
S23AIM031,Saurabh Rao,20,Male,CSE (AI & ML),6,4.5,88.7,67.2,13.5,20.5,31,6,6.5,Yes,Textbooks,0,66,Pass,Good
S23AIM032,Sakshi Rao,20,Female,CSE (AI & ML),5,2.65,100,54.3,15.5,19.5,36,9,6.5,Yes,Both,0,450,Pass,Average
S23AIM033,Akash Pandey,20,M,CSE (AI & ML),5,4,84.9,48.3,13,21,38,7,6.5,Yes,Both,0,58,Pass,Average
S23AIM034,Kunal Paul,20,Male,CSE (AI & ML),5,3.91,75.8,63.2,14.5,18.5,32,6,8,Yes,Online Courses,0,82,Pass,Very Good
S23AIM035,Ritwik Bose,20,Male,CSE (AI & ML),5,4.5,98.2,64,17.5,22,35,10,6,Yes,Online Courses,1,78,Pass,Very Good
S23AIM036,Akash Kumar,20,Male,CSE (AI & ML),5,4.5,90.4,70.6,15.5,21,39,8,5,Yes,Notes Only,0,67,Pass,Good
S23AIM037,Rituparna Agarwal,20,Female,CSE (AI & ML),5,2.28,79.1,67,15,17,32,,6.5,Yes,Online Courses,0,66,Pass,Good
S23AIM038,Dipankar Gupta,20,Male,CSE (AI & ML),5,2,67.8,47.7,11.5,18,27,7,4.5,yes,Textbooks,0,42,Pass,Needs Improvement
S23AIM039,Sakshi Reddy,20,F,CSE (AI & ML),5,1.5,63.9,66,11,18.5,26,6,7,Yes,Notes Only,0,54,Pass,Average
S23AIM040,Debjani Paul,21,Female,CSE (AI & ML),5,4,90,67.5,17.5,15.5,38,6,7,,Notes Only,0,69,Pass,Good
S23AIM041,Sohini Dey,21,Female,CSE (AI & ML),5,2.5,,65,12,18.5,40,7,4.5,Yes,Notes Only,0,54,Pass,Average
S23AIM042,Moumita Das,21,Female,CSE (AI & ML),6,2.94,77.6,61,11,14.5,29,3,8,Yes,Textbooks,0,43,Pass,Needs Improvement
S23AIM043,Biswajit Verma,20,Male,CSE (AI & ML),5,1.85,67.7,69,8,,34,6,6.5,Yes,Online Courses,0,56,Pass,Average
S23AIM044,Sourav Pal,20,Male,CSE (AI & ML),5,2.98,48.5,65,13.5,20,35,4,7,Yes,notes only,1,58,Pass,Average
S23AIM045,Prasenjit Majumdar,20,Male,CSE (AI & ML),6,5.5,87.4,78.5,15.5,24.5,47,6,,Yes,Both,0,89,Pass,Very Good
S23AIM046,Palak Bhattacharya,21,Female,AI & ML,6,3,84.4,70,16,27,40,8,7,Yes,Online Courses,0,96,Pass,Excellent
S23AIM047,Yash Nair,21,Male,CSE (AI & ML),6,1.55,72.2,71,6.5,15.5,26,6,7,Yes,Online Courses,1,44,Pass,Needs Improvement
S23AIM048,Om Saha,20,Male ,CSE (AI & ML),6,1,62.7,68,14,16,33,5,5.5,Yes,Textbooks,1,59,Pass,Average
S23AIM049,Harsh Chakraborty,20,Male,CSE (AI & ML),6,1.68,57.8,54.6,,15,26,5,5,Yes,,0,38,Fail,Needs Improvement
S23AIM050,Saurabh Bose ,20,Male,CSE (AI & ML),5,4,89.6,72,14.5,28.5,37,8,7,Yes,Textbooks,0,79,Pass,Very Good
S23AIM051,Kiran Jain,21,Other,CSE (AIML),6,9.5,95.2,70.8,19,30,43,8,4.5,Yes,,0,100,Pass,Excellent
S23AIM052,Tanya Kundu,22,Female,CSE (AI & ML),6,2.5,79,63,11.5,19,27,8,7.5,Yes,Online Courses,0,49,Pass,Needs Improvement
S23AIM053,Sohini Roy,22,Female,CSE (AI & ML),5,4,73.1,56.8,12.5,18.5,33,8,6.5,Yes,Both,0,55,Pass,Average
S23AIM054,Ashish Pandey,20,Male,CSE (AI & ML),6,1,77.2,60.3,9.5,17.5,31,7,7,Yes,Both,0,60,Pass,Good
S23AIM055,Tanmay Rao,20,Male,CSE (AI & ML),5,2.5,68.3,65.8,16,22,35,8,6.5,Yes,Textbooks,0,77,Pass,Very Good
S23AIM056,Manish Mondal,20,Male,CSE (AI & ML),6,3,70.5,64,12,22.5,38,6,7.5,Yes,Textbooks,0,69,Pass,Good
S23AIM057,Arnab Mishra,21,Male,CSE (AI & ML),5,2.5,81,53.5,16,14.5,23,7,4.5,Yes,Notes Only,1,42,Pass,Needs Improvement
S23AIM058,Biswajit Khan,20,Male,CSE (AI & ML),6,2.98,71.8,64,17,24.5,40,7,7.5,Yes,Notes Only,0,67,Pass,Good
S23AIM059,Amit Patel,22,Male,CSE (AI & ML),5,2,83.9,88,17.5,18.5,35,8,6.5,Y,Both,0,81,Pass,Very Good
S23AIM060,Utsav Jha,21,Male,CSE (AI & ML),5,0.84,55.1,52,9,17,21,5,7.5,Yes,Textbooks,0,58,Pass,Average
S23AIM061,Subham Shah,20,Male,CSE (AI & ML),5,1.64,74.2,48.2,12,14,24,6,6,Yes,Both ,1,37,Fail,Needs Improvement
S23AIM062,Ananya Chakraborty,21,Female,AI & ML,5,1.5,62.2,57.8,10,9,20,5,8.5,Yes,,0,40,Pass,Needs Improvement
S23AIM063,Shreya Sarkar,22,Female,CSE (AI & ML),5,3.06,87.3,68,12,24,42,5,8,Yes,,0,71,Pass,Good
S23AIM064,Om Bhattacharya,21,Male,CSE (AI & ML),5,3.5,73.6,80,18,21,46,9,5,Yes,Online Courses,0,69,Pass,Good
S23AIM065,Rohan Jha,20,Male,CSE (AI & ML),5,2,75.9,60,12.5,17.5,31,,7.5,Yes,Notes Only,2,52,Pass,Average
S23AIM066,Nitin Malhotra,20,Male,CSE (AI & ML),5,3.11,83,61.9,16,20,41,5,9,Yes,Both,0,68,Pass,Good
S23AIM067,Srijita Thakur,22,Female,CSE (AI & ML),5,1.83,57.7,53,11.5,18,29,5,7.5,Yes,Notes Only,2,33,Fail,Needs Improvement
S23AIM068,Utsav Gupta,21,Male,CSE (AI & ML),5,2,85.6,61,10,19,36,6,6,No,Textbooks,0,59,Pass,Average
S23AIM069,Sanjana Mishra,22,Female,CSE (AI & ML),6,3.73,80.5,,14,18,30,4,7,Yes,Notes Only,0,52,Pass,Average
S23AIM070,Debjani Basu ,21,Female,CSE (AI & ML),5,4.5,75.5,62.3,10.5,14,30,6,7,No,Notes Only,0,46,Pass,Needs Improvement
S23AIM071,Vivek Thakur,21,Male,CSE (AI & ML),6,6,83.7,65,13,22.5,36,5,6.5,Yes,Both,0,73,Pass,Good
S23AIM072,Diya Kundu,22,Female,CSE (AI & ML),5,2,85.1,61,13.5,16,27,9,4.5,Yes,Both,0,68,Pass,Good
S23AIM073,Sohini Bhattacharya,21,Female,CSE (AI & ML),5,4,77.6,58,14.5,19.5,40,,5.5,Yes,Online Courses,0,62,Pass,Good
S23AIM074,Meghna Biswas,21,Female,CSE (AI & ML),5,2,68.5,54,8,15,24,5,7,NO,Online Courses,1,56,Pass,Average
S23AIM075,Subham Paul,20,Male,CSE (AI & ML),6,1,69.3,75.1,11.5,16.5,27,7,7.5,Yes,Both,0,53,Pass,Average
S23AIM076,Kartik Basu,20,Male,CSE (AIML),6,1,75.7,75,14,22,40,10,5,Yes,Online Courses,0,62,Pass,Good
S23AIM077,Ishita Sen,20,Female,CSE (AI & ML),5,1,83.6,58.2,11,15,24,6,6.5,Yes,Both,0,36,Fail,Needs Improvement
S23AIM078,Ritwik Laha,20,Male,CSE (AI & ML),5,2.97,84,79,15.5,22,38,5,7,Yes,Both,0,88,Pass,Very Good
S23AIM079,Joydeep Pal,21,Male,CSE (AIML),6,3.38,82.3,51,12,20,39,4,7,YES,Textbooks,0,52,Pass,Average
S23AIM080,Garima Verma,21,Female,CSE (AI & ML),5,1.37,56.4,47,11,19.5,21,,6,Yes,,1,35,Fail,Needs Improvement
S23AIM081,Anushka Mishra,21,Female,CSE (AI & ML),5,2.43,68.6,69,11,19.5,38,5,9,Yes,Both,1,59,Pass,Average
S23AIM082,Vivek Sen,21,Male,CSE (AI & ML),5,1.99,82.5,53.5,12,16,28,5,8.5,Yes,Textbooks,0,67,Pass,Good
S23AIM083,Tanushree Kundu,21,Female,CSE (AI & ML),5,2.5,85.5,80,17,25.5,42,7,7,Yes,Notes Only,0,82,Pass,Very Good
S23AIM084,Ishita Majumdar,20,Female,CSE (AI & ML),5,2,44.7,58.6,7.5,10.5,29,6,6,Yes,Notes Only,0,36,Fail,Needs Improvement
S23AIM085,Priya Bose,20,Female,CSE(AIML),5,2,69.4,68.3,14.5,22.5,31,7,7,Yes,Notes Only,1,64,Pass,Good
S23AIM086,Rakesh Halder,21,Male,CSE (AI & ML),6,2,64.3,58.8,15,11.5,28,7,7.5,Yes,Both,0,64,Pass,Good
S23AIM087,Sayan Thakur,22,Male,CSE (AI & ML),5,3.5,74.8,61.7,14.5,20,36,7,7,Yes,Both,0,63,Pass,Good
S23AIM088,Sayani Gupta,20,Female,CSE (AI & ML),5,1.5,59.9,66.8,9,17.5,24,6,7,Yes,Both,1,46,Pass,Needs Improvement
S23AIM089,Yash Nair,20,Male,CSE (AI & ML),5,1.5,,50,8,9,28,4,6,Yes,Both,0,45,Pass,Needs Improvement
S23AIM090,Ritwik Chakraborty,21,Male,CSE (AI & ML),5,4,79.3,82,18.5,20,43,7,5.5,Yes,Both,0,71,Pass,Good
S23AIM091,Hina Sharma,20,Female,CSE (AI & ML),5,5.37,84.4,44,14.5,21.5,32,5,5.5,Yes,Textbooks,0,58,Pass,Average
S23AIM092,Naveen Nair,21,Male,CSE (AI & ML),5,2.6,84.3,69,15.5,24.5,42,8,7,Yes,Both,0,62,Pass,Good
S23AIM093,Anushka Jain,21,Female,CSE (AI & ML),5,1.5,57.2,79,13.5,17.5,25,3,5,Yes,Notes Only,0,51,Pass,Average
S23AIM094,Sayani Sinha,22,Female,CSE (AI & ML),6,1.5,70.1,82.9,13.5,23,41,7,8,Yes,Online Courses,0,66,Pass,Good
S23AIM095,Suraj Purkayastha,20,Male,CSE (AI & ML),5,2,66.4,67,12,16.5,33,5,6.5,Yes,Both,0,60,Pass,Good
S23AIM096,Divya Yadav,20,Female,CSE (AI & ML),6,1,77.5,45,11,7,24,5,7.5,YES,Online Courses,1,49,Pass,Needs Improvement
S23AIM097,Yash Basu,21,Male,CSE (AI & ML),6,1,80.9,44,10.5,12.5,25,5,7,Yes,Online Courses,1,49,Pass,Needs Improvement
S23AIM098,Ankit Das,21,MALE,CSE (AI & ML),5,6,84.5,81.9,16.5,30,37,9,4.5,Yes,Online Courses,0,77,Pass,Very Good
S23AIM099,Akash Bhattacharya,20,Male,CSE (AI & ML),5,3,66,41,13.5,18.5,28,6,7.5,Yes,Online Courses,0,58,Pass,Average
S23AIM100,Vikram Verma,21,Male,CSE (AI & ML),5,5,75,83,19,27,32,4,8.5,Yes,Textbooks,0,96,Pass,Excellent
S23AIM101,Vikram Sinha,20,Male,CSE (AI & ML),6,3,82.9,70.8,18,22,37,N/A,5.5,Yes,Both,1,60,Pass,Good
S23AIM102,Deepak Dutta,20,Male ,CSE (AI & ML),6,3.68,81.8,48,,17,36,7,5,Yes,Notes Only,1,51,Pass,Average
S23AIM103,Tanya Mukherjee,20,Female,CSE (AI & ML),6,2.12,74.2,71,15,24,32,6,8,Yes,Both,0,72,Pass,Good
S23AIM104,Manish Basu,21,Male,CSE (AI & ML),5,1,56.8,64,14,23,26,5,6,Yes,Online Courses,2,45,Pass,Needs Improvement
S23AIM105,Arjun Malhotra,21,Male,CSE (AI & ML),6,2.5,60.5,48.9,12,20.5,36,5,9,Yes,Notes Only,0,60,Pass,Good
S23AIM106,Manish Chatterjee,20,Male,CSE (AI & ML),6,3,85.6,62,13.5,21,35,7,5.5,Yes,Notes Only,1,58,Pass,Average
S23AIM107,Rashmi Thakur,20,female,CSE (AI & ML),5,6,100,94.5,19.5,30,44,8,8,No,Notes Only,0,87,Pass,Very Good
S23AIM108,Arnab Singh,21,Male,CSE (AI & ML),5,2,73.2,59.4,12.5,20.5,36,7,6.5,Yes,Textbooks,0,60,Pass,Good
S23AIM109,Shreya Majumdar,21,Female,CSE (AI & ML),5,3.59,86.4,57,14.5,22,37,7,6.5,Yes,Notes Only,0,60,Pass,Good
S23AIM110,Shivam Sarkar,20,Male,CSE (AIML),6,2,66.9,74,11,22,25,8,8,Yes,Both,0,65,Pass,Good
S23AIM111,Chandni Dey,21,Female,CSE (AI & ML),5,2,73.7,77.6,17,21,33,7,5,Yes,Textbooks,0,69,Pass,Good
S23AIM112,Akash Sharma,20,MALE,CSE (AI & ML),5,1,69.1,57,10,11,30,7,5.5,Yes,Both,1,39,Fail,Needs Improvement
S23AIM113,Biswajit Saha,20,Male,CSE (AI & ML),6,3.5,82.8,51,,19.5,26,5,6,Yes,,0,57,Pass,Average
S23AIM114,Sumit Majumdar,20,Male,CSE (AI & ML),6,4.13,95.6,70.3,17,,35,5,9,Yes,Online Courses,0,75,Pass,Very Good
S23AIM115,Tanya Malhotra,21,Female,CSE (AI & ML),5,2.5,83,60.4,15.5,26,40,8,6.5,YES,Online Courses,0,63,Pass,Good
S23AIM116,Md Faisal Singh,20,Male,CSE (AI & ML),5,5,85.8,61,18,28.5,47,9,7,Y,Both,0,77,Pass,Very Good
S23AIM117,Sakshi Verma,20,Female,CSE (AI & ML),5,2.5,81.1,64.6,11.5,16,29,7,7,Yes,Both,0,59,Pass,Average
S23AIM118,Deepak Sen,20,Male,CSE (AI & ML),5,3,78.3,46.9,11,19,30,5,5.5,Yes,Both,1,60,Pass,Good
S23AIM119,Soham Gupta,22,Male,CSE (AI & ML),5,4,74.5,65.6,16,23,37,7,7.5,No,Both,0,78,Pass,Very Good
S23AIM120,Jyoti Paul,20,Female,CSE (AI & ML),5,7,79.3,81,14.5,27,33,5,6,yes,Notes Only,0,77,Pass,Very Good
S23AIM121,Mansi Kumar,20,Female,CSE (AI & ML),5,2,81.1,69.7,14,17.5,38,9,7,Yes,Online Courses,0,71,Pass,Good
S23AIM122,Sasha Verma,20,Other,CSE (AI & ML),6,,67.3,83,14.5,26,36,7,6.5,Yes,Notes Only,0,80,Pass,Very Good
S23AIM123,Vishal Sen,21,Male,CSE (AI & ML),6,1.5,60.8,63.5,10,17.5,33,6,6,Yes,Online Courses,0,42,Pass,Needs Improvement
S23AIM124,Palak Nandi,20,Female,CSE (AI & ML),5,3.5,86.5,67,16.5,25.5,33,7,6.5,Yes,Both,1,81,Pass,Very Good
S23AIM125,Subham Banerjee,21,Male,CSE (AI & ML),5,3,89,56.2,13.5,19.5,33,10,5.5,Yes,both,0,75,Pass,Very Good
S23AIM126,Debjani Dey,21,Female,CSE (AI & ML),5,2.5,75,69.9,15,,35,5,8.5,Yes,Online Courses,0,72,Pass,Good
S23AIM127,Ritwik Nandi,21,Male,CSE (AI & ML),5,3,78.7,83,17.5,23.5,49,8,6.5,Yes,Online Courses,0,91,Pass,Excellent
S23AIM128,Hina Ghosh,20,Female,CSE (AI & ML),5,5,67.1,88,15.5,20,36,8,5.5,No,Both,0,71,Pass,Good
S23AIM129,Abhishek Thakur,20,Male,CSE (AI & ML),5,6.27,83.4,81,16.5,25,37,9,6,No,Notes Only,0,79,Pass,Very Good
S23AIM130,Tanya Yadav,21,Female,CSE (AI & ML),6,3,76.8,70,12,16.5,39,4,6,Yes,Online Courses,0,65,Pass,Good
S23AIM131,Priya Reddy,20,Female,CSE (AI & ML),5,2,82.5,55,11,27,39,7,6,YES,Textbooks,1,56,Pass,Average
S23AIM132,Diya Purkayastha,21,Female,CSE (AI & ML),5,3.07,69.6,44,11.5,18,25,6,9,Yes,Both,0,40,Pass,Needs Improvement
S23AIM133,Pratik Khan,21,Male,CSE (AI & ML),5,3,75,49,11.5,15,34,6,6,Yes,Textbooks,0,54,Pass,Average
S23AIM134,Mahima Khan,20,Female,CSE (AI & ML),5,3.5,71.8,66.7,13,20,32,5,7,Yes,Textbooks,0,65,Pass,Good
S23AIM135,Sanjana Mukherjee,20,Female,CSE (AI & ML),6,4.5,75.3,81,16,20.5,32,7,5.5,Yes,Both,0,79,Pass,Very Good
S23AIM136,Swati Khan,21,FEMALE,CSE (AI & ML),5,2,60.1,44.7,12,14,27,5,7.5,Yes,Both,0,51,Pass,Average
S23AIM137,Jyoti Thakur,20,Female,CSE (AI & ML),6,0.5,52.1,51.5,10.5,14,17,4,6.5,Yes,Textbooks,4,35,Fail,Needs Improvement
S23AIM138,Isha Ghosh,21,Female,CSE (AI & ML),6,3.5,68.1,59,13,21,31,5,5.5,Yes,Both,0,61,Pass,Good
S23AIM139,Kavya Purkayastha,21,Female,CSE (AIML),5,2.5,61.1,59,12.5,20,34,9,6,Yes,Textbooks,0,51,Pass,Average
S23AIM140,Zoya Bose,22,Female,CSE (AI & ML),6,2.05,76.9,63,,21.5,35,7,7,Yes,Online Courses,0,67,Pass,Good
S23AIM141,  Khushi Verma,21,Female,CSE (AI & ML),5,6,73.5,63,15,19.5,33,6,7.5,Yes,Online Courses,0,64,Pass,Good
S23AIM142,Vivek Tiwari,21,Male,CSE (AI & ML),6,1.5,73.3,51,9.5,13.5,20,3,,Yes,Both,1,34,Fail,Needs Improvement
S23AIM143,Trisha Kumar,21,Female,CSE (AI & ML),5,3,76.4,,6.5,12,23,,8,Yes,Notes Only,2,24,Fail,Needs Improvement
S23AIM144,Sanjana Verma,21,Female,CSE (AI & ML),6,1.5,66.6,71.7,13.5,18,28,7,4,Yes,Both,1,49,Pass,Needs Improvement
S23AIM145,Ankit Basu,21,Male,CSE (AI & ML),6,1.99,83.5,44.9,11.5,22.5,31,5,7,Yes,Online Courses,1,64,Pass,Good
S23AIM146,Esha Basu,21,Female,CSE (AI & ML),5,2.81,81.7,77,13.5,16,37,N/A,5,Yes,Online Courses,1,66,Pass,Good
S23AIM147,Anushka Sarkar,21,Female,CSE (AI & ML),5,1.8,58.4,43,6.5,14,34,2,6,Yes,,3,23,Fail,Needs Improvement
S23AIM148,Arjun Gupta,20,Male,CSE (AI & ML),6,3.5,78.7,53.6,10.5,21,33,6,6.5,Yes,Online Courses,0,63,Pass,Good
S23AIM149,Ritika Sen,20,Female ,CSE (AI & ML),5,4.3,88.8,72.3,17,25.5,33,6,6.5,Yes,Online Courses,0,87,Pass,Very Good
S23AIM150,Gaurav Agarwal,21,Male,CSE (AI & ML),5,,64,58,11.5,15.5,34,5,8,Yes,Both,3,47,Pass,Needs Improvement
S23AIM151,Kartik Bhattacharya,22,Male,CSE (AI & ML),5,1.22,66.4,54.9,8,17.5,26,,6,Yes,Both,1,37,Fail,Needs Improvement
S23AIM152,Rituparna Nair,22,Female,CSE (AI & ML),6,4.5,80.1,,14.5,20.5,41,6,6.5,Yes,Online Courses,0,84,Pass,Very Good
S23AIM153,Sudipta Agarwal,20,Female,CSE (AI & ML),6,4,76.8,42,13,16,29,4,7,Yes,Notes,1,45,Pass,Needs Improvement
S23AIM154,Tanya Roy,21,Female,CSE (AI & ML),5,4.5,91.4,83,18,25,45,6,7,Yes,Both,0,85,Pass,Very Good
S23AIM155,Ashish Pandey,22,Male,CSE (AI & ML),5,1,69.5,64,9,18,33,6,6.5,Yes,Both,0,41,Pass,Needs Improvement
S23AIM156,Sakshi Pandey,21,Female,CSE (AI & ML),5,1,73.6,32,9.5,15.5,30,3,6.5,Yes,Online Courses,2,18,Fail,Needs Improvement
S23AIM157,Piyush Sharma,20,Male,CSE (AI & ML),5,1,64.2,32,10.5,12.5,27,4,6,Yes,Both,5,12,Fail,Needs Improvement
S23AIM158,Ritika Datta,21,Female,CSE (AI & ML),6,3,72.6,60,9.5,19,24,2,5.5,Yes,Both,1,47,Pass,Needs Improvement
S23AIM159,Harsh Kundu,21,Male,CSE (AI & ML),6,2.55,77.2,73.4,14,27,33,6,,Yes,Both,0,71,Pass,Good
S23AIM160,Zoya Sarkar,20,Female,CSE (AI & ML),5,2,73.7,41,10.5,22,30,6,6,Yes,Online Courses,0,62,Pass,Good
S23AIM161,Kavya Mehta,21,Female,CSE (AI & ML),5,1,76.4,55,10.5,14,19,6,,Yes,Both,1,53,Pass,Average
S23AIM162,Sohini Roy,22,female,CSE (AI & ML),6,2.5,75.3,72,15.5,21.5,37,9,5.5,Yes,Both,0,66,Pass,Good
S23AIM163,Mohit Sarkar,22,M,CSE (AI & ML),5,4.5,82.7,71.2,15,19.5,38,7,6.5,Yes,Both,0,75,Pass,Very Good
S23AIM164,Jayesh Khan,21,Male,CSE (AI & ML),6,4,81.1,84,18.5,20.5,31,8,6,Yes,Both,1,76,Pass,Very Good
S23AIM165,Garima Dutta,20,Female,CSE (AI & ML),5,2,80.2,61,13.5,22,31,7,6.5,Yes,Textbooks,0,69,Pass,Good
S23AIM166,Zoya Shah,20,Female,CSE (AI & ML),5,2,77,76,13.5,27.5,40,7,5.5,Yes,Both,0,71,Pass,Good
S23AIM167,Dipankar Mondal,20,Male,CSE (AI & ML),5,4,91.8,81.4,14,30,46,5,6.5,Yes,Notes,0,89,Pass,Very Good
S23AIM168,Manish Laha,21,Male,CSE (AI & ML),5,1.61,73.9,32,6.5,6.5,26,4,7.5,Yes,Textbooks,1,23,Fail,Needs Improvement
S23AIM169,Pratik Sinha,20,Male,CSE (AI & ML),5,2,77.7,63,12.5,19,31,7,7,Yes,Notes Only,0,60,Pass,Good
S23AIM170,Debjani Sarkar,21,Female,CSE (AI & ML),5,2.55,,,17,29.5,38,8,8.5,No,Online Courses,0,80,Pass,Very Good
S23AIM171,Om Chakraborty,21,male,CSE (AI & ML),6,3,77.9,73.8,14.5,23,35,9,5.5,Yes,Textbooks,0,74,Pass,Good
S23AIM172,Dipankar Pal,20,Male,CSE (AI & ML),5,3.5,82.3,69,16.5,15.5,34,7,6.5,Yes,Online Courses,0,56,Pass,Average
S23AIM173,Ananya Bose,20,Female,CSE (AI & ML),6,2,78.1,59.4,12,,33,5,5.5,Yes,Online Courses,1,54,Pass,Average
S23AIM174,Vaishnavi Roy,20,Female,CSE (AI & ML),5,2.43,74.4,69.6,15.5,25.5,36,6,9.5,Yes,Online Courses,0,88,Pass,Very Good
S23AIM175,Yash Gupta,21,Male,AI & ML,5,1,69.6,66,12.5,24,33,5,7.5,Yes,,0,62,Pass,Good
S23AIM176,Priya Agarwal,21,Female,CSE (AI & ML),5,5,70.4,61.9,15,22.5,35,4,6,Yes,Notes Only,0,52,Pass,Average
S23AIM177,Bhavna Datta,20,Female,CSE (AI & ML),6,2.5,89.8,63,13,25,35,6,7.5,Yes,Online Courses,0,69,Pass,Good
S23AIM178,Sandip Mondal,20,Male,CSE (AI & ML),5,3,84.3,73.3,15,26.5,40,7,7.5,Yes,Both,0,77,Pass,Very Good
S23AIM179,Ankit Halder,20,Male,CSE (AI & ML),5,7,94.1,97,19,27,41,8,7,Yes,Both,0,89,Pass,Very Good
S23AIM180,Suraj Bhattacharya,20,Male,CSE (AI & ML),6,1.5,64.2,51.1,,14,36,6,6.5,Yes,Both,1,47,Pass,Needs Improvement
S23AIM181,Pooja Nandi,21,Female,CSE (AI & ML),5,,75.1,73,13,23,34,10,8,Yes,Both,0,82,Pass,Very Good
S23AIM182,Mansi Ghosh,20,Female,CSE (AI & ML),5,5.38,85.2,67.8,16,18.5,29,5,8.5,Yes,Both,0,53,Pass,Average
S23AIM183,Neha Majumdar,22,Female,CSE (AI & ML),6,1.5,77.9,67.1,12,16.5,35,6,6.5,Yes,Both,1,51,Pass,Average
S23AIM184,Sneha Sen,21,Female,CSE (AI & ML),5,3,71.7,56.4,,16.5,29,5,6.5,Yes,Both,1,52,Pass,Average
S23AIM185,Sakshi Shah,21,Female,CSE (AI & ML),5,3,89.2,64,15,19,23,,8,Yes,Online Courses,0,56,Pass,Average
S23AIM186,Moumita Thakur,21,Female,CSE (AI & ML),6,,70.5,59,10.5,14,28,5,7.5,Yes,Textbooks,0,41,Pass,Needs Improvement
S23AIM187,Naveen Tiwari,21,Male,CSE (AI & ML),5,9,100,78,14,24.5,33,8,7.5,Yes,Textbooks,0,84,Pass,Very Good
S23AIM188,Simran Pal,21,Female,CSE (AI & ML),6,6,83,87,12,24,37,8,7,Yes,Both,0,84,Pass,Very Good
S23AIM189,Kavya Mishra,20,Female,CSE (AI & ML),5,2.5,77.2,57.6,10,19,32,5,7,yes,Notes Only,0,56,Pass,Average
S23AIM190,Sohini Verma,21,Female,CSE (AI & ML),6,7,90.9,62.8,12,23,33,5,8,Yes,Notes Only,0,55,Pass,Average
S23AIM191,Mohit Majumdar,20,Male ,CSE (AI & ML),5,1.19,59.9,60.4,11,14,33,8,7,Yes,Online Courses,0,53,Pass,Average
S23AIM192,Nitin Tiwari,20,Male,CSE (AI & ML),5,1.01,71.5,55,10.5,16,31,4,9,Yes,Online Courses,0,46,Pass,Needs Improvement
S23AIM193,Vishal Reddy,20,Male,CSE (AI & ML),5,1.5,76.9,67.9,16,13.5,25,7,6.5,No,Online Courses,0,62,Pass,Good
S23AIM194,Vikram Bose,21,Male,CSE (AI & ML),5,2.5,84.8,53.3,12.5,14.5,26,5,6.5,Yes,Textbooks,0,52,Pass,Average
S23AIM195,Gaurav Sinha,22,Male,CSE (AI & ML),5,1,59.9,48.7,9,13.5,23,6,6.5,Yes,Both,4,37,Fail,Needs Improvement
S23AIM196,Harsh Sarkar,20,Male,CSE (AI & ML),5,1,64.9,46,9.5,9.5,31,3,7,Yes,Notes Only,2,23,Fail,Needs Improvement
S23AIM197,Isha Sen,20,Female,CSE (AI & ML),6,2,84.7,86,15,19,31,5,8.5,Yes,Notes Only,0,77,Pass,Very Good
S23AIM198,Nitin Patel,21,MALE,CSE (AI & ML),5,2.2,69.5,75,16.5,26.5,41,4,7.5,Yes,Both,0,76,Pass,Very Good
S23AIM199,Aarav Gupta,21,Male ,CSE (AI & ML),5,2,63.8,69.8,16.5,23.5,40,9,6,Yes,Both,0,77,Pass,Very Good
S23AIM200,Moumita Biswas,20,Female,CSE (AI & ML),6,5,82.3,82.7,14,19,37,9,6,Yes,online courses,0,77,Pass,Very Good
S23AIM201,Saurabh Nandi,22,Male,CSE (AI & ML),6,2.12,72.7,38,12,17,23,5,7.5,Yes,Both,1,48,Pass,Needs Improvement
S23CSE001,Sagar Agarwal,20,Male,Computer Science & Engineering,5,2,79.4,53.6,13,21.5,35,4,6,No,Notes Only,0,49,Pass,Needs Improvement
S23CSE002,Poulami Bose,20,Female,Computer Science & Engineering,5,1.52,72.3,42.5,7,14,31,4,5.5,Yes,Both,1,35,Fail,Needs Improvement
S23CSE003,Debjani Datta,20,Female,Computer Science,6,3,77.5,64.3,13,21.5,34,4,6.5,No,Both,0,69,Pass,Good
S23CSE004,Shreya Thakur,20,Female,Computer Science & Engineering,5,3.5,86,76,18,27,42,8,7.5,Yes,Online Courses,0,76,Pass,Very Good
S23CSE005,Vishal Yadav,22,Male,C.S.E,6,2.8,65.3,63,10.5,14,33,4,8.5,Yes,Both,0,52,Pass,Average
S23CSE006,Ashish Chakraborty,20,Male,Computer Science & Engineering,6,3,92.6,64,10.5,24,37,6,8.5,Y,Notes Only,0,64,Pass,Good
S23CSE007,Naveen Nair,20,Male,Computer Science & Engineering,6,3.72,65.5,59.2,12.5,21,28,6,6,Yes,Both,1,66,Pass,Good
S23CSE008,Rohan Yadav,20,Male,Computer Science & Engineering,6,9.5,100,64,13.5,27,43,9,8.5,Yes,Both,0,90,Pass,Excellent
S23CSE009,Suraj Sarkar,20,Male,Computer Science & Engineering,6,5.47,90.2,58,11,15,28,6,8,Yes,Textbooks,0,69,Pass,Good
S23CSE010,Mohit Kumar,20,Male,Computer Science & Engineering,6,6.26,89.4,69,17,28,38,9,6,Yes,Textbooks,0,85,Pass,Very Good
S23CSE011,Ishaan Sharma,22,Male,Computer Science & Engineering,5,1.5,55.3,48,9.5,20.5,36,5,6,Yes,Both,1,33,Fail,Needs Improvement
S23CSE012,Imran Reddy,21,Male,Computer Science & Engineering,5,1.5,74.6,67.7,9.5,19.5,32,7,6,YES,,0,59,Pass,Average
S23CSE013,Amit Dey,20,Male,Computer Science & Engineering,6,2.5,74.3,70.2,13,19,36,7,7.5,Yes,Textbooks,0,68,Pass,Good
S23CSE014,Aditi Dutta,20,Female,Comp Sci & Engg,5,2,60.8,59.8,11.5,25.5,34,7,7,Yes,Notes Only,0,60,Pass,Good
S23CSE015,Dev Sharma,20,Male,Computer Science & Engineering,5,2.5,70.9,73,13,22.5,40,8,4.5,Yes,Both,0,80,Pass,Very Good
S23CSE016,Utsav Dutta,21,Male,Computer Science & Engineering,6,2.83,92.2,59,14,26,34,8,7,Yes,Online Courses,0,71,Pass,Good
S23CSE017,Nisha Chakraborty,20,Female,Computer Science & Engineering,5,2.5,68.3,46.8,12,15.5,37,3,7,Yes,Online Courses,1,42,Pass,Needs Improvement
S23CSE018,Diya Tiwari,21,Female,Computer Science & Engineering,5,3,79.6,69.6,14.5,20,42,6,5.5,Yes,Online Courses,1,70,Pass,Good
S23CSE019,Pratik Chakraborty,20,Male,Computer Science & Engineering,5,3,85.5,65,13,19.5,30,9,8,Yes,Online Courses,0,71,Pass,Good
S23CSE020,Nikita Sinha,22,Female,Computer Science & Engineering,5,5,89,58.4,15,26,42,9,7,Yes,Textbooks,0,77,Pass,Very Good
S23CSE021,Nitin Ansari,20,MALE,Computer Science & Engineering,5,1,70.8,47.1,7.5,13,24,6,7,Yes,Textbooks,1,40,Pass,Needs Improvement
S23CSE022,Yash Sinha,20,Male,Computer Science & Engineering,6,3,69.2,49,13,14.5,33,4,5,Yes,Online Courses,1,49,Pass,Needs Improvement
S23CSE023,Vikram Sharma,21,Male,Computer Science & Engineering,5,3.5,68.8,55,16.5,20,39,5,6,Yes,Online,0,68,Pass,Good
S23CSE024,Mahima Datta,21,Female,Computer Science & Engineering,6,2.5,67.2,65.4,13,15.5,35,6,8,yes,Online Courses,0,62,Pass,Good
S23CSE025,Dev Agarwal,20,Male,Computer Science & Engineering,5,4,77.60%,83,19,26.5,35,8,8,Yes,Online Courses,0,76,Pass,Very Good
S23CSE026,Vikram Gupta,21,Male,Computer Science & Engineering,6,5.5,86.6,64.2,13,23.5,40,7,6,yes,Both,0,74,Pass,Good
S23CSE027,Anirban Nandi,20,Male,Computer Science & Engineering,5,1.5,73.7,66.9,15,18.5,27,8,8.5,YES,Textbooks,1,43,Pass,Needs Improvement
S23CSE028,Ishita Chakraborty,21,Female,Computer Science & Engineering,6,1.5,68.3,61,14.5,15.5,40,6,6,Yes,Online Courses,1,51,Pass,Average
S23CSE029,Rajesh Jain,20,Male,Computer Science & Engineering,5,4.44,90.1,85.8,17.5,27,47,8,7,Yes,Both,0,83,Pass,Very Good
S23CSE030,Hina Pal,21,Female,Computer Science & Engineering,5,4.19,68.9,84.7,10,17,33,6,7,Yes,Textbooks,0,69,Pass,Good
S23CSE031,Mahima Agarwal,20,Female,Computer Science & Engineering,5,1.2,48,,9.5,14,22,,6,Yes,Textbooks,1,36,Fail,Needs Improvement
S23CSE032,Suraj Mukherjee,20,Male,Computer Science & Engineering,6,3.23,83,76.1,18,22.5,40,6,7,No,Online Courses,1,73,Pass,Good
S23CSE033,Yash Thakur,21,MALE,Computer Science & Engineering,6,2.34,73.2,70,15,20.5,39,5,6,Yes,Textbooks,0,74,Pass,Good
S23CSE034,Nisha Kumar,20,Female,Computer Science & Engineering,6,1.25,85.8,49,12,13,32,6,9,No,Both,1,45,Pass,Needs Improvement
S23CSE035,Dipankar Sinha,20,Male,CSE,6,4.5,96.4,68.7,14.5,24,30,7,6.5,Yes,Textbooks,0,74,Pass,Good
S23CSE036,Sumit Thakur,21,Male,Comp Sci & Engg,6,1.18,70.2,37.7,9.5,17,28,5,8.5,Yes,Both,1,31,Fail,Needs Improvement
S23CSE037,Neha Purkayastha,21,Female,Computer Science & Engineering,5,4,,72.5,16.5,21.5,37,6,8,Yes,Online Courses,0,78,Pass,Very Good
S23CSE038,Hina Jain ,20,Female,Computer Science & Engineering,5,2.58,59.8,,11,19,28,5,5.5,Yes,Notes Only,0,53,Pass,Average
S23CSE039,Moumita Kapoor,20,Female,Computer Science & Engineering,5,4,,56.3,14.5,19.5,31,8,7.5,Yes,Both,0,59,Pass,Average
S23CSE040,Debjani Ansari,20,Female,Computer Science & Engineering,5,2.75,81.7,62.4,11.5,14.5,35,8,6.5,Yes,Textbooks,0,58,Pass,Average
S23CSE041,Mohit Majumdar,21,Male,Computer Science & Engineering,6,3.64,84.7,60,15.5,23,33,5,7,Yes,Online Courses,0,81,Pass,Very Good
S23CSE042,Swati Ansari,21,FEMALE,Computer Science & Engineering,5,4.03,,70,13.5,20.5,36,9,6.5,Yes,Online Courses,0,76,Pass,Very Good
S23CSE043,Mahima Kundu,21,Female,Computer Science & Engineering,6,1.5,60.4,57.5,12,16.5,29,4,5.5,Yes,Both,1,51,Pass,Average
S23CSE044,Simran Ghosh,21,Female,Computer Science & Engineering,5,1.5,59,53.3,,21.5,30,7,6.5,Yes,Textbooks,0,58,Pass,Average
S23CSE045,Simran Patel,20,Female,Computer Science & Engineering,5,1.5,79,43.1,11.5,14.5,28,9,5.5,yes,Textbooks,3,41,Pass,Needs Improvement
S23CSE046,Nikita Banerjee,21,Female,Computer Science & Engineering,5,2,68,80.1,13.5,21.5,30,3,6.5,Yes,Both,0,64,Pass,Good
S23CSE047,Poulami Mehta,21,Female,Computer Science & Engineering,6,1.5,76.8,32,9,11.5,18,3,7,Yes,,3,13,Fail,Needs Improvement
S23CSE048,Rajesh Patel,21,Male,Computer Science & Engineering,5,2.25,93.3,71.2,14,21.5,36,7,6,Yes,,1,71,Pass,Good
S23CSE049,Prasenjit Basu,21,Male,Computer Science & Engineering,6,4,79.7,62.5,10.5,21.5,32,3,,Yes,Both,0,58,Pass,Average
S23CSE050,Gaurav Reddy,22,Male,Computer Science & Engineering,6,2.64,67.1,69,12,23,33,5,5.5,Yes,Both,1,61,Pass,Good
S23CSE051,Abhishek Jain,21,Male,Computer Science & Engineering,5,2,68.7,71,17.5,25.5,33,6,7.5,Yes,Notes Only,0,77,Pass,Very Good
S23CSE052,Deepak Chatterjee,22,Male,Computer Science & Engineering,5,1.5,49.6,56.2,8.5,16,31,5,6,Y,Notes Only,0,41,Pass,Needs Improvement
S23CSE053,Poulami Singh,21,FEMALE,Computer Science & Engineering,5,2,83,54,14,23.5,41,7,5.5,Yes,Both,1,59,Pass,Average
S23CSE054,Nisha Sen,22,Female,Computer Science & Engineering,5,5,64.9,63.6,14.5,17.5,36,8,6.5,Yes,Both,0,55,Pass,Average
S23CSE055,Nisha Kundu,21,Female,Computer Science & Engineering,5,1.5,61.8,52,9,13.5,31,6,6.5,No,Textbooks,0,48,Pass,Needs Improvement
S23CSE056,Neha Yadav,20,Female,Computer Science & Engineering,6,3,90.2,49.7,12,16.5,28,7,7.5,Yes,Notes Only,2,44,Pass,Needs Improvement
S23CSE057,Ankit Nandi,22,Male,Computer Science & Engineering,5,3,78.1,58.1,10.5,23.5,36,7,9,Yes,Online Courses,0,61,Pass,Good
S23CSE058,Tanya Sharma,20,Female,Computer Science & Engineering,5,4.5,67.8,73,15.5,19.5,30,8,6,Yes,Online Courses,0,78,Pass,Very Good
S23CSE059,Mohit Jain,22,Male,Computer Science & Engineering,5,1.5,70.3,55,12.5,15,31,7,5.5,Yes,Textbooks,1,53,Pass,Average
S23CSE060,Priya Agarwal,20,Female,Comp Sci & Engg,5,2,76.8,66.1,10,23,36,3,5.5,Yes,Both,1,69,Pass,Good
S23CSE061,Ari Halder,22,Other,Computer Science & Engineering,5,2.05,82,66,12,18.5,33,7,3.5,Yes,Textbooks,1,62,Pass,Good
S23CSE062,Shivam Chatterjee,21,Male,Computer Science & Engineering,5,2,83.3,59.4,15,21,40,7,7.5,No,Both,0,62,Pass,Good
S23CSE063,Lakshya Kumar,20,Male,Computer Science & Engineering,6,3.5,,69.2,14.5,26.5,41,6,8,Yes,Online Courses,0,66,Pass,Good
S23CSE064,Tanya Datta,22,female,Computer Science & Engineering,5,2.5,90.3,75,15.5,21,36,7,7,Yes,Both,0,68,Pass,Good
S23CSE065,Tanushree Pal,21,Female,Computer Science & Engineering,5,,63.5,42,9.5,18.5,34,6,5.5,Yes,Both,2,39,Fail,Needs Improvement
S23CSE066,Ankit Bose,20,Male,Computer Science & Engineering,5,3.26,83.8,69,14,23,40,7,6,Yes,Textbooks,1,74,Pass,Good
S23CSE067,Anirban Sharma,20,Male,Computer Science & Engineering,5,1.5,,67,9,18,31,5,9.5,Yes,Online Courses,0,46,Pass,Needs Improvement
S23CSE068,Mansi Ghosh,20,Female,Computer Science & Engineering,5,4,87,77,15,23,42,7,7,Yes,Both,0,72,Pass,Good
S23CSE069,Biswajit Pal,22,Male,CSE,5,3.5,95.7,84.9,17.5,26.5,40,8,6.5,Yes,Both,0,85,Pass,Very Good
S23CSE070,Jayesh Chatterjee,20,Male,Computer Science & Engineering,6,5.24,,75,15,,43,7,6,Yes,Textbooks,1,75,Pass,Very Good
S23CSE071,Karan Jha,20,male,Computer Science & Engineering,5,3,70.7,65,13,21.5,32,3,7.5,Yes,Online Courses,0,57,Pass,Average
S23CSE072,Naveen Thakur,22,Male,Computer Science & Engineering,5,3.62,,67,15,21.5,33,6,4.5,Yes,Textbooks,0,67,Pass,Good
S23CSE073,Rahul Datta,21,Male,Computer Science & Engineering,6,1.5,65.3,44,9.5,16,27,5,6,Yes,Both,2,43,Pass,Needs Improvement
S23CSE074,Nikita Kumar,20,Female,Computer Science & Engineering,5,1.5,40.5,69.7,12,25,28,,8,yes,,1,66,Pass,Good
S23CSE075,Pratik Shah,20,M,Computer Science & Engineering,5,1.5,77.1,69.7,15,17.5,43,5,8,Yes,Both,0,69,Pass,Good
S23CSE076,Naveen Datta,21,Male,Computer Science & Engineering,5,1.5,79.8,45,11,12,27,9,6,Yes,Both,2,37,Fail,Needs Improvement
S23CSE077,Shivam Mondal,22,Male,Computer Science & Engineering,5,2.5,80,67,16.5,22,45,9,6.5,Yes,Textbooks,0,71,Pass,Good
S23CSE078,Sandip Das,20,Male,Computer Science & Engineering,6,1.5,,58.3,11,22,37,4,7,YES,Both,0,48,Pass,Needs Improvement
S23CSE079,Imran Patel,20,Male,Computer Science & Engineering,5,6.27,81.5,87,17,30,47,7,5,No,Both,0,99,Pass,Excellent
S23CSE080,SAURABH MUKHERJEE,22,Male,Computer Science & Engineering,5,2.5,82,58.7,14.5,19.5,34,7,6.5,Yes,Notes Only,0,74,Pass,Good
S23CSE081,Piyush Kundu,20,Male,Computer Science & Engineering,5,3,87.8,72,15.5,21,39,5,,Yes,Online Courses,0,67,Pass,Good
S23CSE082,Ayush Mehta,20,Male,Computer Science & Engineering,5,3,90.7,61.8,14.5,22,36,6,5.5,Yes,Textbooks,0,69,Pass,Good
S23CSE083,Manish Ansari,21,Male,Computer Science & Engineering,5,2.5,60.8,55.4,12.5,21.5,31,4,7,Yes,Both,0,54,Pass,Average
S23CSE084,Shivam Dey,22,Male,Computer Science & Engineering,5,2,70,56,11,15.5,24,3,6,Yes,Both,2,48,Pass,Needs Improvement
S23CSE085,Khushi Laha,21,Female,Computer Science & Engineering,6,4,88.2,74,14.5,22.5,39,,8.5,Yes,Online Courses,0,78,Pass,Very Good
S23CSE086,Sumit Kundu,21,Male,Computer Science & Engineering,6,2,73,46.8,8,15,27,3,5,Yes,Notes Only,-1,25,Fail,Needs Improvement
S23CSE087,Ashish Malhotra,21,Male,Computer Science & Engineering,6,4.71,80.7,85.8,13.5,25,38,10,9,Yes,Textbooks,0,80,Pass,Very Good
S23CSE088,Jayesh Basu,21,Male,Computer Science & Engineering,5,1.86,75.1,64,11.5,17.5,35,6,6,Yes,Textbooks,0,56,Pass,Average
S23CSE089,Prasenjit Banerjee,20,Male,CSE,5,5.02,93.9,68,16.5,26.5,36,7,6.5,YES,Online Courses,0,91,Pass,Excellent
S23CSE090,Garima Banerjee,22,Female,CSE,6,4,91.8,65,14.5,,40,7,,Yes,Both,0,59,Pass,Average
S23CSE091,kavya malhotra,21,Female,Computer Science & Engineering,5,3,81.6,66,14,22.5,29,7,6.5,Yes,Both,0,56,Pass,Average
S23CSE092,Ankit Thakur,21,Male,Computer Science & Engineering,5,2,91.7,68,15,23,36,6,6,No,Online Courses,0,76,Pass,Very Good
S23CSE093,Utsav Paul,21,Male,Computer Science & Engineering,6,2,78.7,50,10,19,29,7,6,Yes,Textbooks,2,46,Pass,Needs Improvement
S23CSE094,Swati Mehta,20,Female,Computer Science & Engineering,5,2,83.6,43,10,14,27,8,4.5,Yes,both,3,46,Pass,Needs Improvement
S23CSE095,Pooja Sinha,20,Female,Computer Science & Engineering,5,2.2,71.6,62,10.5,16,32,7,6.5,Yes,Both,0,44,Pass,Needs Improvement
S23CSE096,Srijita Chatterjee,21,Female,Computer Science & Engineering,6,2.13,58,59,12,15,33,5,7,Yes,Both,0,56,Pass,Average
S23CSE097,Deepak Nair,22,Male,Computer Science & Engineering,6,1,77.4,47.3,7,12.5,32,4,6.5,Yes,Both,1,39,Fail,Needs Improvement
S23CSE098,Soham Kundu,20,Male,Computer Science & Engineering,5,2,70.8,62.1,10.5,17.5,28,5,6,Yes,Notes Only,0,53,Pass,Average
S23CSE099,Tanmay Mehta,21,Male,Computer Science & Engineering,6,3,80.7,68,14,22,30,6,8.5,Yes,Textbooks,1,64,Pass,Good
S23CSE100,Ayush Roy,20,Male,Computer Science & Engineering,6,2.68,82.9,66,16,19.5,31,6,5,Yes,Both,0,70,Pass,Good
S23CSE101,Meghna Bhattacharya,20,Female,Computer Science & Engineering,5,2,76.7,63,11,16.5,36,10,7.5,Yes,Online Courses,0,62,Pass,Good
S23CSE102,Aditya Bose,21,Male,Computer Science & Engineering,6,9.5,100,85,18,27,41,9,7.5,Yes,Online Courses,0,99,Pass,Excellent
S23CSE103,Urvashi Mishra,20,Female,Computer Science & Engineering,6,8.9,100,84.4,20,22,46,10,8.5,Yes,Both,0,86,Pass,Very Good
S23CSE104,Karan Biswas,21,Male,Computer Science & Engineering,5,1.5,81.4,33,10,9.5,27,5,5.5,Yes,Online Courses,2,25,Fail,Needs Improvement
S23CSE105,Vikram Purkayastha,21,Male,Computer Science & Engineering,6,3.85,,67,16,30,39,5,7,Yes,Online Courses,0,64,Pass,Good
S23CSE106,Nikhil Kundu,20,Male,Computer Science & Engineering,6,4.5,74.2,53,10,12,24,7,6.5,Yes,Both,1,45,Pass,Needs Improvement
S23CSE107,Tanushree Malhotra,21,Female,Computer Science & Engineering,6,1.5,80.4,42.1,10.5,6.5,31,4,7.5,Yes,Online,0,41,Pass,Needs Improvement
S23CSE107,Tanushree Malhotra,21,Female,Computer Science & Engineering,6,1.5,80.4,42.1,10.5,6.5,31,4,7.5,Yes,Online,0,41,Pass,Needs Improvement
S23CSE108,Dev Saha,21,Male,CSE,5,4,87.8,67,13.5,24.5,33,5,7.5,No,Both,1,65,Pass,Good
S23CSE109,Dev Majumdar,21,Male,Computer Science & Engineering,6,3,95.5,73.4,17.5,21,31,7,6,Yes,Both,0,78,Pass,Very Good
S23CSE110,Lakshya Verma,20,Male,Computer Science & Engineering,5,5.5,81.8,72,16.5,20.5,36,7,7.5,Yes,,0,86,Pass,Very Good
S23CSE111,Anushka Majumdar,20,Female,cse,5,,76.3,58,13,18,40,4,7,Yes,Textbooks,0,69,Pass,Good
S23CSE112,Ashish Purkayastha,22,Male,Computer Science & Engineering,6,2.11,64.9,50,9,16.5,27,5,8,Yes,Textbooks,0,41,Pass,Needs Improvement
S23CSE113,Tanushree Halder,21,Female,Computer Science & Engineering,5,4,58.9,52,11.5,15,29,6,6,Yes,both,0,46,Pass,Needs Improvement
S23CSE114,Sudipta Biswas,20,Female,Computer Science & Engineering,5,2.5,77,74,11.5,15,30,4,7,Yes,Textbooks,0,68,Pass,Good
S23CSE115,Hina Verma,21,Female,Computer Science & Engineering,5,2.6,71.6,69.9,14.5,19.5,41,4,6,Yes,Both,0,72,Pass,Good
S23CSE116,Sasha Laha,20,Other,Computer Science & Engineering,5,3,77.1,51.5,11.5,13,32,5,4.5,Yes,Textbooks,1,47,Pass,Needs Improvement
S23CSE117,Neha Chakraborty,20,Female,Computer Science & Engineering,5,1.94,57.2,59.9,9,19,36,7,8,Yes,Textbooks,0,49,Pass,Needs Improvement
S23CSE118,Palak Chatterjee,21,Female,Computer Science & Engineering,5,4,91,72.6,18,27.5,37,10,7,Yes,Online Courses,0,92,Pass,Excellent
S23CSE119,Kavya Kapoor,20,Female,Computer Science & Engineering,5,2.5 hrs,59,54,9,11.5,23,,5,Yes,,0,47,Pass,Needs Improvement
S23CSE120,Shivam Ghosh,21,Male,Computer Science & Engineering,5,2.83,70.3,60.2,14,19.5,27,5,,Yes,Both,1,57,Pass,Average
S23CSE121,Priya Yadav,20,Female,Computer Science & Engineering,6,2.57,79.4,72.8,13.5,20,35,7,8.5,Yes,Textbooks,0,64,Pass,Good
S23CSE122,Simran Bhattacharya,20,Female ,Computer Science & Engineering,5,2,90.5,,12.5,19.5,30,5,7.5,Yes,Online Courses,1,63,Pass,Good
S23CSE123,Sayani Sarkar,21,Female,Computer Science & Engineering,6,3.5,79.3,64,13.5,18,33,6,6,Yes,online courses,0,47,Pass,Needs Improvement
S23CSE124,Sohini Majumdar,22,Female,Computer Science & Engineering,6,3,89.1,60.9,16.5,17.5,38,10,5,Yes,Online Courses,1,70,Pass,Good
S23CSE125,Akash Das,21,Male,Computer Science & Engineering,5,5,97.7,68.2,20,24,35,7,8,Yes,Online Courses,0,76,Pass,Very Good
S23CSE126,Ritwik Banerjee,20,Male,Computer Science & Engineering,5,3.5,83.7,72.5,15,22,38,5,7,Yes,Online Courses,0,71,Pass,Good
S23CSE127,Divya Sharma,22,Female,Computer Science & Engineering,6,2,67.5,62,15,21,38,7,7.5,Yes,Textbooks,0,54,Pass,Average
S23CSE128,Vikram Datta,21,Male,Computer Science & Engineering,6,1.5,74.3,49.1,12.5,16.5,28,5,7.5,Yes,both,2,38,Fail,Needs Improvement
S23CSE129,Karan Mondal,20,Male,Computer Science & Engineering,5,2.5,80.3,48.8,13.5,13.5,37,5,6,Yes,Notes Only,1,54,Pass,Average
S23CSE130,Prasenjit Malhotra,20,MALE,Computer Science & Engineering,5,1,45,45,7.5,14,21,3,4,Yes,Online Courses,1,30,Fail,Needs Improvement
S23CSE131,Lakshya Chakraborty,21,MALE,Computer Science & Engineering,6,4,79,65.1,13,16,33,6,6.5,Yes,notes only,0,66,Pass,Good
S23CSE132,Pratik Sharma,21,Male,Computer Science & Engineering,5,2,74.3,55,10.5,17,24,7,4.5,Yes,Textbooks,0,62,Pass,Good
S23CSE133,Sayan Mukherjee,21,Male,Comp Sci & Engg,6,8.83,76.9,86.9,15.5,25.5,41,10,6,Y,Textbooks,0,76,Pass,Very Good
S23CSE134,Nitin Mishra,21,Male,Computer Science & Engineering,5,1.19,70.6,79,13,18.5,43,8,7,Yes,Both,0,67,Pass,Good
S23CSE135,Yash Banerjee,22,Male,Computer Science & Engineering,5,3.6,58.9,65,17,16.5,28,8,5.5,Yes,Textbooks,1,50,Pass,Average
S23CSE136,sumit dey,20,Male,Comp Sci & Engg,6,3.45,68.6,68,14,18,37,8,7.5,Yes,Textbooks,0,71,Pass,Good
S23CSE137,Suraj Sinha,22,Male,Computer Science & Engineering,6,2,83.4,70,16,21,40,5,6,Yes,,0,71,Pass,Good
S23CSE138,Rakesh Mukherjee,21,Male,Computer Science & Engineering,6,2.5,81.8,81,16,26,46,7,6.5,No,Textbooks,0,87,Pass,Very Good
S23CSE139,Vivek Patel,21,Male ,Computer Science & Engineering,5,0.78,60.9,52.2,6,10.5,28,5,6,YES,Both,0,40,Pass,Needs Improvement
S23CSE140,Md Faisal Sharma,20,MALE,Computer Science & Engineering,5,3.5,78.3,64,13,15.5,29,6,7.5,Yes,Both,0,66,Pass,Good
S23CSE141,Chandni Bhattacharya,22,Female,Computer Science & Engineering,6,2.23,88.4,42.8,11.5,14.5,32,4,4.5,Yes,Textbooks,0,39,Fail,Needs Improvement
S23CSE142,Garima Reddy,20,Female,Computer Science & Engineering,6,5.42,84.3,68,13.5,24.5,36,8,8,Yes,Online Courses,0,78,Pass,Very Good
S23CSE143,Moumita Basu,21,Female,Computer Science & Engineering,5,2,83.3,81.2,12.5,18.5,38,7,5.5,No,Textbooks,0,74,Pass,Good
S23CSE144,Vishal Dey,20,Male,Computer Science & Engineering,5,3.5,87.3,52,13.5,15,32,5,7.5,Yes,Textbooks,0,55,Pass,Average
S23CSE145,Bhavna Chakraborty,22,F,Computer Science & Engineering,5,2,71.6,60,13,14,32,7,7.5,No,Textbooks,0,53,Pass,Average
S23CSE146,Kavya Singh,20,Female,Computer Science & Engineering,5,1.62,75.6,55,11,23.5,35,4,8,Yes,Both,1,66,Pass,Good
S23CSE147,Dev Sen,20,Male,Computer Science & Engineering,6,3,82.1,67,15.5,20.5,38,9,7.5,Yes,Online Courses,0,78,Pass,Very Good
S23CSE148,Aarav Dey,20,Male,cse,6,3,86.8,67,18,,39,5,,Yes,Online Courses,0,64,Pass,Good
S23CSE149,Sanjana Nair,22,Female,Computer Science & Engineering,6,2.5,70.5,37.6,11,11,29,5,8.5,Yes,Notes Only,0,24,Fail,Needs Improvement
S23CSE150,Bhavna Malhotra,20,Female,Computer Science & Engineering,6,3,79.3,54,10,16,28,5,8.5,Yes,Textbooks,0,47,Pass,Needs Improvement
S23CSE151,Suraj Jain,21,Male,Computer Science & Engineering,5,2,89.5,51,16.5,20.5,34,7,7.5,Yes,Notes Only,0,52,Pass,Average
S23CSE152,Utsav Majumdar,20,Male,Computer Science & Engineering,5,6,85.3,50,14.5,24,35,6,6,Yes,online courses,1,65,Pass,Good
S23CSE153,Kiran Dey,21,Other,Computer Science & Engineering,6,2,67.7,71,13.5,11.5,34,9,5.5,Yes,Textbooks,0,68,Pass,Good
S23CSE154,Sudipta Singh,22,Female,Computer Science & Engineering,5,4,90.4,58.7,11.5,15,30,6,7,No,Both,1,59,Pass,Average
S23CSE155,Sagar Thakur,20,Male,Computer Science & Engineering,6,2,68.2,73.4,15,20.5,31,7,6,yes,Textbooks,0,73,Pass,Good
S23CSE156,sumit saha,20,Male,Computer Science,5,1,70.3,49.4,9,10,32,1,7,,Textbooks,2,37,Fail,Needs Improvement
S23CSE157,Payal Saha,21,Female,Computer Science & Engineering,5,3,71.2,74,14,20,48,7,6,Yes,Textbooks,1,79,Pass,Very Good
S23CSE158,Pooja Pal,21,Female,Computer Science & Engineering,5,3,75.3,63,12.5,20.5,28,7,5.5,Yes,Online Courses,0,56,Pass,Average
S23CSE159,Swati Mishra,20,Female,Computer Science & Engineering,6,2.5,80.7,84,18,22,38,6,6,Yes,Notes Only,0,91,Pass,Excellent
S23CSE160,Isha Sinha,20,Female,Computer Science & Engineering,5,1.5,60.8,56,9,13.5,27,7,8.5,Yes,Both,0,55,Pass,Average
S23CSE161,Mansi Dutta,20,Female,Computer Science & Engineering,5,2,83.9,60.9,15.5,23,36,8,8.5,Yes,Both,0,76,Pass,Very Good
S23CSE162,Harsh Mondal,20,Male,Computer Science & Engineering,5,2,63.6,67.8,13,16.5,34,5,6,No,Online Courses,0,54,Pass,Average
S23CSE163,Rakesh Gupta,21,Male,Computer Science & Engineering,6,4,73.9,58,11,20.5,33,5,7.5,Yes,Online Courses,0,59,Pass,Average
S23CSE164,Mahima Jha,21,Female,CSE,5,2,73.9,53.4,14.5,18,38,9,7.5,Yes,Both,0,55,Pass,Average
S23CSE165,Moumita Paul,21,Female,Computer Science & Engineering,5,4.14,77.9,64,14,22.5,42,4,6,Yes,Both,0,65,Pass,Good
S23CSE166,Neha Gupta,20,Female,Computer Science & Engineering,6,1.84,74.9,68,15.5,21.5,35,5,7,Yes,Both,0,58,Pass,Average
S23CSE167,Nisha Khan,20,Female,Computer Science & Engineering,5,0.94,57.2,64,8.5,12.5,23,4,7,Yes,Notes Only,0,42,Pass,Needs Improvement
S23CSE168,Sohini Sharma,22,Female,Computer Science & Engineering,5,2,73.6,50,11.5,11.5,26,6,8.5,Yes,Both,0,55,Pass,Average
S23CSE169,Sohini Pandey,22,Female,Computer Science & Engineering,6,4,84.1,78,17,24,42,8,6,Yes,Notes Only,0,83,Pass,Very Good
S23CSE170,Ayush Jain,22,Male,Computer Science & Engineering,6,3.4,88,52,13,25,41,7,7,Yes,Notes Only,0,60,Pass,Good
S23CSE171,Ritwik Saha,21,Male,Computer Science & Engineering,5,3,,78,11.5,21.5,39,6,7,Yes,,0,78,Pass,Very Good
S23CSE172,Anushka Dutta,20,Female,Computer Science & Engineering,6,2.5,71.7,52.1,12.5,13,25,5,7,Yes,Online Courses,2,45,Pass,Needs Improvement
S23CSE173,Saurabh Paul,22,Male,Computer Science & Engineering,6,6,,93.9,19.5,,46,,7,Yes,Online Courses,0,100,Pass,Excellent
S23CSE174,Akash Biswas,21,Male,Computer Science & Engineering,5,5,73.4,67.4,15.5,20.5,32,9,,No,Textbooks,0,69,Pass,Good
S23CSE175,Palak Ansari,22,Female,Computer Science & Engineering,5,1.56,64.9,40,7.5,16,24,3,6.5,Yes,textbooks,3,23,Fail,Needs Improvement
S23CSE176,Biswajit Malhotra,21,Male,Computer Science & Engineering,5,3,80.3,66,10.5,21.5,25,8,6,Yes,Both,0,63,Pass,Good
S23CSE177,Rituparna Datta,22,Female,Computer Science & Engineering,5,2,63.5,49.8,10,18.5,24,3,6,Yes,Online Courses,0,57,Pass,Average
S23CSE178,Sandip Saha,20,Male,Computer Science & Engineering,6,2.59,60.7,74.5,14.5,20.5,34,5,5,Yes,Online Courses,0,61,Pass,Good
S23CSE178,Sandip Saha,20,Male,Computer Science & Engineering,6,2.59,60.7,74.5,14.5,20.5,34,5,5,Yes,Online Courses,0,61,Pass,Good
S23CSE179,Utsav Datta,22,Male,Computer Science & Engineering,5,3.71,72.8,59,11,16,37,7,6,yes,Both,1,57,Pass,Average
S23CSE180,Harsh Nandi,20,Male,Computer Science & Engineering,6,1.5,65.6,56,11,16,32,2,6,Yes,Textbooks,0,46,Pass,Needs Improvement
S23CSE181,Harsh Datta ,20,Male,Computer Science & Engineering,6,3.5,90,69,17.5,29,36,9,6,Yes,Online Courses,0,76,Pass,Very Good
S23CSE181,Harsh Datta ,20,Male,Computer Science & Engineering,6,3.5,90,69,17.5,29,36,9,6,Yes,Online Courses,0,76,Pass,Very Good
S23CSE182,Shivam Nandi,20,Male,Computer Science & Engineering,5,3,81.6,78.9,17.5,21.5,45,6,8.5,Yes,Both,0,92,Pass,Excellent
S23CSE183,Rahul Sinha,21,Male,Computer Science & Engineering,6,2,72.4,63.7,13.5,18,36,5,8,Yes,Both,0,54,Pass,Average
S23CSE184,Vikram Reddy,20,Male,Computer Science & Engineering,5,,64,66,14.5,19,35,5,5.5,Yes,Notes Only,0,56,Pass,Average
S23CSE185,Zoya Agarwal,22,Female,Computer Science & Engineering,6,1.84,98.6,84.7,15.5,26.5,38,7,4.5,yes,Online Courses,0,90,Pass,Excellent
S23CSE186,Piyush Pal,21,Male,Computer Science & Engineering,5,,94,56,14,16.5,37,5,8,Yes,Notes Only,0,50,Pass,Average
S23CSE187,Jyoti Basu,20,Female,Computer Science & Engineering,6,1.5,61.6,79.9,15.5,22,34,6,6,Yes,Textbooks,0,62,Pass,Good
S23CSE188,Vivek Ghosh,20,Male,Computer Science & Engineering,5,6.17,80.3,76,16,22.5,39,6,6,Yes,Textbooks,0,74,Pass,Good
S23CSE189,Rashmi Kapoor,20,Female,Computer Science & Engineering,6,,84.1,58.4,11.5,20.5,34,6,7.5,Yes,Online Courses,0,57,Pass,Average
S23CSE190,Sakshi Chatterjee,21,Female,Computer Science & Engineering,6,8,92.8,80,16,20.5,34,5,7,No,Online Courses,0,85,Pass,Very Good
S23CSE191,Mohit Ghosh,20,Male,Computer Science & Engineering,5,1.5,73.9,62,12,21,40,7,7,Yes,Notes Only,0,67,Pass,Good
S23CSE192,Aarushi Sarkar,21,Female,Computer Science & Engineering,5,5,79.6,70,16,22,36,5,6.5,Yes,Both,0,71,Pass,Good
S23CSE193,Zoya Singh,21,Female,Computer Science & Engineering,6,3,74.5,74.3,18,26,37,7,5.5,Yes,Both,0,88,Pass,Very Good
S23CSE194,Ayush Nair,22,Male,Computer Science & Engineering,5,3.06,81.6,68,14.5,19,41,7,5.5,Yes,Both,0,66,Pass,Good
S23CSE195,Amit Paul,21,Male,Computer Science & Engineering,5,4,80.9,73,13.5,24.5,40,8,7,Y,Both,0,79,Pass,Very Good
S23CSE196,Prasenjit Purkayastha,20,Male,Computer Science & Engineering,5,1.5,74.6,46,11,18.5,37,7,6,Yes,Both,0,46,Pass,Needs Improvement
S23CSE197,Payal Rao,22,Female,C.S.E,5,2.5,61.7,69,11.5,23.5,35,5,6,Yes,Notes Only,0,62,Pass,Good
S23CSE198,Aditya Kundu,20,Male,Computer Science & Engineering,5,1.5,68.8,61.4,12,12,21,4,6,Yes,Both,0,42,Pass,Needs Improvement
S23CSE199,Shivam Tiwari,21,male,Computer Science & Engineering,6,3.92,85.7,77,13.5,23,43,5,5.5,Yes,Textbooks,1,81,Pass,Very Good
S23CSE200,Abhishek Malhotra,20,Male,Computer Science & Engineering,5,3.5,88.2,61.3,14.5,18.5,42,5,6,yes,Online Courses,0,66,Pass,Good
S23CSE201,Mohit Reddy,21,Male,Computer Science & Engineering,5,2,60.3,72.1,14.5,26.5,32,7,7.5,Yes,Both,0,79,Pass,Very Good
S23CSE202,Chandni Chakraborty,20,Female,Computer Science & Engineering,6,3,73,55,12.5,19.5,34,4,7.5,Yes,Notes Only,0,62,Pass,Good
S23CSE203,Joydeep Das,21,Male,Computer Science & Engineering,6,1.5,90.6,72.3,8.5,19.5,35,6,7,Yes,Both,1,67,Pass,Good
S23CSE204,Nitin Sinha,20,Male,Computer Science & Engineering,5,2.5,,65,11.5,17,32,5,7,Yes,Online Courses,1,55,Pass,Average
S23CSE205,Vikram Thakur,21,Male ,Comp Sci & Engg,5,4,68.9,53.9,12,20.5,23,7,7,No,Both,0,63,Pass,Good
S23CSE206,Shivam Reddy,20,Male,Computer Science & Engineering,5,3.5,79.8,46.2,16,16.5,33,8,9.5,Yes,Online Courses,1,61,Pass,Good
S23CSE207,Aarav Thakur,21,Male,cse,5,1,58.1,54.5,10,15.5,32,4,6,Yes,Textbooks,0,41,Pass,Needs Improvement
S23CSE208,Utsav Agarwal,20,Male,Computer Science & Engineering,5,2.5,66.4,52.4,6.5,11,28,4,7,Yes,Both,2,38,Fail,Needs Improvement
S23CSE209,Biswajit Chakraborty,21,Male,Computer Science & Engineering,6,5.81,83.5,80,16.5,28.5,33,5,8,Yes,Online Courses,0,93,Pass,Excellent
S23CSE210,Sourav Mehta,20,Male,Computer Science & Engineering,5,1.55,81.9,71,11,23,36,1,8,Yes,,0,56,Pass,Average
S23CSE211,Ayush Sen,21,Male,Computer Science & Engineering,5,3,85.9,59.7,13,17,27,7,6.5,Yes,Both,1,65,Pass,Good
S23CSE212,Hina Jain,20,FEMALE,Computer Science & Engineering,5,2.5,89.5,56.9,10.5,21,43,4,6,Yes,Notes Only,0,66,Pass,Good
S23CSE213,Ayush Malhotra,22,Male,Computer Science & Engineering,6,1.68,83.9,59,11.5,17.5,34,6,6,Yes,Both,1,51,Pass,Average
S23CSE213,Ayush Malhotra,22,Male,Computer Science & Engineering,6,1.68,83.9,59,11.5,17.5,34,6,6,Yes,Both,1,51,Pass,Average
S23CSE214,Nitin Tiwari,21,Male,Computer Science & Engineering,6,7.5,,71.1,16.5,22.5,44,6,6,Yes,Both,0,82,Pass,Very Good
S23CSE215,Ayush Saha,22,Male,Computer Science & Engineering,6,6.5,94,75.9,17,24,40,10,,Yes,Notes Only,0,86,Pass,Very Good
S23CSE216,Prasenjit Thakur,21,Male,Computer Science & Engineering,5,4.31,84,72,17.5,22,31,8,6,Yes,Textbooks,0,84,Pass,Very Good
S23CSE217,Shivam Pandey,21,Male,Computer Science & Engineering,5,2,54.5,66,12.5,16.5,38,5,6,No,Online Courses,0,51,Pass,Average
S23CSE218,Isha Saha,21,Female,Computer Science & Engineering,5,1.36,67,44.6,9,10.5,24,5,7,Yes,Both,1,29,Fail,Needs Improvement
S23CSE219,Ritika Yadav,21,Female,Computer Science & Engineering,5,3.01,81.3,52.8,12.5,18.5,37,5,7,Yes,Both,0,61,Pass,Good
S23CSE220,Aarushi Basu,20,Female,Computer Science & Engineering,5,,78.6,55,14,25.5,35,7,7,Yes,Textbooks,0,68,Pass,Good
S23CSE221,Ritwik Bhattacharya ,20,Male,Computer Science & Engineering,5,2.5,86.2,68,14,22.5,35,6,8.5,Yes,Both,0,63,Pass,Good
S23CSE222,Suraj Halder,20,Male,Computer Science & Engineering,5,3,66.3,,17.5,24.5,39,6,6.5,Yes,Both,0,94,Pass,Excellent
S23CSE223,Karan Thakur,21,Male,Computer Science & Engineering,5,2,70.3,47,8.5,11,25,3,7,Yes,Textbooks,3,34,Fail,Needs Improvement
S23CSE224,Lakshya Verma,21,Male,Computer Science & Engineering,5,6,96.4,76,19.5,26,44,10,5,Yes,Textbooks,0,100,Pass,Excellent
S23CSE225,Anirban Dey,20,Male,Computer Science & Engineering,5,2.5,74.9,60.2,14,19.5,33,8,5.5,Yes,Online Courses,0,62,Pass,Good
S23CSE226,Joydeep Sen,21,Male,Computer Science & Engineering,5,1,64.1,46,11,14.5,26,6,7.5,Yes,Online Courses,0,47,Pass,Needs Improvement
S23CSE227,Trisha Paul,21,Female,Computer Science & Engineering,6,4.74,69.2,87,15,28,41,,6.5,Yes,Both,0,82,Pass,Very Good
S23CSE228,Rakesh Thakur,22,Male,Computer Science & Engineering,6,0.68,47.8,51,,13.5,24,6,7,Yes,Both,3,31,Fail,Needs Improvement
S23CSE229,Utsav Roy,20,Male,Computer Science & Engineering,6,2,75.2,72,13,23,35,6,7,Yes,Both,0,69,Pass,Good
S23CSE230,Vivek Jain,21,Male,Computer Science & Engineering,5,6.5,89.8,71.9,13.5,26.5,43,10,6,Yes,Textbooks,0,80,Pass,Very Good
S23CSE231,Priya Dey,20,Female,Computer Science & Engineering,5,5.5,65.5,61.2,10,22,41,6,6,Yes,Textbooks,0,65,Pass,Good
S23CSE231,Priya Dey,20,Female,Computer Science & Engineering,5,5.5,65.5,61.2,10,22,41,6,6,Yes,Textbooks,0,65,Pass,Good
S23CSE232,Trisha Khan,20,Female,Computer Science & Engineering,5,3.84,75,47,14,14,29,6,8,Yes,Textbooks,1,51,Pass,Average
S23CSE233,Saurabh Verma,20,male,Computer Science & Engineering,5,4.5,72.7,77,13,20.5,33,8,7,Yes,Textbooks,0,67,Pass,Good
S23ECE001,Kavya Pal,21,Female,Electronics & Communication,5,,79.3,63,11.5,13,37,5,8.5,Yes,Both,0,55,Pass,Average
S23ECE002,Tanmay Pal,21,Male,Electronics & Communication,5,4.5,94.4,81,17.5,30,42,8,6.5,Yes,Both,1,135,Pass,Excellent
S23ECE003,Biswajit Sen,21,Male,Electronics & Communication,5,2,86.8,61,15,23.5,25,6,6.5,Yes,Textbooks,0,68,Pass,Good
S23ECE004,Falguni Paul,20,Female,Electronics & Communication,5,1.21,45,51,10,11.5,17,4,6,No,Online Courses,4,21,Fail,Needs Improvement
S23ECE005,Mohit Basu,22,Male,Electronics & Communication,6,3,78.1,45,13,9.5,35,,6.5,No,Both,2,27,Fail,Needs Improvement
S23ECE006,Manish Mehta,21,Male,Electronics & Communication,6,2.79,82.2,77.1,15,19.5,40,7,8.5,Yes,Both,0,85,Pass,Very Good
S23ECE007,Nisha Paul,21,Female,Electronics & Communication,5,2.77,84.2,75,17.5,25.5,32,4,7,Yes,Online Courses,0,65,Pass,Good
S23ECE008,Om Purkayastha,22,Male,Electronics & Communication,6,9.5,,80.2,20,30,44,5,7.5,,Both,0,87,Pass,Very Good
S23ECE009,Pratik Paul,20,Male,Electronics & Communication,5,2.5,78.4,62,10.5,17.5,42,,6.5,Yes,Online Courses,0,63,Pass,Good
S23ECE010,Vivek Dutta,22,Male,Electronics & Communication,5,1,69,62,10.5,14.5,33,6,6.5,Yes,Online Courses,1,47,Pass,Needs Improvement
S23ECE011,Kartik Sharma,21,male,Electronics & Communication,5,4,83.4,63,15,21.5,33,7,7,Yes,Both,0,71,Pass,Good
S23ECE012,Sandip Das,21,Male,Electronics & Communication,5,3,69.9,77,16,22.5,44,,6.5,No,Both,0,86,Pass,Very Good
S23ECE013,Kunal Bose,20,Male,Electronics & Communication,5,2,87.4,54.3,17.5,21,34,6,6,Yes,Both,0,61,Pass,Good
S23ECE014,Ankit Shah,22,Male,Electronics & Communication,5,2.5,75.2,47.6,9.5,16,26,5,7,Yes,Notes Only,1,52,Pass,Average
S23ECE015,Kartik Malhotra,22,Male,Electronics & Communication,5,1.5,68,47.7,11.5,11.5,26,5,6.5,Yes,Notes Only,1,37,Fail,Needs Improvement
S23ECE016,Sohini Biswas,20,Female,Electronics & Communication,6,1.91,72.7,65,17,,36,5,7,Yes,Textbooks,0,54,Pass,Average
S23ECE017,Soham Laha ,22,Male,Electronics & Communication,6,3,82.9,53,9.5,10,35,5,7,Yes,Online Courses,2,41,Pass,Needs Improvement
S23ECE018,Abhishek Sarkar,21,Male,Electronics & Communication,5,2,67.8,72.7,15.5,23.5,29,8,,Yes,Both,0,71,Pass,Good
S23ECE019,Sayan Chakraborty,21,Male,Electronics & Communication,5,1.5,75.7,72,15,17,31,3,7,Yes,Textbooks,1,57,Pass,Average
S23ECE020,Neha Dey,21,Female,Electronics & Communication,6,2,83.7,56,9.5,18,34,5,8.5,Yes,Notes,0,34,Fail,Needs Improvement
S23ECE020,Neha Dey,21,Female,Electronics & Communication,6,2,83.7,56,9.5,18,34,5,8.5,Yes,Notes,0,34,Fail,Needs Improvement
S23ECE021,Lakshya Patel,20,Male,Electronics & Communication,5,4,90.7,,,25.5,44,9,8,Yes,Both,0,88,Pass,Very Good
S23ECE022,Harsh Sinha,21,Male,Electronics & Communication,5,8,99.9,72,17.5,28,48,8,6.5,Yes,Notes Only,0,78,Pass,Very Good
S23ECE023,Ishaan Banerjee,21,M,E&C,6,2,75.5,88,12,27,38,6,7,Yes,Text Books,1,68,Pass,Good
S23ECE024,Vivek Yadav,20,Male,Electronics & Communication,5,2,50.5,56,12,13.5,33,4,6,Yes,Both,1,39,Fail,Needs Improvement
S23ECE025,Lakshya Kumar,21,Male,Electronics & Communication,6,5.58,91.8,66.6,13.5,24,35,5,4,Yes,Both,0,66,Pass,Good
S23ECE026,Priya Roy,21,Female,Electronics & Communication,5,2,57.9,47,9.5,17,33,4,7,No,Both,0,32,Fail,Needs Improvement
S23ECE027,Tanushree Kapoor,21,Female,Electronics & Communication,6,4.5,83.90%,62.7,16,20,34,,5.5,Yes,Online Courses,0,68,Pass,Good
S23ECE028,Rakesh Patel,21,Male,Electronics & Communication,6,4.5,84.5,64,16,19.5,23,8,7,Yes,Textbooks,0,73,Pass,Good
S23ECE029,Dev Singh,21,Male,Electronics & Communication,5,2,101,53,11,14,29,7,6,Yes,Online Courses,1,52,Pass,Average
S23ECE030,Suraj Yadav,21,Male,Electronics & Communication,5,2,85.6,64,15,20,23,7,8.5,Yes,Notes Only,0,65,Pass,Good
S23ECE031,Dipankar Datta,20,Male,Electronics & Communication,5,3,89.6,86,16.5,22,40,6,7,Yes,Both,0,78,Pass,Very Good
S23ECE032,Ayush Sharma,20,Male,Electronics & Communication,5,1.5,82.9,55,13,12.5,29,6,9.5,Yes,Textbooks,1,36,Fail,Needs Improvement
S23ECE033,Esha Rao,22,Female,E&C,5,2.5,,56.9,9,13,32,3,,Yes,Textbooks,0,50,Pass,Average
S23ECE034,Imran Saha,22,Male,Electronics & Communication,6,3.5,89.6,69.4,15.5,25,40,6,6,Yes,Textbooks,1,66,Pass,Good
S23ECE035,Anirban Mondal,21,Male,Electronics & Communication,5,,65.1,61,11,18.5,33,8,5,Yes,Notes Only,1,,,
S23ECE036,Debjani Thakur,20,Female,Electronics & Communication,5,2.23,79.7,60.5,15,22,31,5,7.5,Yes,Both,0,76,Pass,Very Good
S23ECE037,Srijita Kumar,20,Female,Electronics & Communication,5,1.5,68.4,47,8,11,28,2,7.5,No,Both,4,23,Fail,Needs Improvement
S23ECE038,Sakshi Kapoor,20,Female,Electronics & Communication,5,1,66.1,60.2,13,22,33,,6.5,Yes,Online Courses,0,61,Pass,Good
S23ECE039,Arnab Laha,20,Male,ECE,6,5.5,83.9,78.5,15.5,20,34,10,5.5,Yes,Online Courses,0,80,Pass,Very Good
S23ECE040,Mohit Agarwal,22,Male,Electronics & Communication,5,,81.4,56,12.5,20.5,30,5,7.5,Yes,Online Courses,0,55,Pass,Average
S23ECE041,Rishabh Laha,21,Male,Electronics & Communication,5,3,80.9,70,14.5,23,30,8,6.5,Yes,Online Courses,0,80,Pass,Very Good
S23ECE042,Palak Dutta,22,Female,Electronics & Communication,5,3,76.4,75,11,16.5,34,9,7.5,Yes,Both,0,63,Pass,Good
S23ECE043,Om Reddy,20,M,Electronics & Communication,5,2,,67.2,9,18.5,29,4,5,Yes,Both,0,49,Pass,Needs Improvement
S23ECE044,Mansi Chatterjee,21,Female,Electronics & Communication,5,3,84.7,58.9,15.5,21.5,35,8,7,Yes,Both,0,71,Pass,Good
S23ECE045,Kartik Kundu,20,Male,Electronics & Communication,5,3,82.6,70,13.5,25.5,32,5,6.5,Yes,Online Courses,0,66,Pass,Good
S23ECE046,Hina Sharma,21,Female,Electronics & Communication,5,4,68,60,12,20,26,6,,Yes,Notes Only,1,55,Pass,Average
S23ECE047,Sandip Kumar,20,Male,Electronics & Communication,6,2,76.9,68,15.5,23,42,7,7.5,Yes,Both,0,67,Pass,Good
S23ECE048,Swati Tiwari,20,Female,Electronics & Communication,5,3,65,62.6,7.5,20,28,5,7.5,Yes,Both,0,64,Pass,Good
S23ECE049,Divya Sinha,20,Female,Electronics & Communication,6,3.5,94.3,72,14,23.5,37,6,6,Yes,Notes Only,0,71,Pass,Good
S23ECE050,Mahima Das,21,Female ,ece,5,6,94.7,77,16,25.5,36,8,6.5,Yes,Notes Only,0,74,Pass,Good
S23ECE051,Aarav Verma,20,Male,Electronics & Communication,6,3.35,89,64.2,14,23,28,7,6,Yes,Textbooks,1,46,Pass,Needs Improvement
S23ECE052,Sohini Sharma,20,Female,Electronics & Communication,5,2,76.6,76.2,14,28,39,5,7,Yes,Textbooks,0,74,Pass,Good
S23ECE053,Karan Kapoor,21,Male,Electronics & Communication,5,2.5,79.6,50,12,16,30,5,8,Yes,Online Courses,1,24,Fail,Needs Improvement
S23ECE054,Nisha Sen,21,Female,Electronics & Communication,5,2,68.9,36,11.5,16.5,25,7,,Yes,Online Courses,1,36,Fail,Needs Improvement
S23ECE055,Hina Sen,21,Female,Electronics & Communication,6,2,61.9,47,8.5,13,25,5,6,Yes,Notes Only,1,42,Pass,Needs Improvement
S23ECE056,Sagar Mukherjee,21,Male,Electronics & Communication,5,3,79.8,63.7,15,25.5,39,7,7.5,Yes,Textbooks,0,68,Pass,Good
S23ECE057,Vishal Shah,20,Male,Electronics & Communication,5,3.5,73.9,61.4,17.5,21.5,42,4,8,No,Textbooks,1,58,Pass,Average
S23ECE058,Akash Banerjee,20,Male,Electronics & Comm.,5,0,53.1,,3,7,22,3,6.5,Yes,Both,5,18,Fail,Needs Improvement
S23ECE059,Sayani Patel,21,Female,Electronics & Communication,5,7,100,56.8,16.5,22,37,10,7.5,Yes,Online Courses,1,52,Pass,Average
S23ECE060,Divya Mondal,20,Female,Electronics & Communication,5,2,85.4,66.2,14.5,25.5,30,6,,Yes,Both,0,59,Pass,Average
S23ECE061,Amit Banerjee,20,Male,Electronics & Communication,6,1.5,68.2,43.3,8,12,26,2,7,Yes,Both,0,32,Fail,Needs Improvement
S23ECE062,Gaurav Ansari,22,M,Electronics & Communication,5,1.37,60.4,39.8,7.5,11.5,24,5,8,Yes,Online Courses,2,26,Fail,Needs Improvement
S23ECE063,Shreya Sen,20,Female,Electronics & Communication,5,3.62,75.4,58,12.5,20.5,32,6,8.5,Yes,Notes Only,0,62,Pass,Good
S23ECE064,Debjani Ghosh,20,Female,Electronics & Communication,5,2,77,70,12,18.5,33,5,7,Yes,Textbooks,0,55,Pass,Average
S23ECE065,Trisha Jain,20,Female,Electronics & Communication,5,1.27,76.3,55,9.5,15.5,31,5,7.5,Yes,Both,1,41,Pass,Needs Improvement
S23ECE066,Zoya Basu,21,Female,ece,5,2.5,84.2,61,16.5,17,36,7,5.5,No,Textbooks,0,66,Pass,Good
S23ECE067,Srijita Jha,20,Female,Electronics & Comm.,6,3.57,88.1,65.1,16,25.5,37,2,8.5,Yes,Notes Only,1,64,Pass,Good
S23ECE068,Rashmi Jha,21,F,Electronics & Communication,6,6,90.7,77,14.5,17.5,46,6,8,Yes,Notes Only,0,70,Pass,Good
S23ECE069,Ashish Majumdar,20,Male,Electronics & Communication,5,1.63,75.5,60.3,14,18.5,29,5,8.5,Yes,Textbooks,0,62,Pass,Good
S23ECE070,Tanya Basu,20,Female,Electronics & Communication,5,1,79.3,69.9,13.5,18,43,9,5,Yes,Online Courses,0,63,Pass,Good
S23ECE071,Pooja Kumar,20,Female,Electronics & Communication,5,4,91.3,96,18,26,40,9,7.5,Yes,Both,0,85,Pass,Very Good
S23ECE072,Sayan Dey,21,Male,Electronics & Communication,6,2,66.2,60,14.5,22,30,5,6.5,Yes,Textbooks,0,60,Pass,Good
S23ECE073,Esha Agarwal,20,Female,Electronics & Communication,5,3.4,95.1,73,,28,41,7,5.5,Yes,Online Courses,0,78,Pass,Very Good
S23ECE074,Sudipta Majumdar,21,Female,Electronics & Communication,5,3.5,79.3,79.1,17.5,23.5,47,8,7,Yes,,0,85,Pass,Very Good
S23ECE075,Anushka Dutta,20,Female,Electronics & Communication,6,0.75,,43.8,8.5,9.5,22,5,6,Yes,Online Courses,2,43,Pass,Needs Improvement
S23ECE076,Sandip Nandi,20,Male,Electronics & Communication,5,4.5,96.6,70,18.5,25,44,7,8,Yes,Both,0,71,Pass,Good
S23ECE077,Khushi Sinha,20,Female,Electronics & Communication,5,,98.6,58.4,11,16.5,38,8,5,No,Online Courses,0,53,Pass,Average
S23ECE078,Sourav Malhotra,22,Male,Electronics & Communication,6,1.5,68.5,59.8,11,,35,5,6.5,Yes,Both ,0,48,Pass,Needs Improvement
S23ECE079,Ayush Jha,20,Male,Electronics & Communication,5,2,68,54,10.5,11.5,35,7,5.5,Yes,Both,0,36,Fail,Needs Improvement
S23ECE080,Saurabh Yadav,21,Male,Electronics & Communication,6,4.5,93.1,54,13.5,18.5,25,7,8.5,Yes,Textbooks,0,57,Pass,Average
S23ECE081,Dipankar Kumar,20,Male,Electronics & Communication,5,1.5,78,57,10,20.5,30,3,8,Yes,Textbooks,0,48,Pass,Needs Improvement
S23ECE082,Urvashi Majumdar,21,Female,Electronics & Communication,5,2.24,79,65.1,12.5,16,31,5,5,Yes,Both,1,56,Pass,Average
S23ECE083,Rajesh Saha,20,Male,Electronics & Communication,6,2,76.8,60,11,23,33,4,6.5,Yes,Notes Only,0,54,Pass,Average
S23ECE084,deepak sen,20,Male,Electronics & Communication,5,0.93,84.6,46.7,6.5,15,21,3,6.5,Yes,Both,2,47,Pass,Needs Improvement
S23ECE085,Sayani Dutta,21,Female,Electronics & Communication,5,3,73.7,62.4,12.5,19,42,6,5.5,Yes,Both,0,65,Pass,Good
S23ECE086,Kavya Patel,21,Female,Electronics & Communication,5,1.5,73.8,58,13,22,38,6,8.5,Yes,Online Courses,0,46,Pass,Needs Improvement
S23ECE087,  Sagar Ansari,20,Male,Electronics & Communication,6,1.5,68.9,52,9.5,11.5,37,5,5.5,Yes,Textbooks,0,45,Pass,Needs Improvement
S23ECE088,Rahul Shah,21,Male,Electronics & Communication,6,3,78.6,59,11.5,14.5,28,3,9,Yes,Both,0,55,Pass,Average
S23ECE089,Yash Tiwari,20,Male,Electronics & Communication,5,2,77.9,,11,20,30,,8,Yes,Textbooks,1,51,Pass,Average
S23ECE090,Saurabh Bhattacharya,20,Male,Electronics & Communication,6,2,66.6,76,13.5,19,39,7,6,Yes,Both,0,68,Pass,Good
S23ECE091,Amit Roy,22,Male,Electronics & Comm.,5,2,89.9,40,9.5,10.5,25,2,6.5,Yes,Textbooks,0,50,Pass,Average
S23ECE092,Meghna Malhotra,21,Female,Electronics & Communication,6,5.48,98.8,75,16.5,21.5,38,5,6.5,Yes,Both,0,88,Pass,Very Good
S23ECE093,Mohit Yadav,21,Male,Electronics & Communication,5,3.74,86.1,77.8,17.5,25,48,8,4.5,Yes,Online Courses,0,79,Pass,Very Good
S23ECE094,Isha Dey,22,Female,Electronics & Communication,6,3,84.7,,17,24,28,8,7.5,Yes,Notes Only,0,81,Pass,Very Good
S23ECE095,  Mohit Basu,22,Male,Electronics & Communication,6,3.13,69.5,55,11,15.5,30,,5.5,Yes,Both,1,61,Pass,Good
S23ECE096,Nikita Mishra,20,Female,Electronics & Communication,5,3,80.8,66,12.5,15.5,30,6,6,Yes,Both,0,61,Pass,Good
S23ECE097,Nitin Paul,20,Male,Electronics & Communication,6,4.5,73.3,69.5,14.5,24.5,34,5,7.5,Yes,Online Courses,0,73,Pass,Good
S23ECE098,Joydeep Verma,21,Male,Electronics & Communication,6,2.66,79.4,71,11.5,21.5,39,8,7,Yes,Online Courses,0,71,Pass,Good
S23ECE099,Nisha Saha,22,Female,Electronics & Communication,6,5.43,92.7,75,16,18.5,42,5,,Yes,online courses,0,65,Pass,Good
S23ECE100,Riya Saha,21,Female,Electronics & Communication,5,2,60.7,46.5,11.5,13.5,20,4,5,Yes,Textbooks,0,36,Fail,Needs Improvement
S23ECE101,Anirban Yadav,21,Male,Electronics & Communication,5,1,72.8,58.2,10,20.5,35,2,5,Yes,Both,1,42,Pass,Needs Improvement
S23ECE102,Vaishnavi Kapoor,21,Female,Electronics & Communication,5,2,72.9,72,12.5,16.5,24,6,6.5,Yes,Textbooks,1,48,Pass,Needs Improvement
S23ECE103,Anushka Majumdar,21,Female,Electronics & Communication,5,1.69,65.6,50,9.5,13,32,7,5.5,Yes,Both,0,51,Pass,Average
S23ECE104,Sayani Agarwal,20,Female,Electronics & Communication,5,3,84.2,53,15.5,20.5,39,6,8.5,No,Both,0,54,Pass,Average
S23ECE105,Ritwik Malhotra,20,Male,Electronics & Communication,5,5,80.7,70,19,28,40,7,5,Yes,Textbooks,0,80,Pass,Very Good
S23ECE106,Nikita Patel,21,Female,Electronics & Communication,6,3,100,57.5,12.5,16,36,10,8.5,No,Notes Only,0,55,Pass,Average
S23ECE107,Utsav Bhattacharya,21,Male,Electronics & Communication,5,3,71.9,57.7,12,16.5,43,6,5.5,Yes,Online Courses,0,55,Pass,Average
S23ECE108,Prasenjit Shah,20,Male,Electronics & Communication,6,3,93.3,79,15.5,23.5,41,8,6.5,Yes,Notes Only,0,62,Pass,Good
S23ECE109,Rishabh Das,21,Male,Electronics & Communication,6,3,71.9,57,16,18.5,38,5,6,Yes,Online Courses,2,60,Pass,Good
S23ECE110,Riya Yadav,21,Female,Electronics & Communication,6,1.5,73.8,49.7,10,,26,3,6.5,Yes,Textbooks,1,43,Pass,Needs Improvement
S23ECE111,Deepak Sen,21,Male,Electronics & Communication,5,1,71.5,68.2,13,22,33,7,7,No,Textbooks,1,52,Pass,Average
S23ECE112,Akash Chakraborty,20,Male,Electronics & Communication,5,1.5,63.4,44,10,15.5,37,4,7,Yes,Both,2,44,Pass,Needs Improvement
S23ECE113,Rituparna Biswas,20,Female,Electronics & Communication,5,5,91.9,65,19,24,38,8,8,Yes,Online Courses,0,83,Pass,Very Good
S23ECE113,Rituparna Biswas,20,Female,Electronics & Communication,5,5,91.9,65,19,24,38,8,8,Yes,Online Courses,0,83,Pass,Very Good
S23ECE114,Mahima Malhotra,21,Female,Electronics & Communication,5,3,68,52.6,15,17.5,27,5,8.5,Yes,Online Courses,0,47,Pass,Needs Improvement
S23ECE115,Poulami Das,22,Female,Electronics & Communication,5,2,83.2,80,14.5,29,34,4,6.5,No,Textbooks,0,72,Pass,Good
S23ECE116,Akash Pal,20,Male,Electronics & Communication,5,1.5,66.6,44.6,9.5,11.5,24,6,5,Yes,Both,1,34,Fail,Needs Improvement
S23ECE117,Suraj Das,21,Male,Electronics & Communication,5,4,90.2,71,19,25,36,,6,Yes,Online Courses,0,80,Pass,Very Good
S23ECE118,Sneha Chakraborty,20,Female,Electronics & Communication,6,1,64.3,41,8,13.5,21,4,5.5,Yes,Both,3,17,Fail,Needs Improvement
S23ECE119,  Tanmay Banerjee,20,Male,Electronics & Communication,5,3,84.2,72.8,17,24.5,38,8,6,Yes,Both,0,88,Pass,Very Good
S23ECE120,Palak Malhotra,20,Female,ECE,5,2,76.2,,13,21.5,32,7,6.5,Yes,Notes Only,0,64,Pass,Good
S23ECE121,Priya Shah,21,Female,Electronics & Communication,5,0.81,47.8,59,12,12,19,6,8,Yes,Textbooks,2,35,Fail,Needs Improvement
S23ECE122,Nikita Bose,20,Female,Electronics & Communication,5,4,82,36,11,21,28,7,4,Yes,Online Courses,1,41,Pass,Needs Improvement
S23ECE123,Kavya Purkayastha,20,Female,Electronics & Communication,6,1,72.3,70.6,10.5,19,31,9,7,Yes,Textbooks,0,58,Pass,Average
S23ECE124,Hina Banerjee,20,Female,Electronics & Communication,6,4.33,75.3,72,13.5,26,35,6,8,Yes,Online Courses,0,81,Pass,Very Good
S23ECE125,Jayesh Agarwal,21,Male,Electronics & Communication,5,5,89.1,68,15.5,18,40,6,8,Yes,Both,0,65,Pass,Good
S23ECE126,Aarushi Mondal,20,Female,Electronics & Communication,5,2.5,85,70.6,15,16,29,6,8,Yes,Textbooks,1,64,Pass,Good
S23ECE127,Nikita Chakraborty,20,Female,Electronics & Communication,5,2.42,68.9,49.7,12,13,36,5,8,Yes,Textbooks,2,43,Pass,Needs Improvement
S23ECE128,Mohit Chakraborty,22,Male,Electronics & Communication,6,1.16,60.7,47,10,18,37,5,6,Yes,Textbooks,0,49,Pass,Needs Improvement
S23ECE129,Nitin Thakur,22,Male,Electronics & Communication,5,,54.6,48,7.5,,26,5,5.5,Yes,Textbooks,1,24,Fail,Needs Improvement
S23ECE130,Ananya Laha,21,Female,Electronics & Communication,6,1,62.1,59.1,12,18,36,7,6,Yes,Both,0,44,Pass,Needs Improvement
S23ECE131,Rituparna Mukherjee,21,Female,Electronics & Communication,6,2,68.7,71,10.5,13,34,6,6.5,Yes,Textbooks,0,42,Pass,Needs Improvement
S23ECE132,Aditya Nair,20,Male,Electronics & Communication,5,5.57,,81.2,14.5,24.5,39,6,7,Yes,Both,0,69,Pass,Good
S23ECE133,Dev Khan,20,Male,Electronics & Communication,5,2.5,89.9,56,14.5,20,25,7,8,Yes,Online Courses,0,60,Pass,Good
S23ECE134,Urvashi Pandey,21,Female,Electronics & Communication,5,2.5,83.7,54,11,15.5,36,6,7.5,Yes,Both,0,48,Pass,Needs Improvement
S23ECE135,Subham Agarwal,20,Male,Electronics & Communication,6,1.61,78.7,69,14,15.5,31,4,8,Yes,Textbooks,1,67,Pass,Good
S23ECE136,Pratik Ansari,21,Male,Electronics & Communication,5,2.43,73.6,65,12.5,20,33,7,6.5,Yes,Both,0,56,Pass,Average
S23ECE137,Vivek Reddy,21,Male,Electronics & Communication,5,1.5,57.4,55,9,8,21,1,7.5,Yes,Online Courses,0,40,Pass,Needs Improvement
S23ECE138,Poulami Tiwari,20,Female,Electronics & Communication,5,4.46,80.5,54.6,,15.5,25,5,7.5,Yes,Both,0,64,Pass,Good
S23ECE139,Dipankar Chakraborty,20,Male,Electronics & Communication,5,4.5,89.1,93.1,16,25.5,42,9,8,Yes,Online Courses,0,100,Pass,Excellent
S23ECE140,Ritika Roy,21,F,Electronics & Communication,5,2.5,71.8,67,16,20.5,29,6,6.5,Yes,,0,74,Pass,Good
S23ECE141,Poulami Datta,22,Female,Electronics & Communication,5,4.5,87.5,67,15.5,30,36,5,8,Yes,Textbooks,0,78,Pass,Very Good
S23ECE142,Utsav Nandi,20,Male,Electronics & Communication,5,2.54,68.6,70.1,14.5,15.5,34,,6.5,Yes,Both,0,60,Pass,Good
S23ECE143,Aarushi Thakur,21,Female,Electronics & Communication,5,1,64.3,55,10.5,15.5,29,7,8.5,No,Online Courses,1,35,Fail,Needs Improvement
S23ECE144,Urvashi Banerjee,21,female,Electronics & Communication,6,12.5,67.9,56,12,18,36,5,6.5,Yes,Textbooks,0,59,Pass,Average
S23ECE145,Tanmay Patel,22,Male,Electronics & Communication,5,4.1,90.6,74,19.5,27,40,9,5.5,No,Notes Only,0,73,Pass,Good
S23ECE146,Om Ansari,20,Male,Electronics & Communication,6,1.81,78.3,59.4,11,12,26,4,6.5,Yes,Both,0,53,Pass,Average
S23ECE147,Joydeep Paul,21,Male,Electronics & Communication,5,3.5,100,72,16.5,18.5,36,9,6,N,Online Courses,0,76,Pass,Very Good
S23ECE148,  Gaurav Sharma,21,Male,Electronics & Communication,6,,82.4,88,17.5,,34,8,5.5,Yes,Textbooks,0,85,Pass,Very Good
S23IT001,Sanjana Jain,20,Female,Information Technology,6,1,60.9,59,11,21.5,36,6,5.5,Yes,Notes Only,0,50,Pass,Average
S23IT002,Isha Halder,22,Female,Information Technology,6,2.5,79.1,64.6,12,22,35,8,7,Yes,,0,,,
S23IT003,Falguni Khan,21,Female,Information Technology,5,2,84.2,66.3,11.5,22,35,5,8,Yes,Online Courses,0,69,Pass,Good
S23IT004,Md Faisal Singh,20,Male,Information Technology,6,3,73.5,59,14,,31,7,,Yes,Online Courses,0,59,Pass,Average
S23IT005,Sanjana Khan,22,Female,Information Technology,6,3,76,54,15,17.5,27,7,7.5,Yes,Both,0,53,Pass,Average
S23IT006,Srijita Nandi,22,Female,Information Technology,5,4,76.7,61,13.5,22,37,8,8,Yes,Both,0,73,Pass,Good
S23IT007,Diya Agarwal,20,Female,Information Technology,5,2.5,89.3,63.5,13,17,28,9,5,Yes,Textbooks,1,57,Pass,Average
S23IT008,Arjun Mishra,21,Male,Information Technology,5,2,65,57,11.5,15.5,35,4,7.5,Yes,Online Courses,2,64,Pass,Good
S23IT009,Ankit Pal,20,Male,Information Technology,5,2.01,59.7,43,10.5,14,23,,6,No,Both ,1,30,Fail,Needs Improvement
S23IT010,Ananya Bhattacharya,21,Female,Information Technology,6,4.68,78.5,69.9,11.5,,34,8,7,Yes,Both ,0,78,Pass,Very Good
S23IT011,Ankit Mukherjee,21,Male,Information Technology,5,1.5,60,66,9,16.5,24,6,6.5,Yes,Textbooks,1,59,Pass,Average
S23IT012,Nikita Kapoor,20,Female,Information Technology,6,2,74.9,43.9,,9,24,2,7,Yes,Both,2,41,Pass,Needs Improvement
S23IT013,Shreya Mehta,21,Female,IT,5,2,61.8,56,10,14.5,39,3,7,Yes,Online Courses,1,59,Pass,Average
S23IT014,  Sohini Reddy,20,Female,Information Technology,6,3,85.6,52,11,15.5,29,8,6,Yes,Online Courses,1,55,Pass,Average
S23IT015,Devi Bose,21,Other,Information Technology,5,1,66.3,68.2,12,11,23,8,6,Yes,Notes Only,1,43,Pass,Needs Improvement
S23IT016,Payal Jain,22,Female,Information Technology,5,2,84.2,65,17.5,20,37,7,8.5,Yes,Notes Only,0,59,Pass,Average
S23IT017,  Suraj Rao,22,male,Information Technology,5,2,75.7,65,13,23.5,27,7,6,Yes,Notes Only,0,56,Pass,Average
S23IT018,Riya Jain,20,Female,Information Technology,6,2.5,78.6,55,16,20,32,8,5.5,Yes,Both,0,56,Pass,Average
S23IT019,Sudipta Singh,22,Female,Information Technology,6,3,72.4,45.5,11,15.5,26,2,7.5,Yes,Notes Only,1,32,Fail,Needs Improvement
S23IT020,Sourav Kapoor,20,male,Information Technology,6,3,96.8,,13,15.5,41,5,4,Yes,online courses,0,55,Pass,Average
S23IT021,Tanmay Mishra,22,Male,Information Technology,6,1.5,64.6,47.8,9.5,18,22,6,7.5,Yes,Notes Only,0,33,Fail,Needs Improvement
S23IT022,Joydeep Verma,20,Male,Information Technology,5,1,64.7,57,10,17,33,7,8,Yes,Both,1,41,Pass,Needs Improvement
S23IT023,Aditya Ghosh,20,Male,Information Technology,6,2.5,66.40%,58.7,9,8.5,28,4,7,Yes,both,2,30,Fail,Needs Improvement
S23IT024,Priya Bhattacharya,20,Female,Information Technology,6,2,89.5,58.8,15.5,25,29,6,7,,notes only,1,78,Pass,Very Good
S23IT025,Md Faisal Mehta,20,Male,Information Technology,5,1.5,79.3,55,8.5,18,31,6,6.5,Yes,Both,0,65,Pass,Good
S23IT026,Shreya Singh,20,Female,Info Tech,5,2.5,70,57,12,20.5,35,7,6,Yes,Online Courses,1,56,Pass,Average
S23IT027,Mansi Biswas,20,Female ,Information Technology,5,2,81.7,53,13,20.5,46,6,8,Yes,Both,0,45,Pass,Needs Improvement
S23IT028,Nitin Roy,20,Male,Information Technology,5,2,69.4,56,10.5,18,31,6,6.5,Yes,Textbooks,0,49,Pass,Needs Improvement
S23IT029,Rajesh Pal,21,Male,Information Technology,6,1.58,75.5,45.7,13.5,12,25,5,6,Yes,Both,0,52,Pass,Average
S23IT030,Sagar Agarwal,21,Male,Information Technology,5,3.5,74.1,83,15,21,38,7,8.5,Yes,,0,72,Pass,Good
S23IT031,Khushi Majumdar,20,Female,Information Technology,5,4.5,90.2,70.6,17.5,19,40,9,4.5,Yes,Notes Only,0,62,Pass,Good
S23IT032,Nikita Thakur,21,FEMALE,Information Technology,5,2.5,,55,12.5,20,33,7,7,Yes,Online Courses,0,72,Pass,Good
S23IT033,Sumit Shah,22,Male,Information Technology,5,2.09,77.4,60.3,15.5,23,41,6,7,Yes,Notes Only,0,60,Pass,Good
S23IT034,Bhavna Chatterjee,21,Female,Information Technology,5,2.65,79.1,,14.5,18,29,5,7.5,Yes,Both,0,64,Pass,Good
S23IT035,Aarav Bhattacharya,21,Male,Information Technology,6,1.5,70.6,36,8.5,10.5,28,5,7,Yes,Online Courses,0,21,Fail,Needs Improvement
S23IT036,Md Faisal Nandi,20,Male,Information Technology,6,4,-12,68.6,15.5,22,40,4,8,Yes,Online Courses,0,71,Pass,Good
S23IT037,Diya Sen,21,Female,Information Technology,5,2.87,78.2,66,12,20,38,4,7,Yes,Both,0,64,Pass,Good
S23IT038,Aditi Purkayastha,22,F,Information Technology,5,3.14,76.3,64,13.5,17,32,6,7.5,Yes,Online Courses,1,61,Pass,Good
S23IT039,Sumit Nandi,22,Male,Information Technology,6,2,86.9,44.1,,18.5,34,7,6,Yes,Textbooks,1,56,Pass,Average
S23IT040,Utsav Purkayastha,20,Male,Information Technology,5,9.5,92.5,64.4,17,30,43,10,5,Yes,Notes Only,0,88,Pass,Very Good
S23IT041,Anirban Agarwal,21,Male,Information Technology,6,1,73.1,59.4,12.5,16,32,6,6.5,Yes,Notes Only,0,55,Pass,Average
S23IT042,Neha Chatterjee,20,Female,Information Technology,5,2.5,,71.6,12.5,18,22,6,7.5,Yes,Textbooks,1,52,Pass,Average
S23IT043,Lakshya Basu,20,Male,Information Technology,6,2,86.1,58.8,12.5,23.5,30,5,6,No,Online Courses,0,41,Pass,Needs Improvement
S23IT044,Shreya Reddy,21,Female,Information Technology,6,4.49,93.3,62.7,18,24,35,7,6,Yes,,0,72,Pass,Good
S23IT045,Vishal Singh,21,Male,Information Technology,5,,66.9,75,14,17,33,8,8.5,Yes,Textbooks,0,68,Pass,Good
S23IT046,Tushar Kundu,20,Male,Information Technology,5,4,74.7,65.4,12.5,23,31,6,7.5,No,Notes Only,0,60,Pass,Good
S23IT047,Rahul Mukherjee,21,Male,Information Technology,5,1.5,55,49.9,,14,32,5,,No,Both,1,29,Fail,Needs Improvement
S23IT048,Ritwik Mondal,20,Male ,Information Technology,5,4.31,90.3,71,13.5,17,30,8,8,Yes,Both,0,85,Pass,Very Good
S23IT049,Naveen Yadav,21,Male,IT,5,2.26,89.3,60.3,18,20,33,7,7,Yes,Textbooks,0,58,Pass,Average
S23IT050,Riya Majumdar,22,Female,Info Tech,5,3,80.1,53.5,10.5,13,33,6,7.5,Yes,Textbooks,3,50,Pass,Average
S23IT051,Diya Bose,21,Female,Information Technology,5,,69,79.1,13.5,18,23,8,7.5,Yes,Both,0,66,Pass,Good
S23IT052,Chandni Shah,20,Female,Information Technology,6,1.78,81.5,67,14,16,23,7,7,Yes,Online Courses,0,49,Pass,Needs Improvement
S23IT053,Ritwik Bhattacharya,20,Male,I.T.,6,3,77.2,80.5,12.5,19,38,9,6.5,No,Textbooks,0,71,Pass,Good
S23IT054,Imran Pandey,20,Male,Info Tech,5,1,61.6,55.7,11.5,13.5,26,5,7,Yes,Online Courses,0,53,Pass,Average
S23IT055,Moumita Roy,22,Female,Information Technology,5,1.5,65.8,45,9,14,28,5,6.5,Yes,Both,2,23,Fail,Needs Improvement
S23IT056,Yash Dey ,20,Male,Information Technology,5,,74.4,58,9,16.5,36,6,7.5,Yes,Online Courses,0,35,Fail,Needs Improvement
S23IT057,Urvashi Yadav,22,Female,Information Technology,5,1.53,57.3,32,8,10,17,3,7,Yes,Online Courses,5,16,Fail,Needs Improvement
S23IT058,Palak Purkayastha,20,F,Information Technology,5,2,87.4,70.3,14.5,18.5,33,5,6,Yes,Online Courses,0,71,Pass,Good
S23IT059,Kartik Biswas,21,Male,IT,5,2.5,92.1,81.3,16.5,20,38,,6,Yes,Textbooks,0,73,Pass,Good
S23IT060,Arjun Kundu,21,Male,Information Technology,5,2,76.8,83.5,15,23.5,39,10,5.5,No,,0,73,Pass,Good
S23IT061,Shreya Sharma,22,Female,Information Technology,6,0.73,53.5,52.7,10,18.5,28,3,8.5,Yes,Both,2,54,Pass,Average
S23IT062,Tanmay Datta,22,Male,Information Technology,5,2.01,84.6,69,14.5,20,41,6,7.5,Yes,Online Courses,1,66,Pass,Good
S23IT063,Jayesh Gupta,20,Male,Information Technology,5,12.5,70.9,40.3,7,10,25,5,9.5,Yes,Both,1,37,Fail,Needs Improvement
S23IT064,Nisha Das,22,Female,Information Technology,6,4,66.8,56.1,15,24,44,6,6,Yes,Both,0,75,Pass,Very Good
S23IT065,Vikram Bose,20,Male ,information technology,6,1.17,60.4,38.8,10.5,19.5,27,7,6.5,Yes,Both,2,37,Fail,Needs Improvement
S23IT066,Meghna Jain,20,Female,Information Technology,5,3,85.7,71.3,15.5,26.5,34,6,7.5,Yes,Online Courses,0,76,Pass,Very Good
S23IT067,Aarav Pandey,21,Male,Information Technology,5,2,91.3,55.2,13,24,32,5,4.5,Yes,Both,0,78,Pass,Very Good
S23IT068,Garima Nair,22,Female,Information Technology,5,2.5,69.7,58,13.5,20.5,39,5,5,Yes,Both,1,65,Pass,Good
S23IT069,Om Yadav,21,Male,Information Technology,5,1,47.4,51,8.5,13,29,4,4,Yes,Textbooks,1,38,Fail,Needs Improvement
S23IT070,Mohit Pal,20,Male,Information Technology,5,1.7,69.3,60.3,11.5,21.5,39,5,5.5,Yes,Notes Only,0,57,Pass,Average
S23IT071,Sayani Bose,21,Female,Information Technology,5,1.5,70.9,63,13.5,17,24,7,6,Yes,Online Courses,0,58,Pass,Average
S23IT072,Shivam Verma,22,Male,Information Technology,6,2.41,75.1,73,16,21,34,7,8,Yes,Online Courses,0,67,Pass,Good
S23IT073,Ritwik Das,21,Male,Information Technology,5,3,83.6,61.4,17.5,23.5,30,8,7,Yes,Online Courses,0,51,Pass,Average
S23IT074,Bhavna Das,20,Female,Information Technology,5,1,71.3,58,11,13,28,5,6,Yes,Textbooks,0,60,Pass,Good
S23IT075,Md Faisal Laha,22,Male,Information Technology,5,2,76.4,66.3,14.5,23.5,32,7,8.5,Yes,Textbooks,0,58,Pass,Average
S23IT076,Sanjana Yadav ,20,Female,Information Technology,6,5,76.8,51,13.5,11.5,23,7,5.5,Yes,Both,2,53,Pass,Average
S23IT077,Swati Paul,20,Female,Information Technology,5,1,68.6,,6,10,17,2,8,Yes,Both,5,21,Fail,Needs Improvement
S23IT078,Meghna Mishra,20,Female,Information Technology,6,3,72.9,82,10.5,25,37,5,8,Yes,Both,0,76,Pass,Very Good
S23IT079,Sasha Gupta,20,Other,Information Technology,5,2.66,90.8,84,16.5,22.5,49,,7,Yes,Textbooks,0,93,Pass,Excellent
S23IT080,Vivek Rao,20,Male,Information Technology,5,1.8,76.1,54,10,13.5,24,4,4.5,Yes,Textbooks,0,47,Pass,Needs Improvement
S23IT081,Divya Malhotra,20,female,Information Technology,6,3.38,90.3,53,16,18.5,33,8,7,Yes,Notes Only,1,54,Pass,Average
S23IT082,Suraj Rao,22,Male,Information Technology,5,2,70.5,58.9,13,19.5,37,5,8,Yes,online courses,0,57,Pass,Average
S23IT083,Nisha Ghosh,22,Female,Information Technology,5,9.5,100,89,20,27.5,44,9,6.5,Yes,Both,0,,,
S23IT084,Mahima Purkayastha,20,Female,Information Technology,5,1.5,,50,7.5,14.5,25,5,7,Yes,Textbooks,1,40,Pass,Needs Improvement
S23IT085,Piyush Paul,21,Male,Information Technology,5,2,67.6,51.7,12,18.5,25,,6.5,Yes,Both,3,43,Pass,Needs Improvement
S23IT086,Biswajit Khan,21,Male,Information Technology,5,3,81.1,54.6,9,18,32,5,8,YES,Online Courses,3,49,Pass,Needs Improvement
S23IT087,Suman Das,21,Male,Information Technology,6,2.17,73.6,64,14.5,21.5,26,6,5,,Both,0,56,Pass,Average
S23IT088,Md Faisal Rao,20,Male,Information Technology,5,3.5,85.9,70,15.5,26,40,,7,Yes,Textbooks,0,72,Pass,Good
S23IT089,Vaishnavi Nandi,20,Female,Information Technology,5,1.5,58,,10,11.5,21,4,5,No,both,1,30,Fail,Needs Improvement
S23IT090,Meghna Saha,20,Female,Information Technology,6,2.25,70.4,,10,15,31,4,5,Yes,textbooks,0,47,Pass,Needs Improvement
S23IT091,Saurabh Agarwal,22,Male ,Information Technology,6,1.5,71.9,64,15,15,29,7,5,Yes,Online Courses,0,45,Pass,Needs Improvement
S23IT092,Yash Sharma,21,Male,Information Technology,6,9.5,95.8,,20,28,43,10,,Yes,Textbooks,0,92,Pass,Excellent
S23IT093,Ritika Singh,21,Female,Information Technology,5,2.52,73.6,59,10,18,30,6,9,Yes,Both,0,54,Pass,Average
S23IT094,Riya Verma,21,FEMALE,Information Technology,6,2,85.3,63,15.5,15.5,35,9,8,YES,Notes Only,0,56,Pass,Average
S23IT095,hina kundu,22,Female,Information Technology,5,3.9,,73.4,16.5,16.5,37,6,7.5,Yes,Notes Only,0,67,Pass,Good
S23IT096,Pratik Patel,20,Male,Information Technology,5,2,75.9,60.2,11.5,17,35,7,5,no,Online Courses,0,60,Pass,Good
S23IT097,Aditi Kumar,20,Female,Information Technology,6,5,87.7,75.9,14,30,40,5,4,Yes,Textbooks,0,79,Pass,Very Good
S23IT098,Srijita Bose,22,Female,Information Technology,6,5.6,91.6,76,19,30,44,7,5,Yes,Both,0,87,Pass,Very Good
S23IT099,Sakshi Agarwal,21,Female,Information Technology,5,1,66,42,12,18,33,7,6.5,Yes,Both,0,64,Pass,Good
S23IT100,Piyush Mishra,20,Male,Information Technology,5,2.5,88.5,57.5,16.5,22,37,5,,Yes,Textbooks,0,62,Pass,Good
S23IT101,Esha Sinha,20,Female,Information Technology,5,3,73.20%,37,13,15.5,36,6,8,Yes,Online Courses,2,41,Pass,Needs Improvement
S23IT102,Aarushi Ansari,21,Female,Information Technology,6,2,69.3,71.4,13.5,17,34,9,7,Yes,Notes Only,0,49,Pass,Needs Improvement
S23IT103,Hina Kumar,20,Female,Information Technology,6,2,83.6,60,15,19.5,42,6,5.5,Yes,Notes Only,1,60,Pass,Good
S23IT104,Rituparna Pandey,21,Female,Information Technology,6,3,94.3,70.2,15,26,35,7,6.5,No,Online Courses,0,76,Pass,Very Good
S23IT105,Khushi Halder,22,Female,Information Technology,5,3.16,74.1,57.2,11,13,37,4,7,Yes,Online Courses,0,45,Pass,Needs Improvement
S23IT106,Vishal Laha,20,Male,Information Technology,6,3,87.2,77,14.5,20,32,6,7.5,Yes,Both,0,,,
S23IT107,Amit Laha,20,Male,Information Technology,5,3,76.1,73,15,20.5,39,8,6.5,Yes,Textbooks,0,78,Pass,Very Good
S23IT108,Jyoti Chakraborty,21,Female,Information Technology,5,9,80.1,59.7,16,25.5,43,7,8,Yes,Both,0,79,Pass,Very Good
S23IT109,Ashish Saha,22,Male,Information Technology,5,4,96.9,61,15.5,25.5,40,7,6.5,Yes,Both,0,70,Pass,Good
S23IT110,Shreya Yadav,20,Female,Information Technology,6,4.02,84.9,60,12,19,36,8,7.5,Y,Notes Only,0,68,Pass,Good
S23IT111,Prasenjit Chakraborty,20,Male,Information Technology,6,6,71.1,71,16,24,39,5,7,Yes,Notes Only,0,80,Pass,Very Good
S23IT112,Diya Mondal,20,Female,Information Technology,5,3,76,63.6,14.5,17.5,41,5,6.5,Yes,Textbooks,0,50,Pass,Average
S23IT113,Tanmay Dey,20,Male,Information Technology,6,3,,50.7,10,17.5,31,7,8.5,Yes,Both,0,49,Pass,Needs Improvement
S23IT114,Prasenjit Patel,21,Male,Information Technology,5,5.5,,68,15.5,24.5,33,6,5.5,No,Textbooks,0,62,Pass,Good
S23IT115,Sakshi Ansari,20,Female,Information Technology,6,2,80.3,60,15,17,33,4,6.5,Yes,Online Courses,0,40,Pass,Needs Improvement
S23IT116,Om Pandey,22,Male,Information Technology,5,2,84.6,67,11.5,19.5,36,7,6.5,Yes,Notes Only,1,70,Pass,Good
S23IT117,Pratik Ansari,21,Male,I.T.,5,2,70.6,44,9.5,13.5,29,5,7,No,Online Courses,2,34,Fail,Needs Improvement
S23IT118,Isha Paul,20,Female,Information Technology,6,3,71.6,60,13,20.5,43,5,7,Yes,Both,1,58,Pass,Average
S23IT119,Aditya Bhattacharya,21,Male,Information Technology,5,5,86.9,74,18.5,24,43,8,9,Yes,Both,0,73,Pass,Good
S23IT120,Rishabh Mehta,21,Male,Information Technology,5,1.5,65.5,53,11.5,10.5,22,4,,Yes,Both,1,40,Pass,Needs Improvement
S23IT121,Falguni Mukherjee,21,Female ,Information Technology,5,8.5,98.2,73,20,25,37,8,7.5,Yes,Textbooks,0,93,Pass,Excellent
S23IT122,Ananya Pal,20,FEMALE,Information Technology,5,4,83.9,73,17,23.5,43,9,7,Yes,Both,0,74,Pass,Good
S23IT123,Vishal Pandey,20,Male,I.T.,6,7,99.7,97,20,28.5,44,,6.5,No,Both,0,91,Pass,Excellent
S23IT124,Moumita Rao,20,Female,Information Technology,6,4,87.9,74,17,28.5,48,7,7,Yes,Both,0,75,Pass,Very Good
S23IT125,Shreya Laha,21,Female,Information Technology,6,1,48.5,33.7,4,6.5,12,2,7,Yes,Notes Only,5,8,Fail,Needs Improvement
S23IT126,Rishabh Pandey,21,Male,Information Technology,5,3.71,83,68,14.5,27.5,30,8,6.5,Yes,Online Courses,0,92,Pass,Excellent
S23IT127,Vikram Sharma,21,Male,Info Tech,5,2,96.9,79.3,18.5,20.5,37,4,6,Yes,Both,0,86,Pass,Very Good
S23IT128,Md Faisal Sharma,22,Male,Information Technology,6,2.5,74.3,61,13.5,17,38,8,7.5,Yes,Both,1,49,Pass,Needs Improvement
S23IT129,Naveen Kumar,20,Male,Information Technology,6,2.99,81.9,67.6,,26.5,37,7,8,Yes,Online Courses,0,74,Pass,Good
S23IT130,Rituparna Yadav,21,Female,Information Technology,5,1.54,62.6,51,11.5,17,31,4,6.5,Yes,Online Courses,2,42,Pass,Needs Improvement
S23IT131,Diya Pandey,20,Female,Information Technology,5,1.5,67.3,42,9,13,35,5,8.5,Yes,Online Courses,0,36,Fail,Needs Improvement
S23IT132,Vikram Ansari,21,Male,Information Technology,6,5,93.2,83,18.5,30,50,9,7.5,Yes,Online Courses,0,97,Pass,Excellent
S23IT133,Khushi Basu,20,Female,Information Technology,5,3.5,90.2,70.4,14,27,33,8,8.5,No,Online Courses,0,76,Pass,Very Good
S23IT134,Sakshi Ghosh,20,Female,Information Technology,6,3,84.4,76,16,28.5,32,8,6.5,Yes,Online Courses,0,83,Pass,Very Good
S23IT135,Kunal Rao,21,Male,Information Technology,6,13,53.7,45,9.5,11.5,15,,6,Yes,Online Courses,2,34,Fail,Needs Improvement
S23IT136,Khushi Malhotra,22,Female,Information Technology,5,8,96.6,71,17,26.5,38,7,6,Yes,,0,88,Pass,Very Good
S23IT137,Sayani Basu,22,Female,Information Technology,6,2,73.8,64.7,13,21,38,7,6,Yes,Notes Only,0,54,Pass,Average
S23IT138,Sumit Khan,20,Male,Information Technology,5,,66.8,59,8.5,17,34,4,7.5,Yes,Both,0,62,Pass,Good
S23IT139,Naveen Purkayastha,20,Male,Information Technology,6,2,90,66,13.5,22.5,39,6,6,No,Textbooks,0,68,Pass,Good
S23IT140,Arnab Mondal,21,Male,Information Technology,6,2,69.3,54,12.5,16,28,4,6,Yes,Both,1,47,Pass,Needs Improvement
S23IT141,Shreya Saha,21,Female,Information Technology,6,2,63.5,63,12.5,17.5,29,9,6.5,Yes,Online Courses,1,58,Pass,Average
S23IT142,Subham Patel,22,Male,Information Technology,5,2.02,65.7,61.6,13,23.5,36,7,5.5,Yes,Notes Only,0,53,Pass,Average
S23IT143,jayesh yadav,21,Male,Information Technology,6,1.5,71.3,54.3,12.5,13.5,24,5,6.5,,Online Courses,1,40,Pass,Needs Improvement
S23IT144,Kartik Paul,21,Male,Info Tech,5,2,70.1,,11,20.5,40,4,7,No,Both,0,60,Pass,Good
S23IT145,Nitin Sharma,22,Male,Information Technology,6,1.5,69.5,58,10.5,17.5,32,6,5.5,Y,Both,2,48,Pass,Needs Improvement
S23IT146,Aditi Rao,20,Female,Information Technology,5,2.5,75.3,76,14,16.5,41,6,8,Yes,Both,0,55,Pass,Average
S23IT147,Rashmi Bhattacharya,20,Female,Information Technology,5,4,77,62.1,13,14.5,31,7,5.5,Yes,Notes Only,0,47,Pass,Needs Improvement
S23IT148,Simran Roy,20,Female,Information Technology,6,1.73,67.9,64.3,14.5,21,29,7,6.5,Yes,Textbooks,0,68,Pass,Good
S23IT149,Mohit Singh,21,Male,Information Technology,6,9.5,100,76,13.5,21.5,41,5,7.5,Yes,online courses,0,74,Pass,Good
S23IT150,Manish Mehta,21,Male,Information Technology,6,4,87.00%,70,15.5,22.5,38,3,7,Yes,Notes Only,0,68,Pass,Good
S23IT151,Nikhil Malhotra,22,Male,Information Technology,5,1,56,61,11,15,37,6,8,Yes,Online Courses,0,52,Pass,Average
S23IT152,Sumit Bose,20,Male,Information Technology,5,4,78.6,57,12.5,,35,8,7,No,Both,1,58,Pass,Average
S23IT153,Suraj Dutta,20,Male,Information Technology,5,2,68,39,11,20.5,29,6,8,Yes,Textbooks,2,34,Fail,Needs Improvement
S23IT154,Suraj Purkayastha,20,Male,Information Technology,6,4,85.3,82.4,18.5,23.5,46,7,7,Yes,Both,0,92,Pass,Excellent
S23IT155,Urvashi Thakur,21,FEMALE,Information Technology,5,2,69.3,56,11,18,29,5,5,Yes,Notes Only,0,48,Pass,Needs Improvement
S23IT156,Simran Sharma,22,Female,Information Technology,5,3,82.4,60.8,16,21,38,7,8.5,Yes,Online Courses,0,45,Pass,Needs Improvement
S23IT157,Subham Agarwal,20,Male,Information Technology,6,2.5,82.7,71,9.5,22,29,7,6.5,Yes,Textbooks,0,64,Pass,Good
S23IT158,Arnab Paul,20,Male,Information Technology,6,1.69,79.2,60,,16,40,5,8,Yes,Both,0,64,Pass,Good
S23IT159,Sanjana Dey,20,Female,Information Technology,6,3,71.8,59.9,10.5,17,33,5,5.5,Yes,Both,0,65,Pass,Good
S23IT160,Chandni Jain,22,Female,Information Technology,6,2,68.3,58.4,9,13.5,22,3,7,Yes,Online Courses,1,38,Fail,Needs Improvement
S23IT161,Sneha Mukherjee,20,Female,Information Technology,5,3.72,78,71,18.5,23.5,38,9,6.5,Yes,Online Courses,0,79,Pass,Very Good
S23IT162,Moumita Basu,20,Female,Information Technology,6,4,68.8,62,16,24,43,6,7,Yes,Online Courses,0,64,Pass,Good
S23IT163,Ayush Chatterjee,22,Male,Information Technology,5,2.5,85.1,54,12.5,15,22,6,7.5,Yes,,0,57,Pass,Average
S23IT164,Vishal Kumar,20,Male,Information Technology,6,8,90.9,68,16.5,30,50,9,6.5,No,Notes Only,0,79,Pass,Very Good
S23IT165,Ankit Laha,20,Male,Information Technology,5,2.5,75.7,50,7.5,14.5,30,6,6.5,Yes,Both,2,49,Pass,Needs Improvement
S23IT166,Imran Datta,20,Male,Information Technology,6,5,79.8,46.8,14.5,20.5,34,8,8,Yes,Textbooks,1,52,Pass,Average
S23IT167,Simran Jha,20,Female,information technology,5,2.06,73.9,41,10.5,14,21,4,6,Yes,Textbooks,0,47,Pass,Needs Improvement
S23IT168,Rakesh Sarkar,21,Male,Info Tech,6,4.5,72.5,85,19,28,48,7,6.5,Yes,Both,0,84,Pass,Very Good
S23IT169,Gaurav Verma,20,Male,Information Technology,5,2.5,57.7,54.6,12.5,23,32,4,7,Yes,Notes Only,0,53,Pass,Average
S23IT170,Prasenjit Chakraborty,21,Male,Information Technology,6,2.89,78.9,46.4,13.5,10.5,25,4,6,Yes,Textbooks,2,44,Pass,Needs Improvement
S23ME001,Aarushi Gupta,21,Female,Mechanical Engineering,5,4,83.9,53,14,16.5,35,6,7,Yes,Both,0,58,Pass,Average
S23ME002,Deepak Datta,21,Male,Mechanical Engineering,5,2.59,87,63,13,21.5,32,2,7,Yes,Online Courses,0,58,Pass,Average
S23ME003,Dev Kapoor,20,MALE,Mechanical Engineering,5,9.5,98.3,78.1,20,26.5,38,8,6,Yes,Notes Only,0,70,Pass,Good
S23ME004,Vaishnavi Nandi,21,female,ME,6,0.96,57.7,43,10.5,10.5,25,4,6,Yes,Both,2,27,Fail,Needs Improvement
S23ME005,Ritwik Saha,22,Male,Mechanical Engineering,6,4,91.1,75,17.5,21,34,8,8.5,Yes,Textbooks,0,78,Pass,Very Good
S23ME006,Om Purkayastha,22,Male,Mechanical Engineering,6,2,87.5,55.3,17,22.5,43,6,7,Yes,,0,74,Pass,Good
S23ME007,Aarav Agarwal,20,Male,Mechanical Engineering,5,4,80.3,72.7,14.5,25.5,36,8,7,Yes,Both,0,70,Pass,Good
S23ME008,Rishabh Nandi,20,Male,Mechanical Engineering,6,6,,66.1,17.5,21.5,32,6,6,Yes,Online Courses,0,62,Pass,Good
S23ME009,Ritwik Sharma,21,Male,Mechanical Engineering,5,4.5,86.7,69,12,27.5,36,8,4,Yes,Notes Only,0,68,Pass,Good
S23ME010,Md Faisal Majumdar,20,Male,Mechanical Engineering,5,1.92,72.3,72,14.5,16,42,N/A,6,Yes,Both,0,58,Pass,Average
S23ME011,Divya Nandi,20,FEMALE,Mechanical Engineering,5,5,96.8,56,17,17.5,32,8,8,Yes,Textbooks,0,61,Pass,Good
S23ME012,Lakshya Yadav,20,MALE,Mechanical Engineering,5,2.5,93.8,73,11.5,18.5,50,7,6,Yes,Online Courses,0,79,Pass,Very Good
S23ME013,Shreya Gupta,20,Female,Mechanical Engineering,5,9.5,96.8,85.9,16.5,26,43,10,5.5,Yes,Notes Only,0,85,Pass,Very Good
S23ME014,Abhishek Biswas,21,Male,Mechanical Engineering,5,2.86,81.1,66.1,10.5,20,32,5,7.5,Yes,Online Courses,0,62,Pass,Good
S23ME015,Prasenjit Pal,21,Male,Mechanical Engineering,5,4.5,85.3,75,13,18.5,38,6,5.5,Yes,Online Courses,0,61,Pass,Good
S23ME016,Mohit Agarwal,20,Male,Mechanical Engineering,5,3.1,74.6,62,11.5,19.5,36,8,6,YES,Both,0,75,Pass,Very Good
S23ME017,Simran Thakur,20,Female,Mechanical Engineering,5,4,83.2,63.5,16,23.5,38,6,6.5,Yes,Textbooks,0,74,Pass,Good
S23ME018,Rahul Chakraborty,21,Male,Mechanical Engineering,6,5.95,90,84.1,18.5,22.5,44,5,6,Yes,Notes Only,0,85,Pass,Very Good
S23ME019,Soham Sinha,20,Male,Mechanical Engineering,5,2.49,65.3,67.5,11,14.5,28,3,7,Yes,Notes Only,0,42,Pass,Needs Improvement
S23ME020,Mansi Majumdar,20,Female,Mechanical Engineering,6,4.5,90.1,73,16.5,23,39,8,6,Yes,Both,0,85,Pass,Very Good
S23ME021,Sakshi Pal,20,Female,Mechanical Engineering,6,1,51.7,52,5.5,9.5,21,4,8,Yes,Textbooks,4,8,Fail,Needs Improvement
S23ME022,Meghna Agarwal,21,Female,Mechanical Engineering,5,,99.7,60,16.5,21,40,6,8,Yes,Notes Only,0,81,Pass,Very Good
S23ME023,Naveen Sharma,21,Male,Mechanical Engineering,6,2,75.3,32,10.5,13.5,29,6,5,Yes,Both,0,40,Pass,Needs Improvement
S23ME024,Md Faisal Purkayastha,21,Male,Mechanical Engineering,5,2.41,79.8,61,,21.5,40,7,7.5,Yes,Both,1,56,Pass,Average
S23ME025,Moumita Singh,22,Female,Mechanical Engineering,6,2.52,82.3,72,16,19.5,35,7,7,Yes,Both,0,69,Pass,Good
S23ME026,Sumit Kapoor,21,Male,Mechanical Engineering,6,2.5,,54,9,13,21,2,5.5,Yes,Online Courses,2,28,Fail,Needs Improvement
S23ME027,Gaurav Nair,22,Male,Mechanical Engineering,5,2.5,79.4,49.9,15,15.5,33,5,7,Yes,Both,0,59,Pass,Average
S23ME028,Sayan Paul,21,Male,Mechanical Engineering,5,6.64,100,76,14,24,47,9,5,Yes,Textbooks,0,90,Pass,Excellent
S23ME029,Amit Saha,20,Male,Mechanical Engineering,5,2.5,,58,8,14,28,7,6,Yes,Both,0,51,Pass,Average
S23ME030,Vaishnavi Sen,22,Female,Mechanical Engineering,6,3,74,56,14.5,16.5,34,4,5.5,Yes,Online Courses,0,60,Pass,Good
S23ME031,Vishal Dey,21,Male,Mechanical Engineering,5,5.5,83,73,14.5,20.5,39,7,5,Yes,Both,0,67,Pass,Good
S23ME032,Trisha Chatterjee,21,Female,Mechanical Engineering,5,1,78.3,50,11,19.5,31,4,6,Yes,Online Courses,1,32,Fail,Needs Improvement
S23ME033,aarushi sinha,21,Female,Mechanical Engineering,5,3.5,84.7,54.2,14.5,21.5,29,10,7.5,Yes,,0,63,Pass,Good
S23ME034,Anirban Tiwari,22,Male,Mechanical Engineering,6,1.5,74.4,48.8,13,18.5,29,7,6.5,Yes,Online Courses,0,54,Pass,Average
S23ME035,Sayani Mukherjee,21,Female,Mechanical Engineering,6,1.0 hrs,71.7,68,14.5,23,32,5,8.5,Yes,Both,0,59,Pass,Average
S23ME036,Ritwik Datta,21,Male,mech,5,1,60.5,62.1,8.5,17,28,5,6.5,Yes,Both,1,62,Pass,Good
S23ME037,Poulami Mehta,20,Female,Mechanical Engineering,6,3,82.4,69.2,15.5,17,40,7,7.5,Yes,Both,0,70,Pass,Good
S23ME038,Ritwik Roy,22,Male,Mech. Engg,5,2,75.7,53.5,,13,26,5,7,Yes,Both,1,55,Pass,Average
S23ME039,Deepak Paul,20,Male,Mechanical Engineering,5,2.5,74.7,60.5,14.5,23.5,31,4,6.5,Yes,Online Courses,1,69,Pass,Good
S23ME040,Palak Sharma,20,Female,Mechanical Engineering,6,3,73.8,71,14,26.5,42,6,8.5,YES,Textbooks,0,70,Pass,Good
S23ME041,Saurabh Singh,21,Male,Mechanical Engineering,5,2,72.3,59,11.5,19,29,3,7,Yes,Online Courses,0,47,Pass,Needs Improvement
S23ME042,Harsh Khan,20,Male,Mechanical Engineering,6,1.5,68.9,62,11.5,17,30,3,6,Yes,Online Courses,0,46,Pass,Needs Improvement
S23ME043,Sohini Biswas,20,Female,Mechanical Engineering,6,1,58.7,58,11,11.5,25,3,6,N,Notes Only,1,29,Fail,Needs Improvement
S23ME044,Arjun Das,20,Male,Mechanical Engineering,5,1.5,82.2,86.9,15,26.5,44,7,8,Yes,Textbooks,0,84,Pass,Very Good
S23ME045,RITWIK ANSARI,21,Male,Mechanical Engineering,5,2,87.6,53.4,14,15,33,4,6,Yes,Notes Only,1,110,Pass,Needs Improvement
S23ME046,Rakesh Datta,20,Male,Mechanical Engineering,5,5,85,87,20,22.5,48,10,8,Yes,Both,0,81,Pass,Very Good
S23ME047,Palak Laha,20,Female,Mechanical Engineering,5,4.16,84,41,16.5,12,24,6,7,Yes,Both,0,47,Pass,Needs Improvement
S23ME048,Devi Biswas,21,Other,Mechanical Engineering,5,5,87.3,65,17,22,43,8,,Yes,Textbooks,0,74,Pass,Good
S23ME049,Rituparna Biswas,22,Female,Mechanical Engineering,6,6,95.4,85.7,19.5,29.5,44,9,7,Yes,Online Courses,0,81,Pass,Very Good
S23ME050,  Shreya Nandi,20,Female,Mechanical Engineering,6,4.5,69.3,71,14.5,19.5,28,8,7,Yes,Both,0,79,Pass,Very Good
S23ME051,Tushar Jain,20,Male,Mechanical Engineering,5,3,77.6,59.9,12.5,21,40,8,6.5,Yes,Both,0,58,Pass,Average
S23ME052,Kartik Bhattacharya,21,Male,Mechanical Engineering,6,2.41,73,36.6,13.5,14.5,29,4,6.5,Yes,Textbooks,1,49,Pass,Needs Improvement
S23ME053,Lakshya Pandey,20,Male,Mechanical,5,2.2,72.6,71.5,10,22,31,4,8.5,No,Both,0,61,Pass,Good
S23ME054,Rohan Jha,21,Male,Mechanical Engineering,5,9.5,99.7,69.8,20,26.5,48,8,7,No,Notes Only,0,89,Pass,Very Good
S23ME055,Lakshya Mishra,21,Male,Mechanical Engineering,5,4,66.3,69,9,22,32,5,7.5,Yes,Online Courses,0,45,Pass,Needs Improvement
S23ME056,Vikram Das,21,Male,Mechanical Engineering,6,2,67.9,69.1,11,17,30,5,5,Yes,Both,0,49,Pass,Needs Improvement
S23ME057,Rituparna Pandey,21,Female,Mechanical Engineering,6,3.5,81,67,12.5,18.5,34,5,5,Yes,Textbooks,0,55,Pass,Average
S23ME058,yash patel,20,male,Mechanical Engineering,5,2,66,63,13,17,31,6,7,Yes,Notes Only,0,64,Pass,Good
S23ME059,Sourav Biswas,21,Male,Mechanical Engineering,6,1.5,65.9,57.7,7.5,17.5,32,4,,Yes,Notes Only,0,37,Fail,Needs Improvement
S23ME060,Yash Saha,20,Male,Mechanical Engineering,5,3,91.7,80,16,27.5,42,9,4.5,No,Both,0,73,Pass,Good
S23ME061,Isha Saha,20,Female,Mechanical Engineering,5,3.5,62.7,74,15.5,27,32,6,8,Yes,Textbooks,0,82,Pass,Very Good
S23ME062,Mansi Kundu,21,Female,Mechanical Engineering,5,2.87,77.6,79,14,20,45,7,7,Yes,Both,1,60,Pass,Good
S23ME063,Harsh Sen,22,Male,Mechanical Engineering,5,1,65.1,61,11.5,18.5,34,5,8,Yes,Notes Only,1,47,Pass,Needs Improvement
S23ME064,Nisha Singh,20,Female,Mechanical Engineering,5,2.5,75.2,61.2,11,17,31,8,,Yes,,0,55,Pass,Average
S23ME065,Soham Basu,20,Male ,Mechanical Engineering,5,3,63.7,72,13,19.5,35,5,5.5,Yes,Notes Only,0,66,Pass,Good
S23ME066,Sohini Nair,20,Female,Mechanical Engineering,6,4,80.3,62.4,13.5,,34,7,7.5,Yes,Textbooks,1,54,Pass,Average
S23ME067,Isha Kundu,21,Female,Mechanical Engineering,5,1.5,58,,8,20.5,30,4,6.5,Yes,Notes Only,2,45,Pass,Needs Improvement
S23ME068,Gaurav Sen,21,Male,Mechanical Engineering,6,4,79.3,48.9,10.5,21.5,22,6,9.5,Yes,Both,0,57,Pass,Average
S23ME069,Vikram Purkayastha,20,Male,Mechanical Engineering,6,3.5,72.7,43,9,10,27,4,6.5,Yes,Online Courses,5,42,Pass,Needs Improvement
S23ME070,Divya Basu,20,Female,Mechanical Engineering,6,5.54,77.4,60.9,13.5,24,28,10,6,Yes,Notes Only,1,73,Pass,Good
S23ME071,Tushar Mehta,21,Male,Mechanical Engineering,5,2,86.4,56.3,12.5,19,28,7,4.5,Yes,,0,50,Pass,Average
S23ME072,Tanya Yadav,20,Female,Mechanical Engineering,5,3.53,112,60,11,18,35,6,5.5,Yes,,0,62,Pass,Good
S23ME073,Amit Mondal,22,Male,Mechanical Engineering,5,3.63,75.3,69.6,16,21.5,31,5,7,Yes,Textbooks,0,70,Pass,Good
S23ME074,Amit Roy,22,Male,Mechanical,6,2.5,75.6,45,13,22.5,38,7,7,,Online Courses,0,53,Pass,Average
S23ME075,Poulami Laha,20,Female,Mechanical Engineering,5,5,80.3,73.7,17,24.5,41,6,,Yes,Notes Only,0,83,Pass,Very Good
S23ME076,Arnab Sinha,21,Male ,Mechanical Engineering,6,2,77.5,64,9,16,28,4,7.5,Yes,Both,1,54,Pass,Average
S23ME077,Kartik Banerjee,20,Male,Mechanical Engineering,5,2,71.5,64,13,17,44,7,7,Yes,Both,1,71,Pass,Good
S23ME078,Debjani Rao,21,Female ,Mechanical,5,2.18,77.8,80,12.5,20,38,5,8,Yes,Textbooks,0,59,Pass,Average
S23ME079,Sasha Shah,21,Other,Mechanical Engineering,5,1.5,59.6,53,13,12,25,6,7.5,Yes,Both,0,45,Pass,Needs Improvement
S23ME080,Biswajit Sen,20,Male,Mechanical Engineering,5,9,99.3,82,20,30,40,7,7.5,Yes,Notes Only,0,95,Pass,Excellent
S23ME081,  Akash Patel,21,Male,Mechanical Engineering,5,2.5,78.3,84.8,16.5,28.5,35,6,6,Yes,Notes Only,0,77,Pass,Very Good
S23ME082,Dipankar Kapoor,20,Male,Mechanical Engineering,5,2.01,74.5,55.1,13.5,16.5,33,4,8,Yes,Notes Only,0,41,Pass,Needs Improvement
S23ME083,Suraj Datta,20,Male,Mechanical Engineering,6,4,84.6,63.8,13,16.5,36,7,4.5,Yes,Notes Only,0,62,Pass,Good
S23ME084,Soham Gupta,22,Male,Mechanical Engineering,5,,80.3,74.7,15,19.5,39,6,7,Yes,Both,0,79,Pass,Very Good
S23ME085,Manish Kapoor,21,Male,Mechanical,5,1.5,58,58.6,12,18,29,6,8.5,Yes,Both,1,49,Pass,Needs Improvement
S23ME086,Yash Khan,21,Male,Mechanical Engineering,6,5.5,96.5,71,17,26,41,7,6,Yes,Online Courses,0,75,Pass,Very Good
S23ME087,Naveen Nair,20,Male,Mechanical Engineering,6,2.5,82.3,60.2,12.5,14.5,40,5,8,Yes,Textbooks,1,49,Pass,Needs Improvement
S23ME088,Nikhil Singh,20,Male,Mechanical Engineering,5,3,75.6,49.1,8.5,14,23,7,7,Yes,Both,0,46,Pass,Needs Improvement
S23ME089,Suman Jain,22,Male,Mechanical Engineering,6,1.82,72.8,62.7,10,15,23,9,,Yes,Textbooks,1,46,Pass,Needs Improvement
S23ME090,Lakshya Das,20,Male,Mechanical Engineering,6,4,78.2,60.7,13.5,21,32,6,6,Yes,Online Courses,0,63,Pass,Good
S23ME091,Vivek Agarwal,21,Male,mech,5,3,82.1,73,15.5,23,36,,8.5,No,Both,0,53,Pass,Average
S23ME092,Rituparna Sharma,20,Female,Mechanical Engineering,5,3,69.8,63,,17.5,36,3,5,Yes,Online Courses,0,55,Pass,Average
S23ME093,Joydeep Laha,20,male,ME,6,3.5,,81,17.5,17,34,9,5.5,Yes,Online Courses,1,68,Pass,Good
S23ME094,Riya Bhattacharya,20,Female,Mechanical Engineering,5,2,78.9,76,15,20.5,33,8,6.5,Yes,Notes Only,0,64,Pass,Good
S23ME095,Aditya Kapoor,20,M,Mechanical Engineering,6,1,61.7,51.7,9.5,11.5,23,6,4.5,Yes,Textbooks,2,28,Fail,Needs Improvement
S23ME096,Jyoti Verma,20,Female,Mech. Engg,5,2,73.5,80,19.5,30,32,6,6.5,Yes,Both,0,79,Pass,Very Good
S23ME097,Sourav Bose,20,Male,Mechanical Engineering,6,7.5,100,86,18.5,23,40,9,8.5,Yes,Textbooks,0,93,Pass,Excellent
S23ME098,Sandip Mishra,20,Male,Mechanical Engineering,6,3.5,69,78,14,19.5,41,6,6.5,No,Online Courses,0,60,Pass,Good
S23ME099,Ritwik Sarkar,20,Male,Mechanical Engineering,5,2,73.8,67.8,12.5,20.5,32,9,7.5,Yes,Online Courses,0,69,Pass,Good
S23ME100,Payal Ansari,21,Female,Mechanical Engineering,5,6.5,94.9,97,20,30,49,9,6.5,Yes,Online Courses,0,100,Pass,Excellent
S23ME101,Mohit Kumar,20,Male,Mechanical Engineering,5,3.63,67.5,63,14.5,24,44,5,7.5,Yes,Both,0,79,Pass,Very Good
S23ME102,Shreya Chakraborty,20,Female,Mechanical Engineering,6,1.5,82.3,56,9.5,19.5,31,5,7,Yes,,1,59,Pass,Average
S23ME103,Subham Sen,22,Male,Mechanical Engineering,5,1.5,70.9,52.2,,20,32,5,4,Yes,Both,0,51,Pass,Average
S23ME104,Poulami Kapoor,20,Female,Mechanical Engineering,6,8.31,70.7,,20,30,41,10,8,Yes,Notes Only,0,83,Pass,Very Good
S23ME105,Prasenjit Pandey,20,Male,Mechanical Engineering,6,1.49,72.9,60,9,17.5,29,3,5.5,Yes,Online Courses,0,58,Pass,Average
S23ME106,Sagar Mukherjee,21,Male,Mechanical Engineering,5,3,83.3,73,14,21,28,5,7,Yes,Notes Only,0,58,Pass,Average
S23ME107,Poulami Halder,22,Female,Mechanical Engineering,6,5,85.1,61,17,23,41,5,6,Yes,Textbooks,0,47,Pass,Needs Improvement
S23ME108,Md Faisal Sinha,21,Male,Mechanical Engineering,5,3,95.2,72.9,16.5,18,29,5,8.5,Yes,Online Courses,0,66,Pass,Good
S23ME109,Anirban Jain,21,Male,Mechanical Engineering,5,2,70.9,64,12.5,15,30,7,6,Yes,Both,0,60,Pass,Good
S23ME110,Ayush Saha,20,Male,Mechanical Engineering,5,3,90.3,75.9,16.5,,36,6,7,Yes,Both,0,82,Pass,Very Good
S23ME111,Akash Kundu,20,Male,Mechanical Engineering,6,7.5,85.2,76,16,21,47,6,7,Yes,Both,0,77,Pass,Very Good
S23ME112,Moumita Majumdar,22,Female,Mechanical Engineering,6,1.96,84.3,64.2,13.5,24,35,5,6,Yes,Textbooks,0,70,Pass,Good
S23ME113,Akash Singh,22,Male,Mechanical Engineering,5,3,72.2,58,14,18,37,7,6.5,YES,Online Courses,0,55,Pass,Average
S23ME114,Naveen Sharma,21,Male,Mechanical Engineering,5,2,68.8,46.9,10,12.5,23,3,8,Yes,Online Courses,0,35,Fail,Needs Improvement
S23ME115,Sakshi Jha,20,Female,Mechanical Engineering,5,4,79.8,51.8,14.5,18.5,38,7,6.5,Yes,Textbooks,0,60,Pass,Good
S24AIM001,Rohan Pal,20,Male,CSE (AI & ML),3,3,84.1,83.7,16,20.5,42,9,5,Yes,Online Courses,0,76,Pass,Very Good
S24AIM002,Pratik Chatterjee,19,Male,CSE (AI & ML),3,1.5,73,59,13,21.5,34,6,7,Yes,,0,63,Pass,Good
S24AIM003,Rajesh Nair,19,Male,CSE (AI & ML),3,4,85.9,61.8,,25,40,,5.5,Yes,Both,0,67,Pass,Good
S24AIM004,Aditya Banerjee,19,Male,CSE (AI & ML),4,2.79,90.1,84.8,17.5,22.5,44,10,7,Yes,Online Courses,1,74,Pass,Good
S24AIM005,Vaishnavi Tiwari,19,FEMALE,CSE (AI & ML),3,3,64.7,66.3,11,19,32,,6,Yes,Textbooks,1,57,Pass,Average
S24AIM006,Vikram Purkayastha,19,Male,CSE (AI & ML),4,3.5,98,58.5,15,20,33,6,6,Yes,Textbooks,0,67,Pass,Good
S24AIM007,Jyoti Thakur,19,Female,CSE (AI & ML),3,2,69.9,69.3,11.5,20.5,21,5,7,Yes,Online Courses,1,58,Pass,Average
S24AIM008,Prasenjit Kundu,20,Male,CSE (AI & ML),4,4,82.7,70.1,12,21,34,6,7.5,Yes,Online Courses,0,58,Pass,Average
S24AIM009,Hina Dey,19,Female,CSE (AI & ML),3,4.25,85.8,61,13,23,38,4,,Yes,Both,0,71,Pass,Good
S24AIM010,Rajesh Das,19,Male,CSE (AI & ML),3,3,69.9,73,14,20.5,38,8,7.5,Yes,Both,0,66,Pass,Good
S24AIM011,Pratik Saha,19,Male,CSE (AI & ML),4,6.26,93.9,67.2,17.5,24,41,6,8,Yes,Textbooks,0,73,Pass,Good
S24AIM012,Mohit Basu,19,Male,CSE (AI & ML),4,1.5,81.6,74.3,12.5,25,30,5,6,,Online Courses,0,76,Pass,Very Good
S24AIM013,Bhavna Purkayastha,19,Female,CSE (AI & ML),3,1.5,74.5,46,11,16.5,29,5,,Yes,Textbooks,0,45,Pass,Needs Improvement
S24AIM014,Garima Jain,20,Female,CSE (AI & ML),4,4.25,89,52.5,,13.5,33,7,7.5,YES,Both,0,61,Pass,Good
S24AIM015,Garima Sharma,20,Female,CSE (AI & ML),4,0.5,47.4,54,5,9,37,7,4.5,Yes,Online Courses,2,28,Fail,Needs Improvement
S24AIM016,Pratik Nandi,20,Male,CSE (AI & ML),4,6.84,91.7,71,13,21,34,6,6,Yes,Online Courses,0,77,Pass,Very Good
S24AIM017,Joydeep Rao,20,Male,CSE (AI & ML),3,6.6,76.2,73.6,14.5,22,42,6,6,No,both,0,76,Pass,Very Good
S24AIM018,Mahima Pal,20,Female,CSE (AI & ML),3,1.5,67,60,11,15.5,30,6,5,Yes,Online Courses,0,47,Pass,Needs Improvement
S24AIM019,Sumit Thakur ,19,Male,CSE (AI & ML),3,0.5,52.1,39.2,7,15,20,3,7.5,Yes,Both,1,32,Fail,Needs Improvement
S24AIM020,Shivam Bose,20,Male,CSE (AI & ML),4,3,77.2,59,11.5,21.5,30,5,6,Yes,Online Courses,0,54,Pass,Average
S24AIM021,Rahul Halder,21,Male,CSE (AI & ML),4,6,97.8,77,15.5,25,38,10,7,Yes,Both,0,84,Pass,Very Good
S24AIM022,Shivam Banerjee,19,Male,CSE (AI & ML),3,2,61.4,56,13,17,23,7,5.5,Yes,Notes Only,1,36,Fail,Needs Improvement
S24AIM023,Mansi Purkayastha,21,Female,CSE (AI & ML),3,2,87,51,14,15,34,6,5.5,Yes,Textbooks,0,51,Pass,Average
S24AIM024,Yash Verma,20,Male,CSE (AI & ML),4,1.33,39.8,32,7.5,11.5,29,4,7,No,Notes Only,3,12,Fail,Needs Improvement
S24AIM025,Srijita Thakur,20,Female,CSE (AIML),4,4,94.6,62,15.5,20,41,9,7,Yes,Textbooks,1,50,Pass,Average
S24AIM026,Arjun Mishra,20,Male,CSE (AI & ML),4,5,100,76.2,16.5,28,46,10,8,Yes,Notes,0,93,Pass,Excellent
S24AIM027,Gaurav Patel,19,Male,cse aiml,4,2,,58.6,12,20,34,7,7,Yes,Both,0,57,Pass,Average
S24AIM028,Garima Basu,19,Female,CSE (AI & ML),3,3.96,88.7,81,16,24.5,37,8,6,Yes,Textbooks,1,64,Pass,Good
S24AIM029,Rohan Basu,20,Male,CSE (AI & ML),3,1,67.6,57,11.5,12.5,29,4,6.5,Yes,Notes Only,0,42,Pass,Needs Improvement
S24AIM030,Sourav Banerjee,20,Male,CSE (AI & ML),4,2.5,70.9,63.7,11,16,33,3,7.5,Yes,Online Courses,2,50,Pass,Average
S24AIM031,Ritwik Saha,20,Male,CSE (AI & ML),4,,59.7,56.5,10,13,30,8,8.5,Yes,Both,1,50,Pass,Average
S24AIM032,Kavya Verma,19,Female,CSE(AIML),3,0.81,58,51.7,7,14,28,8,8,Yes,Online Courses,1,36,Fail,Needs Improvement
S24AIM033,Manish Halder,20,Male,CSE (AI & ML),3,-2,87.3,62.9,14,13.5,37,7,5.5,Yes,Online Courses,0,65,Pass,Good
S24AIM034,Ayush Patel ,21,Male,CSE (AI & ML),3,1,68.1,60,11,10.5,31,6,6,Yes,Textbooks,0,44,Pass,Needs Improvement
S24AIM035,Nisha Jain,20,Female,CSE (AI & ML),3,2.56,77.6,72.9,14.5,20.5,27,7,6,Yes,Textbooks,0,63,Pass,Good
S24AIM036,Ananya Paul,19,Female,CSE (AI & ML),3,2.14,78.5,64.2,,20,36,8,6.5,Yes,Textbooks,0,58,Pass,Average
S24AIM037,Kavya Nandi,21,Female,CSE (AI & ML),4,2,68.5,53.2,9,11.5,29,6,7.5,Yes,Online Courses,1,41,Pass,Needs Improvement
S24AIM038,Akash Rao,19,Male ,CSE (AI & ML),4,4,87.7,68,12.5,20,40,5,6.5,Yes,Both ,1,67,Pass,Good
S24AIM039,Amit Nair,19,Male ,CSE (AI & ML),4,1,70.4,59.3,10.5,17.5,36,5,8,Yes,Textbooks,1,56,Pass,Average
S24AIM040,Aarav Bhattacharya,20,Male,CSE (AI & ML),4,6.1,91.8,90.4,15.5,30,45,8,6.5,Yes,Textbooks,0,92,Pass,Excellent
S24AIM041,Rituparna Khan,19,Female,CSE (AI & ML),3,4,72.5,61.8,,17,34,4,7,No,Notes Only,2,51,Pass,Average
S24AIM042,Suman Sinha,20,Male,CSE (AI & ML),4,2.5,84.9,66,15.5,24,41,8,5,YES,Textbooks,0,78,Pass,Very Good
S24AIM043,Saurabh Mondal,21,Male,CSE (AI & ML),4,2.5,79.9,61,15,17.5,38,9,7.5,Yes,Textbooks,0,60,Pass,Good
S24AIM044,Aditi Yadav,19,Female,CSE-AIML,4,5,85,71,14,16.5,33,7,6,Yes,Notes Only,0,63,Pass,Good
S24AIM045,Tanushree Biswas,20,Female,CSE (AI & ML),4,3.82,81.9,64,12,24,34,8,5,Yes,Online Courses,0,61,Pass,Good
S24AIM046,Piyush Malhotra,19,Male,CSE (AI & ML),4,2.0 hrs,65,59,13,17,23,4,5.5,Yes,Textbooks,0,54,Pass,Average
S24AIM047,Tanya Ghosh,19,Female ,CSE(AIML),3,1,68.4,48,9,13.5,27,7,7.5,Yes,Both,1,50,Pass,Average
S24AIM048,Priya Patel,20,Female,CSE (AI & ML),3,2,71.4,62.7,14.5,16,30,4,6,Y,Online Courses,0,49,Pass,Needs Improvement
S24AIM049,Sumit Reddy,19,Male,CSE (AI & ML),3,2,76.8,61.8,12,16.5,29,7,7.5,Yes,Textbooks,1,60,Pass,Good
S24AIM050,Abhishek Shah,20,Male,CSE (AI & ML),3,2.5,83.4,62,15.5,21.5,39,8,7.5,Yes,Online Courses,0,62,Pass,Good
S24AIM051,Garima Mishra,19,Female,CSE (AI & ML),3,2,79.1,54.8,15,19.5,33,6,,Yes,Textbooks,0,63,Pass,Good
S24AIM052,Palak Nandi,19,Female,CSE (AI & ML),4,2.5,74.7,72,13.5,22.5,30,6,6.5,Yes,notes only,0,63,Pass,Good
S24AIM053,  Vishal Gupta,20,Male,CSE (AI & ML),4,2,73.6,72,17.5,18.5,41,6,7,Yes,Textbooks,1,67,Pass,Good
S24AIM054,Shivam Biswas,19,Male,CSE (AI & ML),3,2.5,85,46,12.5,19,31,9,8,Yes,Both,0,54,Pass,Average
S24AIM055,Pratik Pal,20,Male,CSE (AI & ML),4,2.09,86.1,67.6,16.5,19.5,45,8,5,Yes,Textbooks,0,75,Pass,Very Good
S24AIM056,Chandni Halder,20,Female,CSE (AI & ML),3,,92.1,52.4,16,23,37,7,6,Yes,Both,1,75,Pass,Very Good
S24AIM057,Jayesh Mondal,20,Male,CSE (AI & ML),3,3,62.2,74,13,24.5,37,8,7,Yes,Both,0,58,Pass,Average
S24AIM058,Rahul Reddy,19,Male,CSE (AI & ML),3,1,59.6,57,12,13,33,5,,Yes,Both,2,50,Pass,Average
S24AIM059,Rohan Das,19,Male,CSE (AI & ML),3,2.5,89.8,63.7,16,23.5,40,5,5,yes,Both,0,75,Pass,Very Good
S24AIM060,Mansi Chakraborty,19,Female,CSE (AI & ML),4,3.5,79.8,70,11.5,23.5,42,8,7.5,Yes,Online Courses,0,62,Pass,Good
S24AIM061,Nisha Ghosh,19,Female,cse aiml,4,4.5,150,78,17,22.5,37,7,5,Yes,Online Courses,0,82,Pass,Very Good
S24AIM062,imran singh,19,Male,CSE (AI & ML),4,2,66.9,67.1,11,14,28,4,7.5,Yes,Textbooks,1,39,Fail,Needs Improvement
S24AIM063,Tushar Mondal,19,Male,AI & ML,4,3,68.4,55,16.5,19.5,28,7,7.5,Yes,Textbooks,1,65,Pass,Good
S24AIM064,Jyoti Mishra,20,Female,CSE (AI & ML),3,4.5,88.9,67.6,11,18.5,37,5,7.5,No,Both,0,60,Pass,Good
S24AIM065,Tanya Agarwal,20,Female,CSE (AI & ML),3,4.5,100,68,14.5,29,34,8,6,Yes,Both,0,73,Pass,Good
S24AIM066,Sanjana Basu,20,Female,CSE (AI & ML),3,2.5,77.2,46,12.5,16,31,6,6.5,Yes,Both,0,44,Pass,Needs Improvement
S24AIM067,Karan Ansari,20,Male,AI & ML,4,4,81.4,51.6,10.5,27.5,32,8,6.5,Yes,Online Courses,0,68,Pass,Good
S24AIM068,Aarav Dutta,19,male,CSE (AI & ML),3,4,76.5,77.2,17,25.5,44,8,6,Yes,both,0,82,Pass,Very Good
S24AIM069,Piyush Ghosh,20,Male,CSE (AI & ML),3,1,67.7,49.3,12,15.5,22,6,5.5,Yes,Both,0,44,Pass,Needs Improvement
S24AIM070,Aditya Kumar,19,Male,CSE (AI & ML),4,,75.00%,59.9,11,20,31,8,9,No,Both,1,48,Pass,Needs Improvement
S24AIM071,Sanjana Paul,20,Female,CSE (AI & ML),3,5.5,94.5,59,18,22.5,40,9,6.5,No,both,0,80,Pass,Very Good
S24AIM072,Nisha Pal,19,Female,CSE (AIML),3,3,65.5,76.4,12,18.5,27,6,6.5,Yes,Both,1,65,Pass,Good
S24AIM073,Sumit Banerjee,20,Male,CSE (AI & ML),3,1.51,,56.4,10.5,15,29,5,6,Yes,Online Courses,2,47,Pass,Needs Improvement
S24AIM074,Rakesh Sinha,20,Male,CSE (AI & ML),3,3.5,79.2,77.7,18,26.5,44,6,8.5,No,Both,0,80,Pass,Very Good
S24AIM075,Pratik Verma,19,Male,CSE (AI & ML),4,2,80.6,68,16,18.5,39,7,7.5,Yes,Online Courses,0,64,Pass,Good
S24AIM076,Poulami Singh,19,Female,CSE (AI & ML),4,4.06,84.6,65,15.5,21,34,7,6.5,Yes,Textbooks,0,66,Pass,Good
S24AIM077,Arjun Dey,20,Male,CSE (AI & ML),4,2,74.8,62,14,,39,4,6,No,Online Courses,0,60,Pass,Good
S24AIM078,Sandip Gupta,21,M,CSE (AI & ML),4,2,64.5,63,13,10,43,3,6.5,Yes,Online Courses,2,41,Pass,Needs Improvement
S24AIM079,Nisha Sen,19,Female,CSE (AI & ML),3,3,69.1,61,14.5,20,38,8,6,Yes,Both,0,55,Pass,Average
S24AIM080,Mansi Nair,20,Female,CSE (AI & ML),3,3,85.2,60.8,13.5,23,30,6,4.5,Yes,Both,0,87,Pass,Very Good
S24AIM081,Harsh Sinha,20,Male,cse aiml,4,2,,62.9,12,18,33,6,8,Yes,Textbooks,2,58,Pass,Average
S24AIM082,Shreya Nandi,19,Female,CSE (AI & ML),3,1.26,60.2,43,9,13.5,24,5,8,Yes,Textbooks,2,26,Fail,Needs Improvement
S24AIM083,Anirban Bhattacharya,20,Male,CSE (AI & ML),4,2.5,62.5,,10.5,23.5,30,5,6,Y,Online Courses,0,51,Pass,Average
S24AIM084,Rakesh Khan,19,Male,CSE (AI & ML),3,1.66,65.5,64,9.5,19,28,,5.5,No,Textbooks,0,47,Pass,Needs Improvement
S24AIM085,Lakshya Majumdar,20,Male,CSE (AI & ML),4,1.77,65.7,58,13,16.5,29,5,8.5,No,Online Courses,1,54,Pass,Average
S24AIM086,Priya Thakur,19,Female,CSE (AI & ML),3,1.5,71.9,49,10.5,11,35,6,7,Yes,Online Courses,3,35,Fail,Needs Improvement
S24AIM087,Deepak Pandey,20,Male,CSE (AI & ML),4,2,66.6,57,9,19,32,,7,No,Online Courses,0,44,Pass,Needs Improvement
S24AIM088,Moumita Ansari,19,Female,CSE (AI & ML),3,5,88.6,84.6,16,23,44,8,0,Yes,Notes Only,0,73,Pass,Good
S24AIM089,Ananya Gupta,19,Female,CSE (AI & ML),3,1,55.7,50,10,16,31,3,5.5,Yes,Online Courses,2,33,Fail,Needs Improvement
S24AIM090,Meghna Sen,20,Female,CSE (AI & ML),3,1.01,74.5,47.4,7,8.5,22,2,7,Yes,Online Courses,5,17,Fail,Needs Improvement
S24AIM091,Sagar Jha,19,Male,CSE (AI & ML),3,1.5,60.8,64,14,15.5,26,7,7.5,Yes,Textbooks,1,40,Pass,Needs Improvement
S24AIM092,Nikhil Ghosh,21,Male,CSE (AI & ML),3,3,79.4,80,15.5,27.5,40,4,5.5,Yes,Textbooks,0,74,Pass,Good
S24AIM093,Riya Sen,19,Female,CSE (AI & ML),3,1,52.6,56.5,10,13.5,33,6,7.5,Yes,online courses,0,47,Pass,Needs Improvement
S24AIM094,Arjun Mehta,19,Male,CSE (AI & ML),3,4.25,86.4,73,13.5,,33,8,7.5,Yes,Notes Only,0,74,Pass,Good
S24AIM095,Ashish Shah,19,Male,CSE (AI & ML),4,3.5,82.5,65,15,13,36,7,7,Yes,Online Courses,0,,,
S24AIM096,Kavya Jha,19,Female,CSE (AI & ML),4,6.5,,57,14,16.5,34,5,7.5,Yes,Both,0,66,Pass,Good
S24AIM097,Vivek Verma,20,Male,CSE (AI & ML),4,9.35,97.7,83,16,29,46,8,7.5,Yes,Notes Only,0,85,Pass,Very Good
S24AIM098,Mohit Laha,20,Male,CSE (AI & ML),3,3,,56.4,13,16,29,8,6,No,Both,1,63,Pass,Good
S24AIM099,Kavya Ghosh,20,Female,CSE (AI & ML),3,1,64.5,48,8.5,17,27,6,6.5,Yes,Textbooks,1,31,Fail,Needs Improvement
S24AIM100,Sneha Patel,19,Female,CSE (AI & ML),3,2,61.3,48,8.5,16,26,5,7,Yes,Notes Only,0,42,Pass,Needs Improvement
S24AIM101,Shreya Tiwari,20,Female,CSE (AI & ML),3,2.5,73.9,59,13,20,41,8,7.5,Yes,Both,0,66,Pass,Good
S24AIM102,Vivek Saha,20,Male,CSE (AIML),3,3.4,69.7,50,10,10,31,3,5,Yes,Online Courses,0,42,Pass,Needs Improvement
S24AIM103,Ritika Mukherjee,20,Female,CSE (AI & ML),3,3,75.4,65.6,11,14.5,30,5,6.5,No,Textbooks,0,61,Pass,Good
S24AIM104,Sayan Dey,21,Male,CSE (AI & ML),3,3,82,62.3,10,18,28,8,7,No,Text Books,0,64,Pass,Good
S24AIM105,Sayan Shah,19,Male,AI & ML,3,3,86.4,80,15,20,31,9,6,Yes,Online Courses,0,64,Pass,Good
S24AIM106,Rohan Das,20,Male,CSE (AI & ML),3,1,55.2,58.2,11.5,22,34,6,5.5,Yes,Both,0,45,Pass,Needs Improvement
S24AIM107,Prasenjit Laha,20,Male,CSE (AI & ML),3,5,89.9,75,16,26,43,9,6.5,Yes,Textbooks,0,77,Pass,Very Good
S24AIM108,Shreya Purkayastha,19,Female,CSE (AI & ML),3,3.5,82,63,14.5,16,37,8,5,Yes,Online Courses,0,66,Pass,Good
S24AIM109,Sneha Majumdar,19,Female,CSE (AIML),4,1.5,76.5,63.9,14,22.5,30,,6.5,Yes,Notes Only,0,59,Pass,Average
S24AIM110,Md Faisal Sen,19,Male,CSE (AI & ML),4,2,81.4,42,11,13.5,31,6,7.5,Yes,Both,0,48,Pass,Needs Improvement
S24AIM111,Bhavna Bose,20,F,CSE (AI & ML),4,3,69.7,78.2,,17,35,6,7.5,Yes,Online Courses,0,71,Pass,Good
S24AIM112,Chandni Saha,20,Female,CSE (AI & ML),3,3.4,88,63.3,12.5,17,39,7,7,Yes,Textbooks,0,66,Pass,Good
S24AIM113,Rishabh Biswas,21,Male,CSE (AI & ML),3,1,64.3,45.2,10,17,29,4,7.5,Yes,Notes Only,4,35,Fail,Needs Improvement
S24AIM114,Suman Ansari,21,Male,CSE (AI & ML),3,2,59.4,51,10.5,17.5,29,5,7.5,Yes,Textbooks,1,63,Pass,Good
S24AIM115,Debjani Roy,20,Female,CSE (AI & ML),3,1,72.6,59,13,19.5,32,3,6.5,Yes,Both,0,53,Pass,Average
S24AIM116,  Sourav Basu,19,MALE,CSE (AI & ML),4,4.5,84,58.8,15.5,21,35,6,6.5,Yes,Online Courses,0,56,Pass,Average
S24AIM117,Om Sarkar,19,Male,CSE (AI & ML),3,3.5,88.7,60.8,15.5,22,31,6,8.5,Yes,Online Courses,0,58,Pass,Average
S24AIM118,Srijita Mishra,19,Female,CSE (AI & ML),3,6,,88.4,15,22.5,50,7,7,Yes,Both,0,89,Pass,Very Good
S24AIM119,Soham Khan,19,Male,CSE (AI & ML),4,3.39,86.4,67.7,15.5,22.5,41,6,7,Yes,Textbooks,0,71,Pass,Good
S24AIM120,Ankit Laha,19,Male,AI & ML,3,3,73.9,73.9,16,28,41,9,7,Yes,Both,1,73,Pass,Good
S24AIM121,Riya Mishra,21,Female,CSE (AI & ML),4,3,78.7,53.2,12.5,19,33,3,7.5,Yes,,1,55,Pass,Average
S24AIM122,Vishal Datta,19,Male,CSE (AI & ML),3,2,70.3,65.8,16,23.5,37,7,7,Yes,Textbooks,0,63,Pass,Good
S24AIM123,Zoya Chatterjee,20,Female,CSE (AI & ML),3,1.06,77.9,54,10,8.5,18,3,7.5,Yes,Notes Only,4,25,Fail,Needs Improvement
S24AIM124,Vivek Pandey,21,Male,CSE (AI & ML),4,4,67.9,71,15.5,26,32,8,5.5,Yes,Textbooks,1,67,Pass,Good
S24AIM125,Aditi Thakur,20,Female,CSE (AI & ML),3,3,66,52.9,12.5,15,32,4,5.5,No,Both,0,38,Fail,Needs Improvement
S24AIM126,Mahima Majumdar,19,Female,CSE (AI & ML),3,2,70.7,53,12,17,24,,5.5,Yes,Textbooks,0,52,Pass,Average
S24AIM127,Tushar Paul,19,Male,CSE (AI & ML),3,2,85.1,74.2,11,19,36,7,7,Yes,Textbooks,0,60,Pass,Good
S24AIM128,Piyush Thakur,20,Male,CSE (AI & ML),3,3.81,76.5,57.9,12,19,36,5,5.5,Yes,Both,0,48,Pass,Needs Improvement
S24AIM129,Pratik Jain,20,Male,CSE (AI & ML),3,3.5,83.9,53.3,16.5,25.5,29,7,6.5,Yes,notes only,0,67,Pass,Good
S24AIM130,Prasenjit Datta,21,Male,CSE (AI & ML),3,4,83,67,14.5,19.5,35,,5.5,Yes,Online Courses,0,66,Pass,Good
S24AIM131,Nikhil Agarwal,19,Male,CSE (AI & ML),4,2,60.9,84,14,24.5,40,7,7,Yes,Both,0,74,Pass,Good
S24AIM132,Sayan Paul,20,Male,CSE (AI & ML),4,2.5,72.8,74.7,14.5,19,32,3,7,Yes,Textbooks,1,60,Pass,Good
S24AIM133,Shivam Majumdar,19,Male,CSE (AI & ML),3,5.02,84.5,72,13,18,39,8,7,Yes,Both,1,56,Pass,Average
S24AIM134,Sumit Roy,20,Male,CSE (AI & ML),3,2.5,73.6,63,14,13,35,8,6.5,No,Textbooks,0,68,Pass,Good
S24AIM135,Hina Sinha,19,Female,CSE (AI & ML),3,1,62.3,61,13,24,37,5,8.5,Yes,online courses,0,58,Pass,Average
S24AIM136,Debjani Banerjee,20,Female,CSE (AI & ML),4,3.5,82.6,62,12.5,16.5,30,4,6.5,Yes,Both,0,64,Pass,Good
S24AIM137,Sneha Patel,20,Female,CSE (AI & ML),4,6,100,70.4,,18,37,6,8,Yes,Both,0,92,Pass,Excellent
S24AIM138,Subham Mondal,19,Male,CSE (AI & ML),3,2,82.2,61,14,18,37,8,6.5,Yes,Online Courses,0,66,Pass,Good
S24AIM139,Tanmay Thakur,20,Male,CSE (AI & ML),4,2.5,83.7,68,11.5,15,42,7,6.5,Yes,Online Courses,0,52,Pass,Average
S24AIM140,Sumit Pal,19,Male,CSE (AI & ML),3,5.5,81.4,70.9,16.5,25,38,5,25,Yes,Both,0,78,Pass,Very Good
S24AIM141,Ritika Ansari,19,Female,CSE-AIML,4,1.5,91,58,12,13.5,30,5,8.5,Yes,Both,0,52,Pass,Average
S24AIM142,Ananya Mondal,20,Female,CSE-AIML,4,3.43,81.4,86,14.5,27,50,10,7.5,Yes,Online Courses,0,100,Pass,Excellent
S24AIM143,  Pooja Sarkar,20,female,CSE (AI & ML),3,3,87.3,61.9,16,24,27,6,7.5,Yes,Notes Only,0,69,Pass,Good
S24AIM144,Tushar Jain,20,Male,CSE (AI & ML),3,2,,70,11,15.5,37,4,6,Yes,Online Courses,0,79,Pass,Very Good
S24AIM145,Sagar Reddy,19,Male,CSE (AI & ML),4,3,79.6,72,15.5,21.5,41,6,7.5,YES,Both,0,70,Pass,Good
S24AIM146,Suraj Halder,20,Male,CSE (AI & ML),3,2.38,59.1,54.5,10.5,10.5,28,4,7.5,Yes,Both,0,41,Pass,Needs Improvement
S24AIM147,Subham Sen,20,Male,CSE (AI & ML),3,2.29,70.1,46,12,15,34,5,7,Yes,Notes Only,2,43,Pass,Needs Improvement
S24AIM148,Palak Yadav,20,Female,CSE (AI & ML),3,1,63.5,53,10.5,14,35,,5.5,Yes,Online Courses,2,30,Fail,Needs Improvement
S24AIM149,Saurabh Khan,20,Male,CSE(AIML),3,2,70.1,41,10,15,36,6,7.5,Yes,Both,1,40,Pass,Needs Improvement
S24AIM150,Aarav Kundu,19,Male,CSE (AI & ML),3,4.51,75.7,66.4,,20.5,32,7,6,Yes,Online Courses,0,76,Pass,Very Good
S24AIM151,Khushi Banerjee,20,FEMALE,CSE (AI & ML),4,2.5,67.6,59,15.5,17,33,6,5.5,Yes,Both,1,59,Pass,Average
S24AIM152,Rishabh Majumdar,19,Male,CSE (AI & ML),4,5,72,69.2,18.5,23,39,5,4.5,Yes,Both,0,80,Pass,Very Good
S24AIM153,Vikram Banerjee,19,Male,CSE (AI & ML),3,2,,72,13.5,21.5,31,,,Yes,Both,0,75,Pass,Very Good
S24AIM154,Piyush Basu,20,Male,CSE (AI & ML),3,4.5,73.3,64,14.5,19.5,37,3,7.5,Yes,Online Courses,0,43,Pass,Needs Improvement
S24AIM155,Rashmi Patel,20,Female,CSE-AIML,3,2,52.5,56,8.5,13,32,4,6.5,Yes,Notes Only,4,35,Fail,Needs Improvement
S24AIM156,Rishabh Patel,19,Male,CSE (AI & ML),3,1.5,79,41.5,8.5,9,22,4,6.5,Yes,Textbooks,3,19,Fail,Needs Improvement
S24AIM157,Arjun Datta,20,Male,CSE (AIML),3,2,56.8,62,14,17.5,34,5,6.5,Yes,Notes Only,0,42,Pass,Needs Improvement
S24AIM158,Garima Mukherjee,19,Female,CSE (AI & ML),4,2.11,71.8,38,10,16.5,32,7,5,Yes,Textbooks,0,44,Pass,Needs Improvement
S24AIM159,Kartik Halder,20,Male,CSE (AI & ML),3,2.5,76.7,65.1,11.5,16,2,6,5.5,Yes,Online Courses,2,52,Pass,Average
S24AIM160,Aarav Yadav,21,Male,CSE (AI & ML),4,5.5,95.3,75,15.5,19,41,7,8,Yes,Both,0,86,Pass,Very Good
S24AIM161,Rahul Datta,19,Male,CSE (AI & ML),3,2.84,95.4,46.1,19.5,17.5,30,8,7,Yes,Notes Only,0,56,Pass,Average
S24AIM162,Simran Reddy,20,Female,CSE (AI & ML),3,3.5,89.8,69.9,18.5,21,41,8,7.5,no,Textbooks,0,67,Pass,Good
S24AIM163,Sanjana Sharma,19,Female,CSE (AI & ML),3,2.03,70.30%,67,14,21.5,33,8,6,Yes,Both,0,70,Pass,Good
S24AIM164,Manish Yadav,21,Male,CSE (AI & ML),4,7,89.9,59,12.5,16,32,5,4.5,Yes,Textbooks,0,62,Pass,Good
S24AIM165,Sourav Roy,20,Male,CSE (AI & ML),3,2.5,65,75,14.5,23,41,6,8,Yes,Both,0,74,Pass,Good
S24AIM166,Rohan Mondal,20,Male,CSE(AIML),3,1,73.3,63.6,11,15.5,29,8,6.5,No,Notes Only,0,54,Pass,Average
S24AIM167,Trisha Paul,19,Female,CSE (AI & ML),3,3,83.2,78.1,18,27.5,39,,5.5,,Both,0,70,Pass,Good
S24AIM168,Md Faisal Shah,19,Male,AI & ML,4,1.96,75.5,57,6.5,,33,6,7.5,Yes,Online Courses,0,47,Pass,Needs Improvement
S24AIM169,Tanya Sharma,21,Female,CSE (AI & ML),3,4,75.6,62.9,9.5,19.5,41,7,8.5,Yes,Textbooks,0,66,Pass,Good
S24AIM170,Lakshya Pal,19,Male,CSE(AIML),4,2,61.8,56.3,12,19,38,7,,Yes,Textbooks,0,52,Pass,Average
S24AIM171,pooja bose,19,Female,CSE (AI & ML),3,2,59.4,58,13.5,24,35,7,6,No,Online Courses,0,59,Pass,Average
S24AIM172,Sagar Biswas,20,Male,CSE (AI & ML),3,2.5,78.1,54,11.5,15,34,5,6.5,Yes,Online Courses,0,63,Pass,Good
S24AIM173,Kunal Jain,21,Male,CSE (AI & ML),3,2.6,71,68.8,13,21,41,5,6,Yes,Online Courses,0,69,Pass,Good
S24AIM174,Tushar Jain,20,Male,CSE (AI & ML),3,3,63.4,58,12,14.5,22,6,6.5,Yes,Both,1,50,Pass,Average
S24AIM175,Soham Sharma,20,Male,CSE (AI & ML),3,3.03,80.5,70.7,13,21.5,29,6,7.5,Yes,Textbooks,0,54,Pass,Average
S24AIM176,Simran Paul,20,FEMALE,CSE (AI & ML),3,1.5,71.4,73.5,14,22.5,36,6,6,Yes,Textbooks,0,75,Pass,Very Good
S24AIM177,Tushar Sharma,20,Male,CSE (AI & ML),3,3.5,74.2,69.1,13,17.5,30,9,6.5,Yes,Textbooks,0,69,Pass,Good
S24AIM178,Rohan Gupta,20,Male,CSE (AI & ML),3,2,80.2,58.4,13.5,14,33,7,7,yes,Online Courses,0,51,Pass,Average
S24AIM179,Esha Sinha,19,Female,CSE (AI & ML),4,6.5,85.2,91,18.5,24,42,7,6.5,Yes,Textbooks,0,91,Pass,Excellent
S24AIM180,Lakshya Dutta,20,Male,CSE (AI & ML),3,1.5,73.1,66.1,9,14.5,33,5,,Yes,Both,1,61,Pass,Good
S24AIM181,Sanjana Laha,20,Female,CSE (AI & ML),3,2,59.3,47,10,18.5,22,5,5.5,Yes,Textbooks,1,36,Fail,Needs Improvement
S24AIM182,Hina Sinha,20,Female,CSE (AI & ML),4,3,77.7,59,13.5,16.5,29,7,7,Yes,Online Courses,0,58,Pass,Average
S24AIM183,Utsav Dutta,19,Male,CSE (AI & ML),3,2,84.3,65,13.5,20,28,5,6,Yes,Both,0,62,Pass,Good
S24AIM184,Ritwik Yadav,19,Male,CSE (AI & ML),3,2.73,86.2,58,14,29.5,33,5,7,Yes,Online Courses,0,81,Pass,Very Good
S24AIM185,Soham Sinha,20,Male,CSE (AI & ML),3,4.77,73.6,75,16,19.5,30,7,7,Yes,Textbooks,0,71,Pass,Good
S24AIM186,Tanushree Paul,20,Female,CSE(AIML),3,5.79,98.3,68,16.5,20,30,8,8.5,Yes,Online Courses,0,69,Pass,Good
S24AIM187,Abhishek Khan,19,Male,CSE (AI & ML),3,3,69.1,58,17,21,35,5,8.5,No,Textbooks,0,50,Pass,Average
S24AIM188,Moumita Basu,19,Female,CSE (AI & ML),3,1,71,46.8,8,13,36,7,8.5,Yes,Both,2,28,Fail,Needs Improvement
S24AIM189,Suraj Mishra,19,Male,CSE (AI & ML),3,1,61.2,48.7,12,15,27,9,10,Yes,Textbooks,2,44,Pass,Needs Improvement
S24AIM190,Amit Mukherjee,20,Male,CSE (AI & ML),3,1.5,74.7,,15.5,24.5,36,10,8,Yes,online courses,0,81,Pass,Very Good
S24AIM191,Rohan Datta,19,Male ,CSE (AI & ML),3,2.5,88.5,64.9,9.5,20.5,27,,5.5,Yes,Online Courses,0,67,Pass,Good
S24AIM192,Subham Bose,19,Male,CSE (AI & ML),4,1.52,74.3,55,9,19.5,30,4,5,Yes,Notes Only,1,47,Pass,Needs Improvement
S24AIM193,Diya Jain,19,Female,CSE (AI & ML),3,1.5,79.3,61.6,14,17.5,37,7,5.5,Yes,Online Courses,0,51,Pass,Average
S24AIM194,Joydeep Khan,19,Male,CSE (AI & ML),3,3,83.4,72.8,14,17,38,5,7.5,Yes,Both,0,75,Pass,Very Good
S24AIM195,Divya Khan,19,Female,CSE (AI & ML),3,4.45,90,65,13.5,19,32,7,6.5,Yes,Online Courses,0,59,Pass,Average
S24AIM196,Nitin Khan,19,Male,CSE (AI & ML),3,2.5,81.6,64.5,13,25,36,5,8,Yes,Online Courses,0,77,Pass,Very Good
S24AIM197,Vishal Das,20,Male,CSE (AI & ML),3,1,55.3,55,8.5,18.5,26,4,6.5,Yes,Notes Only,2,43,Pass,Needs Improvement
S24AIM198,Rituparna Paul,19,Female,CSE-AIML,3,1,65.3,42.1,10,13,27,4,5.5,Yes,Textbooks,0,41,Pass,Needs Improvement
S24AIM199,Garima Jha,19,Female,CSE (AI & ML),4,1.5,67.5,57.3,12,21.5,39,5,7,Yes,Both,0,46,Pass,Needs Improvement
S24AIM200,Manish Bhattacharya,19,Male,CSE (AI & ML),3,1.5,70.2,42.1,6.5,12.5,25,5,6,Yes,Textbooks,1,50,Pass,Average
S24AIM201,Sneha Jha,21,Female,CSE (AI & ML),4,6,,82.3,19.5,30,48,10,6.5,No,Both,0,86,Pass,Very Good
S24AIM202,Vivek Paul,19,Male,CSE (AI & ML),4,2,73.1,61,11,18.5,24,5,7.5,,Both,1,53,Pass,Average
S24AIM203,Tanmay Majumdar,19,Male,CSE (AI & ML),4,4,94.6,46.5,13.5,18.5,25,6,9,Yes,Both,1,53,Pass,Average
S24AIM204,Tanya Rao,19,Female,CSE (AI & ML),4,5.74,100,75.7,17,25.5,45,,5,Yes,Both,0,87,Pass,Very Good
S24AIM205,Ishita Malhotra,20,Female,CSE (AI & ML),3,3,69.7,53,12.5,17.5,36,5,7,Yes,Textbooks,0,53,Pass,Average
S24AIM206,Srijita Dutta,20,Female,CSE (AI & ML),3,7.5,90.8,60,16.5,25,44,4,4.5,Yes,Online Courses,0,83,Pass,Very Good
S24AIM207,Urvashi Basu,19,Female,CSE (AI & ML),3,3.83,78.6,72,17,24,36,7,7,Yes,Online Courses,0,78,Pass,Very Good
S24AIM208,Falguni Malhotra,19,Female,CSE (AI & ML),3,2.5,74.7,52,9,19,27,5,6,Yes,Textbooks,0,43,Pass,Needs Improvement
S24AIM209,Pratik Biswas,19,Male,CSE-AIML,4,2,71.40%,61.5,11,18.5,30,2,8,yes,Both,0,55,Pass,Average
S24AIM210,Debjani Mondal,19,Female,CSE (AI & ML),4,5.5,86.6,61.4,16.5,21.5,36,7,7.5,yes,Both,0,62,Pass,Good
S24AIM211,Abhishek Nandi,19,Male,CSE (AI & ML),4,5.5,100,,17,23,38,10,6,YES,Online Courses,0,83,Pass,Very Good
S24AIM212,Naveen Tiwari,21,Male,CSE (AI & ML),3,3,,64,14,18.5,34,6,6.5,Yes,Both,0,63,Pass,Good
S24AIM213,Soham Banerjee,19,Male,CSE (AI & ML),4,3,88.7,,16,19,27,4,6.5,Yes,Online,1,51,Pass,Average
S24AIM214,Sayan Kumar,20,Male,CSE (AI & ML),3,4.76,80.4,80,16,21.5,38,,6.5,Yes,Textbooks,0,75,Pass,Very Good
S24AIM215,Urvashi Jha,21,Female,CSE (AI & ML),3,1,77.1,48,10.5,17,35,6,6.5,Yes,Textbooks,0,49,Pass,Needs Improvement
S24AIM216,Sourav Roy,20,Male,CSE (AI & ML),3,3.5,77.4,69.2,14.5,22.5,41,5,7,Yes,Notes Only,0,61,Pass,Good
S24AIM217,Md Faisal Saha,19,Male,CSE (AI & ML),4,2.5,69.8,59.1,12,19,27,4,9,No,Online Courses,1,42,Pass,Needs Improvement
S24AIM218,Vishal Roy,21,Male,CSE (AI & ML),3,3.5,94.2,66.4,13.5,29,44,8,7,No,Both,0,88,Pass,Very Good
S24AIM219,Simran Singh,20,Female,CSE (AI & ML),4,2,69.4,55,14.5,11.5,22,3,7,YES,Both,0,51,Pass,Average
S24AIM220,Joydeep Mukherjee,20,Male,CSE (AI & ML),3,4.5,85.8,66.4,18,24.5,42,8,8,Yes,Both,0,78,Pass,Very Good
S24AIM221,Anirban Mondal,20,Male,CSE (AI & ML),3,0.82,66.9,63.4,10.5,14,34,5,5.5,Yes,Online Courses,0,52,Pass,Average
S24AIM222,Deepak Nandi,19,Male,CSE (AI & ML),4,4.1,82,,15,19.5,35,7,5,Yes,Online Courses,0,64,Pass,Good
S24AIM223,Harsh Datta,20,Male,CSE (AI & ML),4,3.24,78.1,70.4,18.5,18.5,37,5,,Yes,Online Courses,0,59,Pass,Average
S24AIM224,Zoya Purkayastha,19,Female,CSE (AI & ML),3,4,60,61.4,12,17.5,26,8,7.5,Yes,Both,1,50,Pass,Average
S24AIM225,Sayan Bose,19,Male,CSE (AI & ML),3,2,,55.3,14,12,21,4,7,Yes,Both,0,51,Pass,Average
S24AIM226,Prasenjit Chatterjee,19,Male,CSE (AI & ML),3,2,74.7,60.6,16,20,39,6,7,Yes,Online Courses,0,56,Pass,Average
S24AIM227,Rituparna Gupta,19,female,CSE (AI & ML),3,2.5,71.9,52.8,11,17,26,6,7.5,Yes,Both,0,-7,Pass,Good
S24AIM228,Abhishek Tiwari,19,Male,CSE (AI & ML),3,3.5,62.9,67.8,10,16.5,35,9,6.5,yes,Textbooks,1,65,Pass,Good
S24AIM229,Suraj Basu,20,Male,CSE (AI & ML),4,2,77.6,50,11,16.5,25,4,7.5,No,Notes Only,3,46,Pass,Needs Improvement
S24AIM230,Piyush Mehta,19,Male,CSE (AI & ML),4,3,82.6,65,14.5,24,35,6,7.5,No,Textbooks,1,64,Pass,Good
S24AIM231,Aarav Sinha,19,Male,CSE (AI & ML),3,2,77.6,68,,12.5,31,4,7,,Online Courses,0,65,Pass,Good
S24AIM232,Khushi Ansari,20,Female,CSE (AI & ML),4,2.54,71.4,53,13.5,21.5,25,6,6.5,Yes,Textbooks,0,61,Pass,Good
S24AIM233,Dev Verma,20,Male,CSE (AI & ML),3,2.01,,55.1,7,15.5,32,9,7,Yes,Online Courses,0,44,Pass,Needs Improvement
S24AIM234,Pratik Dutta,19,Male,CSE (AI & ML),3,3,87.1,68.4,14,19,36,8,7,Yes,Notes Only,1,55,Pass,Average
S24AIM235,Subham Tiwari,21,Male,CSE (AI & ML),3,1,59.8,38.8,7,11.5,28,4,6,Yes,Online Courses,3,23,Fail,Needs Improvement
S24AIM236,Ashish Dey,19,Male,CSE (AI & ML),3,1.5,54.7,63,11,19.5,34,6,7,Yes,Both,0,59,Pass,Average
S24AIM237,Bhavna Ghosh,20,Female,CSE (AI & ML),4,5.5,80.8,70,15,26.5,38,6,6.5,Yes,Textbooks,0,79,Pass,Very Good
S24AIM238,Suman Nandi,20,Male,CSE (AI & ML),4,1.5,,74,17,20,40,7,6.5,Yes,Textbooks,0,61,Pass,Good
S24AIM239,Sandip Ansari,20,Male,CSE (AI & ML),3,3,82.9,62.8,10,18.5,29,7,4,Yes,Both,1,61,Pass,Good
S24AIM240,Jyoti Jha,19,Female,CSE (AI & ML),3,6,99.4,42,10,12.5,35,9,6.5,Yes,Both,0,60,Pass,Good
S24AIM241,Prasenjit Yadav,20,Male,CSE (AI & ML),4,1.5,72.3,59.9,11,18.5,36,8,6.5,Yes,Both,1,62,Pass,Good
S24AIM242,Joydeep Tiwari,21,Male,CSE (AI & ML),3,1.06,57.2,49.5,90,15.5,32,4,6.5,Yes,Online Courses,3,36,Fail,Needs Improvement
S24AIM243,Jayesh Roy,20,Male,CSE (AI & ML),4,2,,63,14.5,,31,,6.5,Yes,Both,0,59,Pass,Average
S24AIM244,Swati Thakur,19,Female,CSE (AI & ML),3,1,55.3,56,10,12.5,26,5,5,Yes,Both,1,23,Fail,Needs Improvement
S24AIM245,Vivek Purkayastha,20,Male,CSE (AI & ML),3,2.99,72.7,63.1,14,19,31,6,7,Yes,Notes Only,0,56,Pass,Average
S24AIM246,Lakshya Rao,19,Male,CSE (AI & ML),4,4,78.6,46,12.5,17.5,33,8,6,Yes,Both,0,66,Pass,Good
S24AIM247,Amit Ansari,19,Male,CSE (AI & ML),3,2.5,65.6,64,15,23.5,35,7,6.5,Yes,Notes Only,0,66,Pass,Good
S24AIM248,Biswajit Thakur,20,Male,CSE (AI & ML),4,3,77.7,46.1,12.5,19,35,7,6.5,No,Both,2,54,Pass,Average
S24AIM249,Rishabh Sarkar,19,Male,CSE (AI & ML),4,,66.3,61.7,,18.5,24,6,6,Yes,Textbooks,0,64,Pass,Good
S24AIM250,Ashish Chakraborty,20,Male,CSE (AI & ML),4,6.75,85.9,74.3,16,25,41,10,5.5,Yes,Textbooks,0,82,Pass,Very Good
S24AIM251,Ayush Khan,19,Male,CSE (AI & ML),3,2.78,82.5,55.9,12.5,18.5,30,6,6.5,Yes,Textbooks,1,52,Pass,Average
S24AIM252,Subham Jain,19,Male,CSE (AI & ML),4,4,93.7,66.2,,22,39,7,8,No,Notes Only,0,62,Pass,Good
S24AIM253,Jayesh Nandi,20,Male,CSE (AI & ML),4,1,66,64.4,12.5,18.5,30,5,5.5,Yes,Textbooks,0,59,Pass,Average
S24AIM254,Kavya Majumdar,19,Female,CSE (AI & ML),4,2.5,,67,,25,31,6,5.5,Yes,both,0,70,Pass,Good
S24AIM255,  Vishal Sharma,19,Male,CSE (AI & ML),4,2.12,54.3,54.8,11,18.5,27,3,6.5,Yes,Both ,1,42,Pass,Needs Improvement
S24AIM256,Sandip Datta,20,MALE,CSE (AI & ML),4,3.34,-5,73,17,24.5,38,10,5,Yes,Textbooks,0,78,Pass,Very Good
S24AIM257,Akash Malhotra,19,Male,CSE (AI & ML),4,1.5,72.6,63,16.5,17.5,41,4,5.5,Yes,Both,0,66,Pass,Good
S24AIM258,Zoya Verma,20,Female,CSE (AI & ML),4,2,73.6,50.6,12,19,37,5,9,Yes,Textbooks,0,59,Pass,Average
S24AIM259,Sakshi Malhotra,20,Female,CSE (AI & ML),4,2,112,63.9,12.5,23,47,5,7,Yes,Online Courses,0,60,Pass,Good
S24AIM260,Naveen Paul,19,Male,CSE (AI & ML),3,3,66.8,75,12.5,18.5,36,3,5.5,Yes,Both,0,58,Pass,Average
S24AIM261,Kavya Laha,19,Female,CSE (AI & ML),3,2,75.6,57,10.5,18,40,6,,Yes,Both,3,49,Pass,Needs Improvement
S24AIM262,Nisha Chakraborty,19,Female,CSE (AI & ML),4,4,77.4,73.3,13.5,20,31,4,7.5,Yes,Online Courses,0,63,Pass,Good
S24AIM263,Lakshya Khan,20,Male,CSE (AI & ML),4,5.5,95.7,77,19.5,29.5,35,7,8,No,Online Courses,0,96,Pass,Excellent
S24AIM264,Kartik Mishra,19,Male,CSE (AI & ML),4,3,81,60,11,19.5,37,6,6,Yes,Notes Only,0,61,Pass,Good
S24AIM265,Abhishek Jain,19,Male,CSE (AI & ML),4,1.74,71.3,80.7,13,21.5,29,8,6,Yes,Notes Only,0,67,Pass,Good
S24AIM266,Manish Sharma,21,Male,CSE (AI & ML),4,2,79.1,64,10,15,28,4,5,YES,Both ,0,68,Pass,Good
S24AIM267,Esha Bose,19,Female,CSE (AI & ML),4,0.96,67.6,41,6.5,7.5,27,,7,Yes,Both,1,33,Fail,Needs Improvement
S24AIM268,Jayesh Malhotra,20,Male,CSE (AI & ML),3,4.03,77.6,50.1,15.5,18,33,7,6.5,Yes,,0,61,Pass,Good
S24AIM269,Khushi Mondal,20,Female,CSE (AI & ML),3,2.5,,59.1,9.5,,34,6,8,Yes,Both,0,40,Pass,Needs Improvement
S24AIM270,Soham Singh,19,Male,CSE (AI & ML),3,2.5,,60,15,24,35,6,6.5,Yes,Textbooks,0,73,Pass,Good
S24AIM271,Karan Khan,20,Male,CSE (AI & ML),3,3,86.4,60.1,12.5,18,39,4,7,Yes,Online Courses,0,69,Pass,Good
S24AIM272,Lakshya Saha,20,Male,CSE (AI & ML),3,1.12,59.7,53.1,11.5,16.5,26,,7,Yes,Both,0,43,Pass,Needs Improvement
S24AIM273,Shivam Mehta,20,Male,CSE (AI & ML),3,5,71.4,82.9,16,26,42,7,6.5,Yes,Textbooks,0,86,Pass,Very Good
S24AIM274,Karan Pal,20,Male,CSE (AI & ML),4,1.93,74.8,57,14.5,15,30,7,5.5,Yes,Textbooks,1,46,Pass,Needs Improvement
S24AIM275,Sandip Roy,20,Male,CSE (AI & ML),3,2,71.2,57.3,12,16,28,7,5,Yes,Notes,0,51,Pass,Average
S24AIM276,Kunal Jha,19,Male,AI & ML,4,4.64,95.8,70,14.5,19,32,5,7.5,Yes,Online Courses,0,67,Pass,Good
S24AIM277,Deepak Roy,20,Male,CSE (AI & ML),3,1.67,61.6,51,,14,36,6,6,No,Online Courses,2,52,Pass,Average
S24AIM278,Tanushree Rao,19,FEMALE,CSE (AI & ML),4,3,77.2,67,14.5,20.5,27,6,7,Yes,Textbooks,0,68,Pass,Good
S24AIM279,Anushka Saha,20,FEMALE,CSE (AI & ML),4,2.5,84.6,67,15,23,37,,8.5,Yes,Textbooks,0,71,Pass,Good
S24AIM280,Tushar Rao,19,Male,CSE (AI & ML),4,5.5,82,70,12.5,21,45,8,8.5,Yes,Textbooks,0,79,Pass,Very Good
S24AIM281,Nikhil Ansari,19,Male,CSE (AI & ML),3,3.99,82.4,83,,26.5,48,5,7,Yes,Both,0,94,Pass,Excellent
S24AIM282,Vaishnavi Chatterjee,19,Female,CSE (AI & ML),4,4.5,72.4,75,14,23,35,6,6.5,Yes,Both,0,74,Pass,Good
S24AIM283,Nikhil Chatterjee,21,Male,CSE (AI & ML),3,1,77.3,46.6,8.5,14.5,27,3,6.5,Yes,Online Courses,1,42,Pass,Needs Improvement
S24AIM284,Riya Yadav,20,female,CSE(AIML),3,4.76,92.9,75,14.5,20.5,35,7,,YES,Online Courses,0,80,Pass,Very Good
S24AIM285,Gaurav Das,19,Male,CSE (AI & ML),3,2,86.7,54,12.5,19,38,5,8,Yes,Online Courses,0,46,Pass,Needs Improvement
S24AIM286,Nitin Thakur,20,Male,CSE (AI & ML),4,6,83.2,81,17.5,26,42,6,6,Yes,Textbooks,0,88,Pass,Very Good
S24AIM287,Falguni Bose,20,Female,CSE (AI & ML),3,3,85.3,61,11,21,26,5,8,Yes,Online Courses,2,56,Pass,Average
S24AIM288,Palak Kapoor,19,Female,CSE (AI & ML),4,2.5,68.4,62,9.5,13.5,39,4,5.5,Yes,Textbooks,2,55,Pass,Average
S24AIM289,Rituparna Bose,20,Female,CSE (AI & ML),3,4.23,89.2,73,18.5,21,38,7,8,Yes,Notes,0,450,Pass,Very Good
S24AIM290,Rahul Kapoor,20,Male,CSE (AI & ML),3,9.5,96.9,97,20,30,48,10,7.5,No,Online Courses,0,100,Pass,Excellent
S24AIM291,Simran Jain,19,Female,CSE (AI & ML),3,2,66.1,50,11.5,11,26,4,7.5,Yes,Online Courses,1,33,Fail,Needs Improvement
S24AIM292,Ayush Khan,19,Male,CSE (AI & ML),4,2,75.6,51,11,19,41,5,5.5,Yes,Both,0,48,Pass,Needs Improvement
S24AIM293,Ananya Thakur,20,Female,CSE (AI & ML),3,2.11,69.6,52.7,8.5,11,27,6,5.5,Yes,Textbooks,1,32,Fail,Needs Improvement
S24AIM294,  Rohan Dey,20,Male,CSE (AI & ML),3,2.5,71.2,67.3,13,18,34,4,4,Yes,Online Courses,2,55,Pass,Average
S24AIM295,Joydeep Mishra,19,Male,CSE (AI & ML),3,5,89.8,67,14.5,22.5,28,7,7,Yes,Notes Only,0,84,Pass,Very Good
S24AIM296,Neha Jha,20,Female,CSE (AI & ML),3,2.5,72.9,73,14,27.5,29,4,5.5,Yes,Online Courses,0,77,Pass,Very Good
S24AIM297,Vishal Malhotra,19,Male,CSE (AI & ML),3,3,88,56,15.5,20.5,31,3,7,Yes,Textbooks,0,71,Pass,Good
S24AIM298,Imran Laha,20,Male,CSE (AI & ML),3,2,66.9,54,9.5,13.5,32,6,6,Yes,Textbooks,1,44,Pass,Needs Improvement
S24AIM299,Rohan Singh,20,Other,CSE (AI & ML),4,2,63.4,70.9,13.5,23,31,7,8,Yes,,2,54,Pass,Average
S24AIM300,Prasenjit Ansari,20,MALE,CSE (AI & ML),4,2,75.8,64.3,10,19.5,34,4,5,Yes,Both,0,66,Pass,Good
S24AIM301,Shreya Singh,20,Female,CSE (AI & ML),4,3,84.1,61.9,15,26.5,36,7,5.5,No,Textbooks,0,65,Pass,Good
S24AIM302,Nikhil Basu,21,Male,CSE (AI & ML),3,2.5,69,51.1,12,16,34,7,8,Yes,Notes Only,0,47,Pass,Needs Improvement
S24AIM303,Pooja Majumdar,20,Female,CSE (AI & ML),3,3.5,82.5,67.3,16.5,20.5,35,N/A,6.5,Yes,Online Courses,0,72,Pass,Good
S24AIM304,Hina Malhotra,19,Female,CSE (AI & ML),3,2.5,78.6,59.2,10.5,18.5,33,4,6.5,Yes,Both,0,58,Pass,Average
S24AIM305,Ankit Bhattacharya,19,Male ,CSE (AI & ML),3,3.5,100,78,16,22,44,7,6,Yes,Online Courses,0,73,Pass,Good
S24AIM305,Ankit Bhattacharya,19,Male ,CSE (AI & ML),3,3.5,100,78,16,22,44,7,6,Yes,Online Courses,0,73,Pass,Good
S24AIM306,Sagar Verma,20,Male,CSE (AI & ML),3,1.5,80.5,58,11,21.5,31,8,6.5,Yes,Both,0,72,Pass,Good
S24AIM307,Jayesh Chakraborty,19,Male,CSE (AI & ML),4,3,78,59,9,10,27,7,7,Yes,,0,54,Pass,Average
S24AIM308,Vishal Roy,19,Male,CSE (AI & ML),3,2,75.8,67,19,18.5,38,6,7,Yes,Textbooks,0,76,Pass,Very Good
S24AIM309,Sohini Sen,19,Female,CSE (AIML),4,2,73.4,51,10,17,23,4,6,Yes,Both,0,53,Pass,Average
S24AIM310,Sagar Mishra,20,Male,cse aiml,4,9.5,73.8,69,15,27.5,39,6,5,Yes,Textbooks,1,76,Pass,Very Good
S24AIM311,Mahima Sinha,20,Female,CSE (AI & ML),3,2.5,88.1,65,19,25.5,34,6,7,Yes,Both,0,78,Pass,Very Good
S24AIM312,Dev Nair,20,Male,CSE (AI & ML),4,4,79.8,60.9,14,19.5,42,9,6,,Notes Only,0,74,Pass,Good
S24CSE001,Ritwik Mishra,21,Male,Computer Science & Engineering,4,,76.6,62,11,19.5,34,6,6.5,Yes,Textbooks,1,66,Pass,Good
S24CSE002,Sohini Halder,19,Female,Computer Science & Engineering,3,3,93.1,73,18.5,23,38,7,7.5,No,Online Courses,0,78,Pass,Very Good
S24CSE003,Vivek Rao,20,male,Computer Science & Engineering,4,,80.2,76,15,19,38,9,7,Yes,Both,0,76,Pass,Very Good
S24CSE004,Garima Malhotra,19,Female,Computer Science & Engineering,3,4.5,72.2,62.8,12.5,22,34,7,8,Yes,Notes Only,0,59,Pass,Average
S24CSE005,Ishita Saha,19,Female,Computer Science & Engineering,4,3,67.2,53.6,15.5,20.5,32,7,5,Yes,Both,0,47,Pass,Needs Improvement
S24CSE006,Yash Ghosh,19,Male,Computer Science & Engineering,3,3,94.1,63,16,20.5,32,3,6,Yes,Online Courses,0,69,Pass,Good
S24CSE007,Karan Kumar,19,Male,Comp Sci & Engg,3,2.04,63.3,68,13.5,22.5,34,7,5,Yes,Online Courses,0,54,Pass,Average
S24CSE008,Anushka Ghosh,19,Female,Computer Science & Engineering,4,2,72.3,52,12,15,26,6,6,Yes,Both,0,38,Fail,Needs Improvement
S24CSE009,Ishita Datta,19,Female,Computer Science & Engineering,3,5.03,100,72,16,23.5,39,9,4,Yes,Textbooks,0,69,Pass,Good
S24CSE010,Sohini Datta,19,Female,Comp Sci & Engg,3,4,73.4,58.4,9.5,19.5,41,7,7,Y,Both,0,67,Pass,Good
S24CSE011,Vikram Halder,20,Male,Computer Science & Engineering,3,4,76.1,86.1,17.5,28.5,45,10,8.5,Yes,Textbooks,0,78,Pass,Very Good
S24CSE012,Sneha Sarkar,20,Female,cse,3,3.5,85.4,58,14.5,16.5,34,6,7,Yes,Notes Only,0,53,Pass,Average
S24CSE013,Neha Majumdar,21,Female,Computer Science & Engineering,3,3.33,69.4,51,13.5,20.5,38,6,6.5,Yes,Online Courses,0,56,Pass,Average
S24CSE013,Neha Majumdar,21,Female,Computer Science & Engineering,3,3.33,69.4,51,13.5,20.5,38,6,6.5,Yes,Online Courses,0,56,Pass,Average
S24CSE014,Rajesh Mehta,19,Male,Computer Science & Engineering,4,3,65.1,56,16.5,16,28,8,8,Yes,Textbooks,1,54,Pass,Average
S24CSE015,DEEPAK PAUL,19,Male,Computer Science & Engineering,4,6,82,43,12,18.5,32,9,5.5,Yes,Online Courses,0,61,Pass,Good
S24CSE016,Tanmay Das,21,Male,Computer Science & Engineering,4,4,70.9,70,18,30,45,8,7,Yes,Both,0,87,Pass,Very Good
S24CSE017,Swati Jha,19,Female,Computer Science & Engineering,3,2.01,85.6,61,12.5,16.5,32,,7,Yes,Both,1,63,Pass,Good
S24CSE018,Suman Paul,19,Male,Computer Science & Engineering,3,2,84.5,66.6,13,13,42,4,5,Yes,Online Courses,1,58,Pass,Average
S24CSE019,Rashmi Thakur,19,Female,Computer Science & Engineering,3,4,81.8,70,,22,32,7,,Yes,Notes Only,0,57,Pass,Average
S24CSE020,Srijita Kumar,20,Female,Computer Science & Engineering,3,,92.4,68.3,17.5,20,34,10,,No,Both,0,61,Pass,Good
S24CSE021,Sanjana Nair,19,Female,Computer Science & Engineering,3,6,93.4,75,15.5,21,43,5,6,Yes,Online Courses,0,80,Pass,Very Good
S24CSE022,Nikita Sharma,20,Female,Computer Science & Engineering,4,2.91,59.6,65,12,15,29,6,7.5,Yes,Both,0,59,Pass,Average
S24CSE023,Vikram Laha,20,Male,Computer Science & Engineering,3,3.97,72.2,,11.5,18.5,38,8,7,Yes,Textbooks,1,58,Pass,Average
S24CSE024,Swati Mehta,20,Female,Computer Science & Engineering,3,2,68.9,58,17,18.5,32,8,6,Yes,Both,0,59,Pass,Average
S24CSE025,Suman Khan,19,Male,Computer Science & Engineering,3,3.6,91.2,67.5,17.5,,35,6,6.5,Yes,Both,0,70,Pass,Good
S24CSE026,Karan Kumar,19,Male,Computer Science & Engineering,3,2,69.6,43.4,12,10,29,5,5,Yes,Both,1,31,Fail,Needs Improvement
S24CSE027,Nitin Bose,20,Male,Computer Science & Engineering,3,5,86.3,70.8,15,21,41,7,6.5,Yes,Textbooks,0,81,Pass,Very Good
S24CSE028,Anushka Sharma,20,Female,Computer Science & Engineering,4,4,89,51.3,13.5,15.5,39,6,,Yes,Notes,0,46,Pass,Needs Improvement
S24CSE029,Arjun Roy,20,Male,Computer Science & Engineering,4,9.5,91,85,20,29,50,9,6,Yes,Online Courses,0,100,Pass,Excellent
S24CSE030,Ritwik Halder,21,Male,Computer Science & Engineering,3,2,49.5,,9,17,25,5,7.5,Yes,Both,1,51,Pass,Average
S24CSE031,Sudipta Dey,20,Female,Computer Science & Engineering,3,3,77,62.2,13,21.5,30,6,5,Yes,Online Courses,0,52,Pass,Average
S24CSE032,Jyoti Chatterjee,20,Female,Computer Science & Engineering,4,1.5,55.8,62,11.5,13.5,34,8,6.5,Yes,Online Courses,1,48,Pass,Needs Improvement
S24CSE033,RIYA MONDAL,19,Female,Computer Science & Engineering,3,4,68.5,70.4,14,19.5,33,8,6.5,Yes,Textbooks,1,75,Pass,Very Good
S24CSE034,Srijita Sharma,20,Female,Computer Science & Engineering,4,5.5,91.2,65.7,16,23.5,42,7,7.5,Yes,Textbooks,0,71,Pass,Good
S24CSE035,Vaishnavi Saha,20,Female,Computer Science & Engineering,3,1.33,56.1,52.3,9.5,17,26,2,6,Yes,Textbooks,0,49,Pass,Needs Improvement
S24CSE036,Falguni Sarkar,19,Female,Computer Science & Engineering,3,3,76.4,61.5,12,17.5,31,8,7,Yes,Textbooks,1,63,Pass,Good
S24CSE037,Nisha Sharma,19,Female,Computer Science & Engineering,3,,73.8,60.7,10.5,18.5,35,4,7,Yes,Both,0,49,Pass,Needs Improvement
S24CSE038,Manish Jha,19,Male,Computer Science & Engineering,3,3,67.5,56,13,18,31,7,4.5,Yes,Both,0,53,Pass,Average
S24CSE039,anirban purkayastha,20,Male,Computer Science & Engineering,4,6,85,88.3,16,30,45,6,7,Yes,Both,0,93,Pass,Excellent
S24CSE040,Biswajit Khan,20,Male,Computer Science & Engineering,3,2.42,74.6,47.6,10.5,13.5,32,7,3.5,Yes,Online Courses,0,54,Pass,Average
S24CSE041,Dev Nandi,20,Male,Computer Science & Engineering,3,3,94.3,42,12.5,15,28,9,6,Yes,Both,2,49,Pass,Needs Improvement
S24CSE042,Shivam Basu,20,Male,Computer Science & Engineering,3,2,77.9,66.9,9.5,17.5,40,6,7,Yes,Both,0,61,Pass,Good
S24CSE043,Nikhil Mishra,19,Male,Computer Science & Engineering,4,3,81.6,60,15,17,36,6,6.5,Yes,,0,53,Pass,Average
S24CSE044,Joydeep Kapoor,19,Male,Computer Science & Engineering,4,2.5,73.9,66.5,13,13.5,34,4,6,Yes,Textbooks,1,52,Pass,Average
S24CSE045,Palak Bose,19,Female,Computer Science & Engineering,4,3.44,82.1,79.1,19,19,47,5,8,Yes,Both,0,80,Pass,Very Good
S24CSE046,Swati Ansari,19,Female,Computer Science & Engineering,3,2,81.2,61,8.5,15.5,22,3,6,Yes,Both,1,47,Pass,Needs Improvement
S24CSE047,Rituparna Nair,20,Female,Computer Science & Engineering,4,1,69.2,37,7,9,2,3,8,Yes,Both,2,22,Fail,Needs Improvement
S24CSE048,Sourav Paul,20,Male,Computer Science & Engineering,3,4.5,78.7,62.2,13,18,28,,6.5,Yes,Notes Only,0,60,Pass,Good
S24CSE049,Nitin Patel,19,Male,Computer Science & Engineering,3,3.5,88.5,68,16,21.5,36,5,6,Yes,Textbooks,0,64,Pass,Good
S24CSE050,Garima Patel,21,Female,Computer Science & Engineering,3,2,92.4,59.9,14.5,21,33,3,8.5,Yes,Both,1,65,Pass,Good
S24CSE051,Ashish Das,20,male,Computer Science & Engineering,4,2,70.3,67,14,17,17,6,6.5,Yes,Both,0,52,Pass,Average
S24CSE052,Om Chakraborty,21,Male,Computer Science & Engineering,4,4,69.8,71.6,,20,38,7,7.5,No,both,0,70,Pass,Good
S24CSE053,Piyush Majumdar,20,Male,Computer Science & Engineering,4,3,92.5,72.9,13.5,21.5,35,4,7,Yes,Textbooks,0,,,
S24CSE054,Amit Kundu,19,Male,Computer Science & Engineering,3,1,65.8,48,6.5,78,30,7,6.5,No,Textbooks,0,43,Pass,Needs Improvement
S24CSE055,subham jain,20,Male,cse,3,3,86.7,58.8,12.5,21.5,31,8,7.5,Yes,Text Books,0,54,Pass,Average
S24CSE056,Chandni Chatterjee,20,Female,Computer Science & Engineering,3,2.24,70.1,50.6,11,21,32,4,5.5,Yes,Online Courses,0,51,Pass,Average
S24CSE057,Aditya Chatterjee,20,Male,Computer Science & Engineering,3,2,79.4,65,16.5,18.5,43,6,7.5,Yes,Both,1,56,Pass,Average
S24CSE058,Shreya Majumdar,20,Female,Computer Science & Engineering,4,1,65.2,47.6,12,17,31,5,6,Yes,Online Courses,1,41,Pass,Needs Improvement
S24CSE059,Suraj Banerjee,19,Male,Computer Science & Engineering,3,1.5,67.8,42,8.5,17,30,5,6.5,Yes,Both,1,37,Fail,Needs Improvement
S24CSE060,Chandni Kapoor,19,Female,Computer Science & Engineering,3,,66.9,46.2,9.5,15.5,27,6,6.5,Yes,Both,0,53,Pass,Average
S24CSE061,Sumit Datta,19,Male,Computer Science & Engineering,4,2,71.6,60,7.5,18,23,5,5.5,Yes,Textbooks,3,33,Fail,Needs Improvement
S24CSE062,Sagar Sarkar,19,Male,C.S.E,3,1.5,67.3,50.5,10.5,17,31,2,8.5,Yes,Textbooks,2,38,Fail,Needs Improvement
S24CSE063,Anushka Sen,21,Female,Computer Science & Engineering,4,4.5,86.1,76.2,17,22.5,35,6,,Yes,,0,86,Pass,Very Good
S24CSE064,utsav banerjee,19,Male,Computer Science & Engineering,3,3,69.3,74,16,26.5,37,6,7,Yes,Online Courses,0,76,Pass,Very Good
S24CSE065,Ari Sarkar,19,Other,Computer Science & Engineering,3,2,69.4,68,13.5,16.5,34,7,7,Yes,Both,1,51,Pass,Average
S24CSE066,Rishabh Agarwal,19,Male,Computer Science & Engineering,3,4.5,65.9,75,14,25,36,6,5.5,Yes,Both,0,78,Pass,Very Good
S24CSE067,Khushi Bose,20,Female,Computer Science & Engineering,3,3.15,65.8,,12,25.5,40,7,6.5,No,Notes Only,0,65,Pass,Good
S24CSE068,Ritwik Nair,19,Male,Computer Science & Engineering,4,3.81,82.8,61,11,20.5,33,6,3.5,Yes,Both,0,75,Pass,Very Good
S24CSE069,Lakshya Singh,20,Male,Computer Science & Engineering,3,5,96.8,59,17.5,14.5,27,7,7.5,Yes,Notes Only,0,76,Pass,Very Good
S24CSE070,Srijita Mukherjee,20,Female,C.S.E,3,3.5,120,67.1,18,26,45,8,6.5,No,Online Courses,0,79,Pass,Very Good
S24CSE071,Ankit Reddy,19,Male,Computer Science & Engineering,3,1,66.5,64,10,11.5,34,6,8,,Online Courses,0,53,Pass,Average
S24CSE072,Ritwik Jain,19,Male,cse,4,6,75.9,81.6,14.5,21,41,7,7.5,Yes,Both,0,82,Pass,Very Good
S24CSE073,Esha Malhotra,21,Female,Computer Science & Engineering,3,2,85.1,78,15.5,18.5,30,5,5.5,Yes,Notes Only,0,57,Pass,Average
S24CSE074,Sohini Purkayastha,19,Female,Computer Science & Engineering,4,3.5,77.3,65.2,15.5,17.5,40,7,4.5,Yes,Notes Only,2,63,Pass,Good
S24CSE075,Nikhil Ansari,19,Male,Computer Science & Engineering,3,2.5,78.4,74.3,11.5,17.5,28,4,6.5,Yes,Both,0,63,Pass,Good
S24CSE076,Riya Laha,20,Female,Computer Science & Engineering,3,1,65.2,34,9.5,14,24,2,4.5,Yes,Both,1,26,Fail,Needs Improvement
S24CSE077,Imran Kundu,20,Male,Computer Science & Engineering,4,1,61.5,65.2,8,13,12,8,5.5,Yes,Both,1,49,Pass,Needs Improvement
S24CSE078,Sayani Kundu,19,Female,Computer Science & Engineering,4,3.84,77,85.1,13.5,24,46,7,7,Yes,Online Courses,0,70,Pass,Good
S24CSE079,Swati Reddy,20,Female,Computer Science & Engineering,4,4,76.1,59.6,17.5,19.5,39,8,7.5,Yes,Textbooks,0,69,Pass,Good
S24CSE080,Devi Kundu,19,Other,Computer Science & Engineering,3,4.5,65.4,60,13,19,30,8,7.5,Yes,Both,1,68,Pass,Good
S24CSE081,Dev Mehta,19,Male,Computer Science & Engineering,3,3,72.1,49,13,17.5,32,6,5,Yes,Both,1,56,Pass,Average
S24CSE082,Tushar Malhotra,20,Male,Computer Science & Engineering,3,,63.50%,55.6,11,18,28,5,6,Yes,Both,0,51,Pass,Average
S24CSE083,Chandni Rao,19,Female,Computer Science & Engineering,4,2,99.2,55.4,14,18.5,29,8,8,Yes,Notes Only,1,60,Pass,Good
S24CSE084,Khushi Datta,20,Female,C.S.E,3,3,80.9,66,13,17,41,8,5.5,Yes,online courses,0,52,Pass,Average
S24CSE085,Suman Basu,21,Male,Computer Science & Engineering,3,4,81.9,89.3,17.5,30,39,7,6,No,Online Courses,0,85,Pass,Very Good
S24CSE086,Md Faisal Bose,21,Male,Computer Science & Engineering,4,4,95.5,67,13.5,22.5,40,7,9.5,Yes,Online Courses,0,82,Pass,Very Good
S24CSE087,Kunal Kapoor,20,Male,Comp Sci & Engg,3,2.5,75.2,62.4,13.5,18,34,5,7,Yes,Textbooks,0,57,Pass,Average
S24CSE088,UTSAV AGARWAL,19,Male,Computer Science & Engineering,3,,60.4,58.8,10.5,18.5,31,5,6,Yes,Both,0,59,Pass,Average
S24CSE089,Deepak Nair,19,Male,Computer Science & Engineering,3,2,75.2,36.2,11.5,17,34,6,8,Yes,Both,0,56,Pass,Average
S24CSE090,Rohan Bose,19,Male,Computer Science & Engineering,3,5,75.9,67,13.5,22.5,35,7,8.5,Yes,Both,0,77,Pass,Very Good
S24CSE091,Riya Ansari,19,Female,Computer Science & Engineering,4,3,75.5,57.2,11.5,17.5,28,5,7,Yes,Online Courses,0,62,Pass,Good
S24CSE092,Diya Kundu,19,Female,Comp Sci & Engg,3,2,73.3,49.2,11.5,15.5,27,,5.5,Yes,Online Courses,1,47,Pass,Needs Improvement
S24CSE093,Anirban Chakraborty,20,Male,Computer Science & Engineering,3,3.5,79.1,50,12,17,37,5,5.5,Yes,Online Courses,0,65,Pass,Good
S24CSE094,Palak Chatterjee,19,Female,Computer Science & Engineering,4,1.26,68.3,73,10.5,19,30,7,5.5,Yes,Both,0,62,Pass,Good
S24CSE095,Akash Yadav,19,Male,Computer Science & Engineering,3,3,92.3,78.1,19,27.5,41,6,5.5,Yes,Both,0,85,Pass,Very Good
S24CSE096,Mansi Jha,19,Female,Computer Science & Engineering,3,2,69,63.7,12.5,23,35,7,6.5,Yes,Text Books,0,66,Pass,Good
S24CSE097,Deepak Sinha,20,Male,Computer Science & Engineering,4,2,73.9,56.3,10.5,9.5,28,6,8,Yes,Both,1,42,Pass,Needs Improvement
S24CSE098,Sudipta Basu,19,Female,Computer Science & Engineering,4,1.5,84.9,48,11.5,21.5,33,5,6,Yes,Notes Only,0,55,Pass,Average
S24CSE099,Suman Sen,20,Male,Computer Science & Engineering,3,4.5,79.3,,14.5,21,33,10,7,Yes,Notes Only,0,74,Pass,Good
S24CSE100,Neha Mukherjee,21,Female,Computer Science & Engineering,4,5,82.9,54,13,23.5,30,7,6,Yes,Notes Only,0,52,Pass,Average
S24CSE101,Amit Yadav,19,Male,Computer Science & Engineering,3,2.5,77.3,60,9.5,15,32,5,6,Yes,Both,0,38,Fail,Needs Improvement
S24CSE102,Diya Chatterjee,19,Female,Computer Science & Engineering,4,2,80.2,62,13,20.5,31,5,6.5,Yes,Notes Only,0,64,Pass,Good
S24CSE103,Jayesh Paul,19,Male,Computer Science & Engineering,4,9.5,99,,20,30,46,5,6.5,No,Online Courses,0,100,Pass,Excellent
S24CSE104,Diya Pandey,21,Female,Computer Science & Engineering,3,2.57,75.7,61,8.5,22.5,35,6,6,No,Notes Only,0,58,Pass,Average
S24CSE105,Bhavna Ghosh,20,Female,Computer Science & Engineering,3,3,95.4,87,17,29.5,41,7,9,Yes,Online Courses,0,92,Pass,Excellent
S24CSE106,ishaan kundu,20,Male,Computer Science & Engineering,3,3,77.30%,66,16,20,38,8,6,Yes,Notes Only,1,63,Pass,Good
S24CSE107,Shreya Jha,19,Female,Computer Science & Engineering,3,4,80.7,,14.5,21,34,6,9,Yes,Textbooks,0,72,Pass,Good
S24CSE108,Aditi Kumar,19,Female,Computer Science & Engineering,3,3.5,95.3,67,14.5,16.5,29,5,9,Yes,Notes Only,0,67,Pass,Good
S24CSE109,Bhavna Sen,20,Female,Computer Science & Engineering,4,2.5,71.1,68,15.5,25.5,32,8,8.5,Yes,Notes Only,0,60,Pass,Good
S24CSE110,Rohan Nair,20,Male,Computer Science & Engineering,3,2,64.9,68,12,22,32,6,5.5,Yes,Notes Only,0,56,Pass,Average
S24CSE111,Sakshi Mehta,19,Female,Computer Science & Engineering,3,9.5,96.6,73,19,24,45,8,6,No,Both,0,86,Pass,Very Good
S24CSE112,Rohan Pandey,19,Male,Computer Science & Engineering,3,4,83.4,70,12,23,39,6,6.5,No,Online Courses,0,77,Pass,Very Good
S24CSE113,Ananya Sen,19,Female,Computer Science & Engineering,3,1,79.9,37.2,7,13,28,4,7,Yes,Notes Only,1,27,Fail,Needs Improvement
S24CSE114,Simran Das,21,Female,Computer Science & Engineering,4,2,67.5,57,10,14.5,32,5,7.5,Yes,Both,0,54,Pass,Average
S24CSE115,Sohini Banerjee,20,Female,Comp Sci & Engg,3,3,66.1,50,9,15,29,8,5,Y,Both,0,49,Pass,Needs Improvement
S24CSE116,Vivek Jain,19,Male,Computer Science & Engineering,3,3,,74.2,16,17,44,4,6.5,Y,Online Courses,0,99,Pass,Excellent
S24CSE117,Sayan Kumar,20,Male,Computer Science & Engineering,4,1.38,73.9,57,10.5,14.5,35,4,7.5,Yes,Both,0,49,Pass,Needs Improvement
S24CSE118,Kunal Laha,19,Male,Computer Science & Engineering,3,4.5,84.9,58.4,,20,37,6,9,Yes,Online Courses,0,59,Pass,Average
S24CSE119,Sohini Saha,20,Female,Computer Science & Engineering,4,2,84.5,55,13,20.5,33,6,6.5,No,Textbooks,0,53,Pass,Average
S24CSE120,Hina Saha,19,Female,Computer Science & Engineering,3,3.5,86.9,62.8,13.5,23,34,7,4.5,YES,Textbooks,1,59,Pass,Average
S24CSE121,Meghna Mishra,20,Female,Computer Science & Engineering,3,3.5,77.2,71.6,16.5,27,40,6,5,Yes,Online Courses,0,70,Pass,Good
S24CSE122,Rakesh Chatterjee,20,Male,Computer Science & Engineering,3,1.5,83.4,45.7,10,16.5,26,4,4.5,Yes,Online Courses,1,51,Pass,Average
S24CSE123,Suman Chatterjee,20,Male,Computer Science & Engineering,4,2.5,68.6,52.1,11.5,15,24,6,4.5,Yes,Online Courses,3,37,Fail,Needs Improvement
S24CSE124,Mohit Patel,19,M,Computer Science & Engineering,3,3,83.6,72.7,15,25.5,36,8,7,Yes,Textbooks,0,73,Pass,Good
S24CSE125,Rajesh Laha,20,Male,Computer Science & Engineering,3,2.5,84.2,64,11.5,17.5,33,6,6,Yes,Online Courses,1,57,Pass,Average
S24CSE126,Kavya Laha,19,Female,Computer Science & Engineering,3,1,62.7,49.7,9.5,19,30,3,7,Yes,Notes Only,0,56,Pass,Average
S24CSE127,Mahima Banerjee,19,Female,Computer Science & Engineering,4,4,83.5,61.3,14,20,40,6,7,Yes,Notes,0,61,Pass,Good
S24CSE128,Gaurav Dutta,19,Male,Computer Science & Engineering,4,3,68.9,49,13,17,35,6,,Yes,Textbooks,1,51,Pass,Average
S24CSE129,Sohini Mondal,19,Female,Computer Science & Engineering,4,3,81.3,59,12.5,13.5,35,5,5,Yes,Textbooks,0,62,Pass,Good
S24CSE130,Ayush Jain,20,Male,Computer Science & Engineering,4,1,63.5,49.7,9.5,12.5,18,5,6,Yes,Notes Only,2,29,Fail,Needs Improvement
S24CSE131,Joydeep Rao,19,Male,Computer Science & Engineering,3,2,73,68,9,18,33,7,8,Yes,Both,1,54,Pass,Average
S24CSE132,Rahul Kumar,20,Male,Computer Science & Engineering,3,2,74.7,65.8,15.5,18,35,3,7,Yes,Online Courses,0,75,Pass,Very Good
S24CSE133,Arjun Chatterjee,20,Male,Computer Science & Engineering,4,5,81,70.4,18.5,21,37,6,4.5,No,Both,0,64,Pass,Good
S24CSE134,Kavya Singh,20,Female,Computer Science & Engineering,4,7,69.5,58.3,12.5,19.5,40,10,5.5,Y,Textbooks,0,69,Pass,Good
S24CSE135,Tanushree Nandi,20,Female,Computer Science & Engineering,4,1.5,76.8,55,12,13,34,4,6,Yes,online courses,0,47,Pass,Needs Improvement
S24CSE136,Md Faisal Nandi,20,Male,Computer Science & Engineering,3,1.5,61.9,66,13,26,36,3,7.5,Yes,Textbooks,0,64,Pass,Good
S24CSE137,Ankit Nandi,20,Male,Computer Science & Engineering,4,4,74.3,70.6,11.5,18.5,39,6,5.5,Yes,Notes Only,1,69,Pass,Good
S24CSE138,Sandip Sharma,21,Male,Computer Science & Engineering,3,5,99.5,80,18,28.5,40,7,7.5,Yes,Online Courses,0,90,Pass,Excellent
S24CSE139,Tanmay Shah,20,Male,Computer Science & Engineering,4,5.2,75.9,62,13.5,25.5,31,7,7.5,Yes,Notes Only,0,66,Pass,Good
S24CSE140,  Mohit Pandey,19,Male,Computer Science & Engineering,3,2.5,79.5,62,11.5,14.5,42,6,8.5,No,Textbooks,0,55,Pass,Average
S24CSE141,Sumit Patel,20,M,Computer Science & Engineering,4,5,100,64,15,22,41,9,5.5,No,Both,0,76,Pass,Very Good
S24CSE142,Ayush Rao,20,Male,Computer Science & Engineering,3,3,91.7,65.1,17,24,46,6,5.5,Yes,Textbooks,0,74,Pass,Good
S24CSE143,Piyush Halder,21,Male,Computer Science & Engineering,3,1.26,54.2,54,9.5,7.5,23,3,7,Yes,Textbooks,2,17,Fail,Needs Improvement
S24CSE144,  Sourav Sarkar,19,Male ,Computer Science & Engineering,4,4,69.8,72,15,17.5,32,4,7,Yes,Notes Only,0,78,Pass,Very Good
S24CSE145,Harsh Ansari,19,Male,Computer Science & Engineering,4,,92.9,75,14.5,23,41,7,8.5,Yes,Both,0,85,Pass,Very Good
S24CSE146,Bhavna Sinha,19,Female,Computer Science & Engineering,3,1,65.7,59.5,12.5,15.5,32,,7.5,Yes,Text Books,1,47,Pass,Needs Improvement
S24CSE147,Suraj Halder,21,MALE,Computer Science & Engineering,4,2.54,85,77.5,16,26,33,6,8.5,Yes,Notes Only,0,71,Pass,Good
S24CSE148,Manish Gupta,19,Male,Computer Science & Engineering,3,1.57,,50,9,21,30,3,6.5,Yes,Online Courses,2,59,Pass,Average
S24CSE149,Rohan Laha,20,Male,Computer Science & Engineering,4,2.5,86.9,67,14,18.5,29,5,7,Yes,Online Courses,2,51,Pass,Average
S24CSE150,Anirban Sen,20,Male,Computer Science & Engineering,3,2,61.4,,9,16,23,6,5.5,Yes,Both,0,54,Pass,Average
S24CSE151,Nikita Malhotra,19,Female ,Computer Science & Engineering,3,2,74.9,68.3,11.5,16.5,36,7,8,Yes,Online Courses,0,61,Pass,Good
S24CSE152,Garima Paul,20,Female,Computer Science & Engineering,3,3,78.8,41.9,14,12.5,33,6,7.5,Yes,Both,0,49,Pass,Needs Improvement
S24CSE153,Mansi Pal,19,Female,Computer Science & Engineering,3,3.5,67.6,49,12.5,24.5,29,6,8.5,Yes,Online Courses,0,52,Pass,Average
S24CSE154,Vaishnavi Malhotra,20,Female,Computer Science & Engineering,4,4,69.9,76.7,13.5,19.5,35,4,6,Yes,Both,0,70,Pass,Good
S24CSE155,Vikram Agarwal,19,Male,Computer Science & Engineering,4,2.19,77.6,55,14.5,20,30,8,7.5,Yes,Both ,0,62,Pass,Good
S24CSE156,Hina Malhotra,19,Female,cse,3,2.5,82.2,62,14.5,18,31,7,6,Yes,Both,0,79,Pass,Very Good
S24CSE157,Suman Verma,20,Male,Computer Science & Engineering,4,2.62,99.9,55.4,15,19,38,8,5,Yes,Notes Only,0,72,Pass,Good
S24CSE158,Gaurav Ghosh,19,Male,Computer Science & Engineering,3,4,75.6,69.1,14,23,36,3,7,Yes,Online Courses,1,68,Pass,Good
S24CSE159,Jyoti Basu,19,Female,Computer Science & Engineering,4,5,90.5,70.2,18,21.5,34,6,8,YES,Online Courses,0,79,Pass,Very Good
S24CSE160,Saurabh Sharma,19,Male,Computer Science & Engineering,4,2,79.2,47,8,9,22,5,7,Yes,Online Courses,1,37,Fail,Needs Improvement
S24CSE161,Deepak Roy,20,Male,Computer Science & Engineering,4,2.5,65.3,74.3,11.5,16.5,27,4,4.5,Yes,Online Courses,0,56,Pass,Average
S24CSE162,Payal Kapoor,21,Female,Computer Science,3,3,79.8,43,9.5,13,32,4,6,Yes,Notes Only,2,37,Fail,Needs Improvement
S24CSE163,Abhishek Dutta,21,Male,Computer Science & Engineering,4,2,71.9,79,10,21.5,38,2,4,Yes,Online Courses,1,64,Pass,Good
S24CSE164,Rajesh Jha,21,Male,Computer Science & Engineering,4,1.5,81.6,47,12.5,12.5,25,5,6.5,Yes,Both,0,47,Pass,Needs Improvement
S24CSE165,Sayani Gupta,19,Female,C.S.E,3,3,78,56,,22,30,5,7,Yes,Both,0,55,Pass,Average
S24CSE166,Naveen Singh,20,Male,Computer Science & Engineering,3,1.5,65.9,45,7,14.5,32,6,6.5,Yes,Online Courses,3,36,Fail,Needs Improvement
S24CSE167,Ananya Singh,21,Female,Computer Science & Engineering,3,3,79.2,46,10.5,19.5,32,5,6,Yes,Both,0,42,Pass,Needs Improvement
S24CSE168,Vaishnavi Jain,19,Female,Computer Science & Engineering,3,2.23,82.9,49,,16,37,6,7.5,No,Both,0,51,Pass,Average
S24CSE169,Yash Pal,21,male,Computer Science & Engineering,3,3,78.5,82.5,18,24.5,36,6,8,Yes,Text Books,0,94,Pass,Excellent
S24CSE170,Rohan Yadav,19,M,Computer Science & Engineering,4,3,66.7,61,10.5,16,33,6,8,Yes,Notes Only,0,46,Pass,Needs Improvement
S24CSE171,Dipankar Yadav,19,Male,Computer Science & Engineering,3,2,64.8,39,9.5,10,27,4,3.5,Yes,Notes Only,0,28,Fail,Needs Improvement
S24CSE172,Sasha Agarwal,20,Other,Computer Science & Engineering,3,2.5,69.3,64,12,22,38,7,7.5,Yes,Online Courses,0,65,Pass,Good
S24CSE173,Vishal Sharma,21,Male,Computer Science & Engineering,3,5.01,75.8,64,10,20,32,6,8.5,Yes,Notes Only,1,58,Pass,Average
S24CSE174,Garima Kundu,19,Female,Computer Science & Engineering,4,2,81.9,59,14.5,10.5,25,6,7,Yes,Both,0,62,Pass,Good
S24CSE175,Zoya Ansari,20,Female,Computer Science & Engineering,3,2.52,77.2,67,15.5,21.5,38,7,7.5,Yes,Online Courses,2,67,Pass,Good
S24CSE176,Soham Pal,19,Male,Computer Science & Engineering,3,2,86.3,72,17.5,19,29,8,6.5,YES,Both,0,70,Pass,Good
S24CSE177,Ananya Sinha,20,Female,Computer Science & Engineering,3,1.54,65,62,11.5,15.5,26,7,7,Yes,notes only,1,56,Pass,Average
S24CSE178,Ashish Sen,20,Male,cse,4,3,63.4,57.7,8,13,33,7,6.5,Yes,Textbooks,0,47,Pass,Needs Improvement
S24CSE179,Kartik Chakraborty,20,Male,Computer Science & Engineering,4,2,92,69.7,12,19.5,34,9,7,Yes,Online Courses,0,66,Pass,Good
S24CSE180,Sandip Datta,21,Male,Computer Science & Engineering,4,2.01,76.4,81.2,,21,34,10,7,Yes,Textbooks,0,76,Pass,Very Good
S24CSE181,Sourav Yadav,19,Male,Computer Science & Engineering,3,1.5,69.7,57.8,9,14,35,3,7.5,no,Notes Only,1,25,Fail,Needs Improvement
S24CSE182,Saurabh Gupta,20,Male,Computer Science & Engineering,4,3.79,71.3,67,,19,37,7,7,Yes,Online Courses,0,74,Pass,Good
S24CSE183,Vikram Ghosh,19,Male,Computer Science & Engineering,3,8.5,93.3,92,19,26,46,5,8,Yes,Both,0,99,Pass,Excellent
S24CSE184,Kunal Kumar,20,Male,Computer Science & Engineering,4,5,87.3,92.2,16.5,22,36,10,8,Yes,Textbooks,0,90,Pass,Excellent
S24CSE185,ADITI TIWARI,19,Female,Computer Science & Engineering,4,1.5,65.3,68.2,11.5,18.5,33,4,7,Yes,Online Courses,0,54,Pass,Average
S24CSE186,Khushi Pandey,19,Female,Computer Science & Engineering,4,2,80.1,63.1,15.5,18.5,39,7,6,Yes,Online Courses,0,73,Pass,Good
S24CSE187,Tushar Paul,19,Male,Computer Science & Engineering,3,3,88,58.4,18.5,22.5,47,6,8,Yes,Notes Only,0,64,Pass,Good
S24CSE188,Utsav Sharma,19,Male,Computer Science & Engineering,3,4,100,86.9,16,30,46,7,4.5,Yes,Notes Only,0,83,Pass,Very Good
S24CSE189,Sayan Banerjee,19,Male,Computer Science & Engineering,4,3,95.2,50.6,13,17,41,6,4.5,Yes,Textbooks,0,73,Pass,Good
S24CSE190,Sakshi Pal,20,Female,Computer Science & Engineering,3,2,69,59.5,12,21.5,26,7,6,Yes,Online Courses,0,63,Pass,Good
S24CSE191,Meghna Paul,21,Female,Computer Science & Engineering,4,1,70.5,62,,13.5,26,6,7.5,Yes,Both,1,45,Pass,Needs Improvement
S24CSE192,Dipankar Chakraborty,20,Male ,Computer Science & Engineering,3,4,82.6,74.9,12.5,21,42,5,5.5,Yes,Textbooks,0,82,Pass,Very Good
S24CSE193,Harsh Kumar,20,Male,Computer Science & Engineering,3,2,80.6,50.9,10,16,34,3,9,Yes,Notes Only,1,45,Pass,Needs Improvement
S24CSE194,Trisha Purkayastha,21,Female,Computer Science & Engineering,3,2,65.5,67.9,12.5,,35,7,7.5,Yes,Both,0,54,Pass,Average
S24CSE195,Rashmi Jha,19,F,Computer Science & Engineering,3,1,65.2,58,6,16,24,4,6,Yes,Online Courses,1,52,Pass,Average
S24CSE196,Dev Roy,19,Male,Computer Science & Engineering,3,4.5,92.2,79.3,18,23.5,46,,7.5,Yes,Online Courses,0,78,Pass,Very Good
S24CSE197,Tushar Shah,20,Male,Computer Science & Engineering,3,2.5,71.1,46.3,7.5,19.5,21,8,6.5,Yes,Both,0,53,Pass,Average
S24CSE198,Manish Laha,19,Male,Computer Science & Engineering,3,2.19,79.9,72,12.5,24,38,6,5.5,Yes,Online Courses,1,65,Pass,Good
S24CSE199,Tanmay Purkayastha,21,Male,Computer Science & Engineering,3,2,72.7,50.1,8.5,15,29,4,,Yes,Both,0,52,Pass,Average
S24CSE200,Pratik Biswas,19,Male,Computer Science & Engineering,3,6,93.70%,75,19,27.5,44,8,5,Yes,Textbooks,0,87,Pass,Very Good
S24CSE201,Kunal Rao,21,Male,Computer Science & Engineering,3,1.03,72.3,55,12.5,20.5,39,7,7.5,Yes,Notes Only,0,62,Pass,Good
S24CSE202,Priya Jain,19,Female,Computer Science & Engineering,3,2.22,80.6,65.1,12.5,22.5,36,6,7,YES,Both,0,67,Pass,Good
S24CSE203,Manish Halder,20,Male,Computer Science & Engineering,4,4,89.5,64,15,21,37,6,6.5,Yes,Online Courses,0,61,Pass,Good
S24CSE204,Meghna Ghosh,21,Female,Computer Science & Engineering,3,2.5,69.4,67.4,14.5,22,37,5,7,Yes,Both,0,67,Pass,Good
S24CSE205,Nikhil Chakraborty,20,Male,Computer Science & Engineering,3,3,67.3,74,14.5,28,41,6,5.5,Yes,Both,0,78,Pass,Very Good
S24CSE206,Shivam Reddy,19,Male,Computer Science & Engineering,3,2,72.8,61.3,12.5,17,22,5,7,Y,,0,60,Pass,Good
S24CSE207,Rituparna Halder,20,Female,Computer Science & Engineering,4,2,87.1,71,14.5,22,27,7,7,Yes,Both,0,67,Pass,Good
S24CSE208,Sandip Sarkar,20,Male,Computer Science & Engineering,3,6.5,100,90,17,29.5,50,10,5.5,Yes,Online Courses,0,93,Pass,Excellent
S24CSE209,FALGUNI PURKAYASTHA,19,Female,Computer Science & Engineering,4,2,77.8,85,15.5,23,41,8,9.5,Yes,Notes Only,0,76,Pass,Very Good
S24CSE210,Vishal Bose,19,Male,Computer Science & Engineering,3,2.87,,78.7,15.5,26.5,31,6,7.5,Yes,Both,0,65,Pass,Good
S24CSE211,Vishal Datta,19,Male,Computer Science & Engineering,3,3.5,83.8,61,15,,43,7,6,Yes,Textbooks,0,68,Pass,Good
S24CSE212,Suman Nandi,20,Male,Computer Science & Engineering,3,2.5,76.1,51,15.5,23.5,36,8,6.5,Yes,Online Courses,0,64,Pass,Good
S24CSE213,Prasenjit Mehta,20,Male,cse,3,,87.7,78.6,17.5,27.5,46,8,7.5,Yes,Notes Only,0,73,Pass,Good
S24CSE214,Vishal Paul,20,Male,Computer Science & Engineering,3,2,64.3,63.6,11.5,13.5,28,4,7.5,Yes,Both,2,50,Pass,Average
S24CSE215,Akash Purkayastha,20,Male,cse,3,2.46,78.9,63,12,17,34,6,5.5,Yes,Textbooks,1,67,Pass,Good
S24CSE216,Utsav Halder,20,Male,Computer Science & Engineering,4,2,81.6,60.3,11.5,19,37,6,,Yes,,0,60,Pass,Good
S24CSE217,Vivek Halder,19,Male,Computer Science & Engineering,3,3.79,84.9,,14.5,18,32,6,8,Yes,Textbooks,1,58,Pass,Average
S24CSE218,Sagar Banerjee,21,Male,Computer Science & Engineering,4,2,88.4,59,11,18,30,4,,Yes,Textbooks,0,49,Pass,Needs Improvement
S24CSE219,Sourav Bhattacharya,19,Male,Computer Science & Engineering,4,3,74.5,56.3,11,16.5,32,8,6.5,Yes,Notes Only,0,45,Pass,Needs Improvement
S24CSE220,Kavya Pal,20,Female,Computer Science & Engineering,3,2,67.9,71,15,21,33,7,5.5,yes,Online Courses,1,70,Pass,Good
S24CSE221,Pratik Sarkar,20,Male,Computer Science & Engineering,3,5,88.1,58,13.5,24,37,7,7,No,Both,0,79,Pass,Very Good
S24CSE222,Amit Paul,19,Male,Computer Science & Engineering,3,1.5,93.1,64.9,18,18,43,10,6,Yes,Notes Only,0,59,Pass,Average
S24CSE223,Pratik Thakur,19,Male,Computer Science & Engineering,3,5.25,80.5,59,17.5,23.5,35,5,5.5,Yes,Notes Only,0,64,Pass,Good
S24CSE224,Ayush Yadav,19,Male,Computer Science & Engineering,3,2,71.6,62,10,16,31,4,8,Yes,Online Courses,0,49,Pass,Needs Improvement
S24CSE225,Khushi Das,20,Female,Computer Science & Engineering,3,2,62.7,58,9.5,14.5,30,6,8,Y,Online Courses,1,57,Pass,Average
S24CSE226,Biswajit Nandi,21,Male,Computer Science & Engineering,4,1,77,39.4,10,12,29,4,7,YES,Both,1,40,Pass,Needs Improvement
S24CSE227,Pratik Tiwari,19,Male,Computer Science & Engineering,4,2.5,68.8,57,12.5,14,27,5,7.5,Yes,Notes Only,0,53,Pass,Average
S24CSE228,Bhavna Thakur,21,Female,Computer Science & Engineering,4,4.5,92.5,79.5,16.5,22.5,37,4,6.5,Yes,Both,0,65,Pass,Good
S24CSE229,Soham Sharma,21,Male,Computer Science & Engineering,3,1.5,87.9,65,9,21.5,30,6,6.5,Yes,Notes Only,0,60,Pass,Good
S24CSE230,Harsh Ansari,19,Male,Computer Science & Engineering,3,2,,54.1,11.5,11.5,30,N/A,8,YES,Both,0,48,Pass,Needs Improvement
S24CSE231,Aditi Biswas,19,Female,Computer Science & Engineering,3,3,88.1,55,14,11.5,31,9,7.5,Yes,Notes Only,0,49,Pass,Needs Improvement
S24CSE232,  Rishabh Reddy,19,Male,Computer Science & Engineering,4,5,74,73.3,13.5,22,31,9,6.5,Yes,Online Courses,0,69,Pass,Good
S24CSE233,Ayush Bose,21,Male,Computer Science & Engineering,3,3.01,79.8,74,15.5,17.5,40,6,6.5,Yes,Online Courses,1,75,Pass,Very Good
S24CSE234,Sayani Bhattacharya,20,Female,Computer Science & Engineering,3,3,82.2,64.3,14,13,39,,7.5,Yes,Both,0,61,Pass,Good
S24CSE235,Ritwik Bhattacharya,20,Male,Computer Science & Engineering,3,1,51.9,63,10.5,13,32,4,5.5,Yes,Online Courses,0,55,Pass,Average
S24CSE236,Pooja Datta,19,Female,Computer Science & Engineering,4,5,100,73,20,24.5,36,8,7,Yes,Notes Only,0,,,
S24CSE237,Nisha Majumdar,21,Female,Computer Science & Engineering,3,3,71.6,66,12.5,21.5,33,6,6.5,Yes,Both,0,67,Pass,Good
S24CSE238,Shivam Nair,21,Male,Computer Science & Engineering,3,2,67.1,57,13,17.5,5,5,6.5,Yes,online courses,0,47,Pass,Needs Improvement
S24CSE239,Aditya Rao,19,Male,Computer Science & Engineering,4,,83.9,48,10.5,18,21,6,5.5,Yes,Online Courses,1,56,Pass,Average
S24CSE240,Prasenjit Sinha,21,Male,Computer Science & Engineering,4,3,65.2,60,11,17,32,4,7.5,Yes,Both,3,55,Pass,Average
S24CSE241,Lakshya Tiwari,19,Male,Computer Science & Engineering,3,1,68.4,43,10,13,23,5,7.5,Yes,Textbooks,3,13,Fail,Needs Improvement
S24CSE242,Ritika Nandi,20,Female,cse,4,7,89.6,68.6,16,28.5,38,5,5.5,Yes,Textbooks,0,75,Pass,Very Good
S24CSE243,Vivek Mishra,20,Male,Computer Science & Engineering,4,4.5,89,90,15.5,24,42,5,7,Yes,Online Courses,0,78,Pass,Very Good
S24CSE244,Sneha Purkayastha,20,Female,Computer Science & Engineering,3,5.5,-5,62.3,15,23,43,6,4.5,Yes,Both,0,67,Pass,Good
S24CSE245,Meghna Ghosh,21,Female,Computer Science & Engineering,4,2.5,64.2,56,12.5,18.5,21,4,7.5,No,Textbooks,1,41,Pass,Needs Improvement
S24CSE246,Mohit Nair,20,Male,Computer Science & Engineering,3,2,85.3,67,15.5,27,42,7,7,Yes,Both,0,70,Pass,Good
S24CSE247,Sneha Mukherjee,20,Female,Computer Science & Engineering,3,2,75,55,10,9,23,7,8,Yes,Notes Only,2,35,Fail,Needs Improvement
S24CSE248,Rohan Sarkar,19,Male,Computer Science & Engineering,3,0.5,57.1,61.8,10.5,,31,,8.5,Yes,Textbooks,1,37,Fail,Needs Improvement
S24CSE249,Gaurav Bhattacharya,19,Male,Computer Science & Engineering,4,1,58.2,48,9.5,18,18,6,8,Yes,Both,0,42,Pass,Needs Improvement
S24CSE250,Aarav Chatterjee,19,Male,Computer Science & Engineering,3,3,84.4,55,14.5,16,27,6,7,Yes,Online,0,59,Pass,Average
S24CSE251,Swati Pandey,19,Female,Computer Science & Engineering,3,2.49,,78.9,13.5,22,40,6,7,Yes,Online Courses,0,72,Pass,Good
S24CSE252,Subham Gupta,20,Male,Computer Science & Engineering,3,3,67.2,38,9,18.5,34,5,9,Yes,Both,0,46,Pass,Needs Improvement
S24CSE253,Sayan Chatterjee,20,Male,Computer Science & Engineering,4,4,95.8,66,15.5,27,43,7,6,Yes,Online Courses,1,77,Pass,Very Good
S24CSE254,Yash Jain,21,Male,Computer Science & Engineering,3,4,81.1,86.3,14.5,23.5,36,9,8,Yes,Textbooks,0,84,Pass,Very Good
S24CSE255,Kavya Datta,19,Female,Computer Science & Engineering,3,3,72.9,72,13,25,38,8,6,YES,notes only,0,76,Pass,Very Good
S24CSE256,Sohini Pandey,20,Female,C.S.E,3,2,77.9,63.9,12,23.5,31,6,8,Yes,Online Courses,0,60,Pass,Good
S24CSE257,Rajesh Khan,20,Male,Computer Science & Engineering,4,4,81.2,36.5,11.5,15,29,8,6,Yes,Both,1,48,Pass,Needs Improvement
S24CSE258,Nitin Roy,20,Male,Computer Science & Engineering,3,1.5,68.10%,59,10.5,14,28,5,8,Yes,Online Courses,1,56,Pass,Average
S24CSE259,Utsav Singh,19,Male,Computer Science & Engineering,4,,71,53,10,19.5,39,6,7.5,Yes,Textbooks,0,50,Pass,Average
S24CSE260,Nitin Das,20,Male,Computer Science,4,3.5,83.5,75,16,26,33,3,6.5,Yes,,0,64,Pass,Good
S24CSE261,Md Faisal Malhotra,19,Male,Comp Sci & Engg,3,1,56.6,63.3,11,13.5,30,3,7,Yes,Online Courses,0,48,Pass,Needs Improvement
S24CSE262,Saurabh Ghosh,20,Male,Computer Science & Engineering,4,2.5,63.6,62.3,13,23.5,25,2,7,Yes,Textbooks,1,60,Pass,Good
S24CSE263,Sanjana Dey,20,Female,Computer Science & Engineering,3,2.5,75.5,68,15,20.5,32,7,,YES,Notes Only,0,74,Pass,Good
S24CSE264,Srijita Yadav,20,Female,Computer Science & Engineering,4,,85.9,72,15,21,33,5,5.5,,Online Courses,0,75,Pass,Very Good
S24CSE265,Dipankar Shah,20,Male,Computer Science & Engineering,3,1.5,61.5,52,9.5,11,26,4,6.5,Yes,Textbooks,0,60,Pass,Good
S24CSE266,Shivam Nair,19,Male,Computer Science & Engineering,3,3.1,73.8,71,14,21,43,6,7,Yes,Notes Only,0,65,Pass,Good
S24CSE267,Sky Thakur,19,Other,Computer Science & Engineering,3,3,80.7,66,15.5,21.5,34,6,7,Yes,Online Courses,0,66,Pass,Good
S24CSE268,Arjun Patel,19,Male,Computer Science & Engineering,3,2,72.9,76,18,26.5,25,5,,Yes,Online Courses,0,86,Pass,Very Good
S24CSE269,Srijita Khan,20,Female,Computer Science & Engineering,4,5,78.5,72,16,23.5,36,7,9,Yes,Both,0,75,Pass,Very Good
S24CSE270,Amit Nair,20,Male,Computer Science & Engineering,4,1.02,63.8,50,8,17.5,32,,5,Yes,Online Courses,0,46,Pass,Needs Improvement
S24CSE271,Sakshi Khan,21,Female,Computer Science & Engineering,3,2.5,75,76,15.5,17,31,7,7.5,Yes,Textbooks,0,58,Pass,Average
S24CSE272,Mahima Paul,21,Female,Computer Science & Engineering,3,2,63.7,57.3,12.5,19,37,6,8,Yes,Notes Only,0,58,Pass,Average
S24CSE273,Mahima Das,19,Female,Computer Science & Engineering,3,,93.4,64,13.5,22,29,7,6.5,Yes,Both,0,78,Pass,Very Good
S24CSE274,Deepak Sen,19,Male,Computer Science & Engineering,4,6,68.7,62,15,24,33,7,5,Yes,Online Courses,0,58,Pass,Average
S24CSE275,Suraj Dutta,19,Male,Computer Science & Engineering,3,2,82.1,60.6,12,17.5,25,3,5,Yes,Both,0,57,Pass,Average
S24CSE276,Manish Bhattacharya,19,Male,Computer Science & Engineering,3,1.5,,69.1,10.5,18.5,20,,8.5,Yes,Online Courses,1,47,Pass,Needs Improvement
S24CSE277,Urvashi Ghosh,20,Female,Computer Science & Engineering,4,1.58,72.4,69,11,23,29,4,5.5,Yes,Textbooks,1,59,Pass,Average
S24CSE278,Mahima Sinha,19,Female,Computer Science & Engineering,3,2.5,90.2,51,15.5,20,37,4,8,Yes,online courses,0,58,Pass,Average
S24CSE279,Ishita Agarwal,20,Female,Computer Science,4,2.48,82.8,74,14,22.5,42,7,6,Yes,Textbooks,1,71,Pass,Good
S24CSE280,Tanmay Roy,21,Male,CSE,3,1.47,57.1,67,12,16.5,42,8,7,Yes,Notes Only,1,50,Pass,Average
S24CSE281,Manish Purkayastha,19,Male,Computer Science & Engineering,3,2,66.5,51,10.5,9.5,30,5,5,No,Both,1,35,Fail,Needs Improvement
S24CSE282,Pratik Sharma,20,male,Computer Science & Engineering,4,5,91.2,81.8,15.5,26.5,47,,7.5,Yes,Textbooks,1,82,Pass,Very Good
S24CSE283,Shivam Laha,19,Male,Comp Sci & Engg,4,5,96.4,75.5,20,26,37,8,5.5,Yes,Online Courses,0,89,Pass,Very Good
S24CSE284,Falguni Kundu,20,Female,Computer Science & Engineering,3,4,81.6,66,,25.5,37,5,7,Yes,Textbooks,0,71,Pass,Good
S24CSE285,Saurabh Banerjee,20,Male,Computer Science,3,3.5,75,66,13,21.5,34,6,7,Yes,Both,0,80,Pass,Very Good
S24CSE286,Zoya Chakraborty,20,Female,Computer Science & Engineering,3,5,83.6,92.9,15,29.5,44,8,6,Yes,Both,0,83,Pass,Very Good
S24CSE287,Nisha Singh,21,Female,Computer Science & Engineering,3,1,63.2,50,9.5,17.5,24,5,7,Yes,Both,0,44,Pass,Needs Improvement
S24CSE288,Deepak Mishra,19,Male,Computer Science & Engineering,3,2,76.7,57,12.5,20.5,33,6,7.5,Yes,Both,0,62,Pass,Good
S24CSE289,Kavya Mishra,20,Female,Computer Science & Engineering,3,2,73.7,51.6,,15.5,33,4,6.5,,Online Courses,0,51,Pass,Average
S24CSE290,Meghna Yadav,21,Female,Computer Science & Engineering,3,2,63,54,12,17.5,37,,5.5,Yes,Notes Only,0,53,Pass,Average
S24CSE291,Rakesh Bose,20,Male,Computer Science & Engineering,3,3,74.2,39,11,15.5,26,6,7.5,Yes,Notes Only,3,30,Fail,Needs Improvement
S24CSE292,Bhavna Thakur,20,Female,Computer Science & Engineering,3,3.5,72.1,72,11.5,23.5,38,5,7,Yes,Notes Only,0,58,Pass,Average
S24CSE293,Suman Mishra,19,Male,Computer Science & Engineering,3,2,78.9,58.1,12,15.5,37,6,4.5,Yes,Both,0,55,Pass,Average
S24CSE294,Akash Sinha,19,Male,Computer Science & Engineering,4,5.59,96.1,63.1,,15,36,5,6.5,Yes,Textbooks,0,64,Pass,Good
S24CSE295,Sayani Basu,21,F,Computer Science & Engineering,3,2.5,65.7,53,11.5,18,28,9,6.5,Yes,Both,0,51,Pass,Average
S24CSE296,Ayush Laha,20,Male ,Computer Science & Engineering,4,3,71.6,65,13.5,17.5,39,6,7.5,YES,Online Courses,0,66,Pass,Good
S24CSE297,Debjani Ghosh,19,Female,Computer Science & Engineering,3,2.5,86.3,72.4,15.5,24,45,10,7,yes,Both,0,75,Pass,Very Good
S24CSE298,Sandip Sen,20,Male,Computer Science & Engineering,3,2,86.1,54,15.5,19,41,9,5,Yes,Online Courses,0,56,Pass,Average
S24CSE298,Sandip Sen,20,Male,Computer Science & Engineering,3,2,86.1,54,15.5,19,41,9,5,Yes,Online Courses,0,56,Pass,Average
S24CSE299,Aarav Shah,19,Male,Computer Science & Engineering,4,2,69.6,62.7,8.5,17.5,26,6,4,Yes,Both,1,53,Pass,Average
S24CSE300,Deepak Singh,19,Male,Computer Science & Engineering,3,3.07,79.4,79,16.5,19.5,34,7,6.5,Yes,Both,0,77,Pass,Very Good
S24CSE301,Aarav Ansari,19,Male ,Computer Science & Engineering,3,5.58,98.7,81,17.5,28.5,44,9,6.5,YES,Notes Only,0,100,Pass,Excellent
S24CSE302,Naveen Ghosh,19,Male,Computer Science,3,5.5,74.7,46,13,15.5,32,5,7,Yes,Both,2,41,Pass,Needs Improvement
S24CSE303,Aditi Bhattacharya,19,Female,Computer Science & Engineering,3,3,86.5,70.9,15,26,43,7,8,Yes,Online Courses,0,79,Pass,Very Good
S24CSE304,Gaurav Sarkar,21,Male,Computer Science & Engineering,4,1.89,65.3,55,12.5,16,25,5,6.5,Yes,Online Courses,1,57,Pass,Average
S24CSE305,Srijita Sarkar,20,Female,Computer Science & Engineering,3,0.5,54.8,56,6.5,13,24,4,8,Yes,Both,3,38,Fail,Needs Improvement
S24CSE306,Amit Mukherjee,20,male,Computer Science & Engineering,3,1.5,75.6,72.1,14,21.5,41,6,6,Yes,Online Courses,0,70,Pass,Good
S24CSE307,Sourav Tiwari,19,Male,Computer Science & Engineering,3,2.5,79.6,61.2,,20.5,35,5,7.5,No,Both,0,54,Pass,Average
S24CSE308,Ritwik Pal,19,Male,cse,3,1,,59,8,12,33,5,5.5,Yes,Online Courses,2,37,Fail,Needs Improvement
S24CSE309,Garima Ansari,19,Female,Computer Science & Engineering,4,2,,46,,16,31,7,,Yes,Textbooks,0,55,Pass,Average
S24CSE310,Diya Chakraborty,20,Female,Computer Science & Engineering,3,4,88.4,75,14.5,22,46,9,7,Yes,Textbooks,0,75,Pass,Very Good
S24CSE311,Kunal Mukherjee,20,Male,Computer Science & Engineering,3,3,79.3,62,14,23,40,8,6,No,Online Courses,0,56,Pass,Average
S24CSE312,Poulami Gupta,20,Female,Computer Science & Engineering,3,,74.6,59,13.5,15.5,26,5,6,Yes,Textbooks,0,55,Pass,Average
S24CSE313,Nitin Jha,20,Male,Computer Science & Engineering,3,2.5,84.9,70,11.5,21,34,6,6,Yes,Online Courses,0,57,Pass,Average
S24CSE314,Utsav Reddy,19,Male,Computer Science & Engineering,4,9.5,100,76,15,21.5,37,9,9.5,Yes,Notes Only,0,75,Pass,Very Good
S24CSE315,Trisha Dey,19,Female,Computer Science & Engineering,3,3,68.2,33,,16,28,4,5.5,Yes,Both,0,47,Pass,Needs Improvement
S24CSE316,Sandip Patel,20,Male,Computer Science & Engineering,3,1,62.4,58.8,11,18.5,32,6,5.5,Yes,Online Courses,1,58,Pass,Average
S24CSE317,Debjani Pandey,20,Female,Computer Science & Engineering,4,2,74.4,55,12,15.5,32,5,6.5,Yes,Textbooks,0,41,Pass,Needs Improvement
S24CSE318,Karan Agarwal,19,Male,Computer Science & Engineering,3,3,91.2,58,12,19.5,44,,9,Yes,Both,0,62,Pass,Good
S24CSE319,Imran Das,21,Male,Computer Science & Engineering,4,2.03,70.4,49,10.5,19,19,7,6.5,Yes,Notes Only,1,39,Fail,Needs Improvement
S24CSE320,Nikita Sen,19,Female,Computer Science & Engineering,4,2,79.9,59.5,14,16.5,32,5,7.5,Yes,Both,1,59,Pass,Average
S24CSE321,Sneha Nandi,19,Female,Computer Science & Engineering,3,3.5,89.4,78.1,15.5,21,46,7,7.5,Yes,Both,0,87,Pass,Very Good
S24CSE322,Pooja Kapoor,19,Female,Computer Science & Engineering,4,4.5,87.2,74.8,17.5,24.5,47,8,7,Yes,Both,0,95,Pass,Excellent
S24CSE323,Suman Kumar,21,Male,CSE,3,1.79,76,73,8.5,18,37,,7.5,Yes,Notes Only,0,55,Pass,Average
S24CSE324,Aditi Mehta,20,Female,Computer Science & Engineering,4,0.73,60.9,36.7,10,10,28,2,4.5,Yes,,4,27,Fail,Needs Improvement
S24CSE325,Aarushi Majumdar,19,Female,Computer Science & Engineering,3,6.37,84.3,82,18,22,38,6,8,YES,,0,83,Pass,Very Good
S24CSE326,Piyush Datta,21,Male,Computer Science & Engineering,3,3,68.2,69,13,22.5,39,7,5.5,Yes,Both,0,64,Pass,Good
S24CSE327,Naveen Patel,21,Male,Computer Science & Engineering,3,2.5,73.4,73,13.5,15.5,31,5,7.5,yes,Notes Only,0,59,Pass,Average
S24CSE328,Rakesh Thakur,20,Male,Computer Science & Engineering,3,2,67.6,61,10.5,23,35,5,7.5,Yes,Online Courses,0,50,Pass,Average
S24CSE329,Chandni Malhotra,19,Female,Computer Science & Engineering,3,1.56,77,53,12.5,19,28,4,7,Yes,Both,1,36,Fail,Needs Improvement
S24CSE330,Kunal Banerjee,19,Male,Computer Science & Engineering,4,3,76.9,52,12.5,13,29,7,5,Yes,Online Courses,-1,30,Fail,Needs Improvement
S24CSE331,Ananya Mondal,20,Female,Computer Science & Engineering,4,4.29,85.5,62.4,15,20,34,6,6,YES,Both,1,68,Pass,Good
S24CSE332,Sourav Verma,20,Male,cse,4,2.5,83.1,61.9,11.5,22,36,4,7.5,Yes,Notes Only,1,64,Pass,Good
S24CSE333,Utsav Datta,19,Male ,Comp Sci & Engg,3,1,58,48.6,7,9.5,29,5,8,No,Online Courses,0,28,Fail,Needs Improvement
S24CSE334,Pratik Mondal,19,Male,Computer Science,4,2,68.1,57.2,10.5,14.5,27,7,6.5,Yes,Online Courses,1,36,Fail,Needs Improvement
S24CSE335,Priya Mehta,19,Female,Computer Science & Engineering,4,4,68,68.4,15,20,33,6,5.5,Y,Online Courses,0,65,Pass,Good
S24CSE336,Aarushi Ansari,19,Female,Computer Science & Engineering,3,,82.8,57,12.5,19,30,4,6.5,Yes,Notes Only,0,64,Pass,Good
S24CSE337,Amit Pal,20,Male,Computer Science & Engineering,3,5,87.5,67,15,19.5,39,6,5.5,Yes,Both,0,73,Pass,Good
S24CSE338,Sourav Nandi,20,Male,Computer Science & Engineering,3,1,48.1,45,11,24.5,30,6,5,Yes,Online Courses,3,33,Fail,Needs Improvement
S24CSE339,Joydeep Dutta,19,Male,Computer Science & Engineering,4,1.22,53.8,48.9,7.5,4,20,6,7.5,Yes,Online Courses,5,21,Fail,Needs Improvement
S24CSE340,Diya Halder,20,Female,Computer Science & Engineering,4,0.5,74.2,59,6,12.5,26,6,6,Yes,Both,0,50,Pass,Average
S24CSE341,Mansi Khan,19,Female,Computer Science & Engineering,4,2.5,71.6,36,10.5,18,28,8,6,Yes,Textbooks,1,42,Pass,Needs Improvement
S24CSE342,Yash Agarwal,20,Male,Computer Science & Engineering,4,4,62.8,74,12,21.5,31,6,8,Yes,Textbooks,0,73,Pass,Good
S24CSE343,Naveen Biswas,20,Male,Computer Science & Engineering,3,2,77,65.8,15,15.5,38,5,7,YES,Notes Only,0,53,Pass,Average
S24CSE344,Rishabh Khan,20,Male,Computer Science & Engineering,4,5,95.9,79,14.5,22.5,36,10,6,Yes,Notes Only,0,78,Pass,Very Good
S24CSE345,Vikram Nandi,21,Male,cse,3,1.27,83.5,32,,8.5,21,2,7,Yes,Textbooks,2,15,Fail,Needs Improvement
S24CSE346,Akash Biswas,19,Male,Computer Science & Engineering,3,3,66.5,70,13.5,21.5,31,3,8,Yes,Both,0,72,Pass,Good
S24CSE347,Trisha Patel,19,Female,Computer Science & Engineering,3,3.14,96.6,80.8,20,28,35,8,7,No,Both,0,86,Pass,Very Good
S24CSE348,Urvashi Ghosh,19,Female,Computer Science & Engineering,3,2,62.5,62,8.5,18.5,24,5,6.5,Yes,Online Courses,2,50,Pass,Average
S24CSE349,Rishabh Banerjee,20,Male,Computer Science & Engineering,4,1.5,69.2,54,12.5,15,24,2,7,Yes,Online Courses,3,32,Fail,Needs Improvement
S24CSE350,Gaurav Pal,20,M,Computer Science & Engineering,4,2,91.9,71.9,12.5,,38,9,6.5,Yes,Both,1,85,Pass,Very Good
S24CSE351,Amit Ansari,20,Male,Computer Science & Engineering,4,3.5,95.5,51.5,13.5,20,29,6,7,Yes,Both,0,61,Pass,Good
S24CSE352,Rishabh Kapoor,20,Male,C.S.E,3,3.05,100,74.6,15.5,20.5,37,7,6.5,Yes,Textbooks,0,75,Pass,Very Good
S24CSE353,Biswajit Pal,21,Male,Computer Science & Engineering,3,3,87.4,70.4,15.5,21.5,39,7,7,Yes,Online Courses,0,74,Pass,Good
S24CSE354,Neha Halder,19,Female,Computer Science & Engineering,3,1.6,78.5,49.3,11.5,14,28,4,6.5,Yes,Textbooks,0,45,Pass,Needs Improvement
S24CSE355,Mohit Paul,19,Male,Computer Science & Engineering,3,2.12,74.3,73.9,9,22.5,35,7,8.5,Yes,Textbooks,0,65,Pass,Good
S24CSE356,Ishaan Purkayastha,19,Male,Computer Science & Engineering,3,1.85,82,74.8,13.5,13,31,7,6,Yes,Both,0,54,Pass,Average
S24CSE357,Srijita Khan,19,F,Computer Science & Engineering,3,2,77.8,64,13,18.5,27,,6,YES,Both,0,63,Pass,Good
S24CSE358,Garima Mondal,19,F,Computer Science & Engineering,3,1,50.3,39,8,15,18,1,5,Yes,Notes Only,0,32,Fail,Needs Improvement
S24CSE359,Gaurav Nandi,19,Male,Computer Science & Engineering,4,5.92,87.8,40,11.5,18.5,33,6,6,Yes,Online Courses,2,38,Fail,Needs Improvement
S24CSE360,Rohan Kundu,20,Male,Computer Science & Engineering,3,2.25,87.6,58,13,18.5,33,4,6.5,Yes,Online Courses,0,47,Pass,Needs Improvement
S24CSE361,Tushar Das,19,Male,Computer Science & Engineering,4,3.5,71.1,68.8,12.5,13,37,4,5.5,Yes,Notes Only,0,48,Pass,Needs Improvement
S24CSE362,Deepak Reddy,20,Male,Computer Science & Engineering,3,2.5,69.1,68.5,14.5,17.5,38,5,7.5,Yes,Online Courses,0,66,Pass,Good
S24CSE363,Rohan Thakur,19,Male,Computer Science & Engineering,3,4,88.8,54.2,12.5,17.5,33,5,7,No,Notes Only,0,58,Pass,Average
S24CSE364,Md Faisal Yadav,19,Male,Computer Science & Engineering,3,6,84.2,76.8,14.5,20.5,37,6,8,Yes,Online Courses,0,78,Pass,Very Good
S24ECE001,Manish Kumar,19,Male,Electronics & Communication,3,1.28,64.1,37,10.5,15.5,25,6,7,Yes,Online Courses,5,38,Fail,Needs Improvement
S24ECE002,Sourav Purkayastha,21,Male,Electronics & Communication,3,4,80.5,73.3,16.5,21.5,38,7,7,Yes,Both,1,78,Pass,Very Good
S24ECE003,Rashmi Gupta,21,F,Electronics & Communication,3,4,75.3,67,12.5,15.5,34,7,6,Yes,Notes Only,0,65,Pass,Good
S24ECE004,Sandip Ansari,19,Male,Electronics & Communication,4,1,69.7,32,10.5,11,25,5,5.5,No,Textbooks,3,14,Fail,Needs Improvement
S24ECE005,Yash Khan,20,Male,Electronics & Communication,3,1.5,68.8,65,10.5,17.5,37,4,6,No,Online Courses,0,52,Pass,Average
S24ECE006,Swati Das,19,Female,Electronics & Communication,4,5.5,78.3,65.6,14.5,25,36,6,6,Yes,Textbooks,1,70,Pass,Good
S24ECE007,Imran Basu,19,Male,Electronics & Communication,4,1.44,66.5,44,9.5,6,24,4,6.5,No,Textbooks,2,27,Fail,Needs Improvement
S24ECE008,Pooja Reddy,19,Female,Electronics & Communication,3,2,75.3,60.5,12.5,21,32,7,7,Yes,Textbooks,0,69,Pass,Good
S24ECE009,Sagar Purkayastha ,21,Male,Electronics & Communication,3,5,91.2,65.7,17.5,27,42,9,6,No,Both,0,73,Pass,Good
S24ECE010,Simran Halder,20,Female,Electronics & Communication,4,4.98,95.4,88,17.5,24,41,10,5.5,Yes,Textbooks,0,99,Pass,Excellent
S24ECE011,Sakshi Reddy,19,Female,Electronics & Communication,3,2.5,67.2,52.1,9.5,19,39,,7,Yes,Online Courses,0,49,Pass,Needs Improvement
S24ECE012,Kavya Datta,20,Female,Electronics & Communication,3,5.31,99.4,80,17.5,21.5,37,8,6.5,Yes,Both,0,85,Pass,Very Good
S24ECE013,Sagar Mondal,19,Male,Electronics & Communication,3,3,85.8,61,13.5,22.5,40,8,8,Y,Textbooks,0,61,Pass,Good
S24ECE014,Joydeep Pal,21,Male,Electronics & Communication,4,2,67.6,60.3,9,12,33,5,4,Yes,Online Courses,2,36,Fail,Needs Improvement
S24ECE015,Trisha Tiwari,21,Female ,Electronics & Communication,3,4,84.8,70,14,16,29,,7.5,Yes,Both,0,64,Pass,Good
S24ECE016,Piyush Sinha,19,Male,Electronics & Communication,4,4.02,88.7,69,15.5,20,33,6,6,Yes,Textbooks,0,,,
S24ECE017,Bhavna Paul,20,Female,Electronics & Communication,3,5,-5,73.5,15.5,21.5,46,7,6.5,Yes,Both,0,71,Pass,Good
S24ECE018,Trisha Gupta,20,Female,ece,4,3,84.6,60,12.5,25,35,4,7.5,Yes,Both,0,77,Pass,Very Good
S24ECE019,Shreya Mehta,19,Female,Electronics & Communication,3,2,78.6,55.7,14,20.5,28,,5,Yes,Notes Only,0,49,Pass,Needs Improvement
S24ECE020,Akash Kundu,21,Male,Electronics & Communication,4,2.28,70.7,62,13.5,18,33,5,6,Yes,Both,1,63,Pass,Good
S24ECE021,Tanushree Mondal,20,Female,Electronics & Communication,4,3.5,90.80%,62,10,13,32,5,6.5,Yes,Both,0,61,Pass,Good
S24ECE022,Rajesh Gupta,21,Male,Electronics & Communication,3,1,75,50.2,,18.5,32,7,7,Yes,Both,1,59,Pass,Average
S24ECE023,Amit Pandey,19,Male,Electronics & Communication,3,3,83.3,49,13.5,16.5,32,7,5,Yes,Both,0,43,Pass,Needs Improvement
S24ECE024,Subham Pandey,20,Male,ece,4,1,55.7,42.6,6.5,7.5,20,4,6.5,Yes,Both,3,21,Fail,Needs Improvement
S24ECE025,Poulami Mehta,19,Female ,Electronics & Communication,4,3.5,93.2,75.3,15.5,26,38,5,7,Yes,Online Courses,0,78,Pass,Very Good
S24ECE026,Arjun Basu,21,Male,Electronics & Communication,4,3,76.5,71.7,15,22.5,32,7,6,Yes,Notes Only,0,58,Pass,Average
S24ECE027,Arjun Nandi,20,Male,Electronics & Communication,3,2.91,95.2,82,19,24,42,9,6,Yes,Online Courses,0,81,Pass,Very Good
S24ECE028,Sayani Verma,20,Female,Electronics & Communication,3,2.5,82.8,77.3,14.5,20.5,37,5,6,Yes,Both,0,67,Pass,Good
S24ECE029,Akash Halder,19,Male,Electronics & Communication,3,1,70.6,44,8,14,27,3,6.5,Yes,Textbooks,0,46,Pass,Needs Improvement
S24ECE030,Md Faisal Patel,19,Male,Electronics & Communication,4,2,72.3,68,14.5,20.5,33,7,6.5,Yes,Online Courses,0,71,Pass,Good
S24ECE031,Yash Mishra,20,Male,Electronics & Communication,3,4,87.7,60.2,11,23,33,6,8,Yes,Notes Only,0,61,Pass,Good
S24ECE032,Rishabh Reddy,19,Male,ece,3,5,99.6,92,19,26,39,8,5,No,Textbooks,0,89,Pass,Very Good
S24ECE033,Mansi Agarwal,20,Female,Electronics & Communication,3,2,81.2,51.4,12.5,17,24,6,7.5,Yes,Both,0,63,Pass,Good
S24ECE034,Rituparna Basu,20,Female,Electronics & Communication,4,3.01,80.6,54,15,26,33,10,5,Yes,Textbooks,0,59,Pass,Average
S24ECE035,Garima Nair,19,Female,Electronics & Communication,4,1.5,79.8,72,13.5,15.5,37,6,6.5,Yes,Online Courses,0,51,Pass,Average
S24ECE036,Rahul Sarkar,20,Male,Electronics & Communication,3,2.5,69,76,10.5,20,40,7,6,Yes,Textbooks,0,72,Pass,Good
S24ECE037,Utsav Halder,19,Male,Electronics & Communication,3,3.5,70.3,64,11,21,33,4,8,Yes,Notes Only,0,65,Pass,Good
S24ECE038,Amit Singh,19,Male,Electronics & Communication,4,2.5,83.1,53,11,22,41,6,7,Yes,Both,1,67,Pass,Good
S24ECE039,Vikram Ghosh,20,Male,Electronics & Communication,4,1.5,77.2,65,11.5,20,35,6,5.5,Yes,Online,3,47,Pass,Needs Improvement
S24ECE040,Divya Ansari,19,Female,Electronics & Communication,3,5,71.4,60,11.5,17,40,7,5,Yes,Textbooks,1,55,Pass,Average
S24ECE041,Om Banerjee,19,Male,Electronics & Communication,3,1.5,78.9,54.9,11.5,20,37,5,8,Yes,Both,0,51,Pass,Average
S24ECE042,Sohini Mondal,19,Female,Electronics & Communication,3,1,65.2,41.1,8,20.5,25,7,9,Yes,Both,0,34,Fail,Needs Improvement
S24ECE043,Mohit Ghosh,19,Male ,Electronics & Communication,3,3,74.2,66.7,14,23.5,30,8,7.5,Yes,Notes Only,1,65,Pass,Good
S24ECE044,Tanushree Saha,19,Female,Electronics & Communication,3,1,81.00%,,9,11.5,23,3,5.5,No,Both,1,42,Pass,Needs Improvement
S24ECE045,Yash Mondal,19,Male,Electronics & Communication,4,1.86,68.7,69,11,24,35,3,6,Yes,Notes Only,1,61,Pass,Good
S24ECE046,Harsh Purkayastha,19,Male,Electronics & Communication,3,2.19,79.1,70,14.5,17.5,32,5,6,Yes,Textbooks,0,61,Pass,Good
S24ECE047,Debjani Agarwal,20,Female,Electronics & Communication,3,2.27,77.5,66,,16,33,8,7.5,Y,Notes Only,0,74,Pass,Good
S24ECE048,Tanmay Mukherjee,20,Male,Electronics & Communication,3,4,83.6,64,15,20.5,31,5,7.5,Yes,Both,0,53,Pass,Average
S24ECE049,Prasenjit Mondal,21,male,ece,4,2,77.9,66.8,13.5,20.5,25,5,7.5,Yes,Notes Only,0,39,Fail,Needs Improvement
S24ECE050,Sandip Kumar,20,Male,Electronics & Communication,3,5.38,87.8,80.7,13.5,18,31,6,8,Yes,Both,0,80,Pass,Very Good
S24ECE051,Dev Ansari,19,Male,Electronics & Communication,3,4,85.6,60,10,22,36,6,7,Yes,Notes Only,0,68,Pass,Good
S24ECE052,Ankit Thakur,21,Male,ece,3,1.8,65.4,70,10.5,16.5,34,5,6,Yes,Notes Only,0,53,Pass,Average
S24ECE053,Sneha Sharma,19,FEMALE,Electronics & Communication,4,3,81.4,63.7,12,26.5,36,4,8.5,Yes,Online Courses,0,67,Pass,Good
S24ECE054,Falguni Sarkar,19,Female,Electronics & Communication,3,1.5,70.5,62.3,6,12.5,26,,8.5,Yes,Textbooks,0,42,Pass,Needs Improvement
S24ECE055,Priya Bhattacharya,19,Female,Electronics & Communication,3,1,65.7,56,9,15.5,36,3,6,Yes,Textbooks,0,54,Pass,Average
S24ECE056,Ankit Sen,21,M,Electronics & Communication,4,3,,59.1,15.5,24,34,8,6.5,Yes,Online Courses,2,67,Pass,Good
S24ECE057,Md Faisal Bhattacharya ,20,Male,Electronics & Communication,3,2,85.2,52,12.5,16.5,29,8,6,Yes,Textbooks,1,49,Pass,Needs Improvement
S24ECE058,Gaurav Ansari,20,M,Electronics & Communication,3,1,67.3,,7,12,25,5,5.5,Yes,Both,5,23,Fail,Needs Improvement
S24ECE059,Abhishek Gupta,20,Male,Electronics & Communication,3,5,93.2,76.1,15,27.5,35,9,6,Yes,Online Courses,0,76,Pass,Very Good
S24ECE060,Arnab Roy,20,Male,Electronics & Communication,3,1.03,68.8,69.2,11,19.5,27,3,7,Yes,Online Courses,0,53,Pass,Average
S24ECE061,Dev Mehta,21,Male,Electronics & Communication,3,4,85.9,65,14.5,19.5,44,8,4.5,Yes,Online Courses,0,69,Pass,Good
S24ECE062,Akash Paul,20,Male,Electronics & Communication,3,3.02,73.2,64,12.5,25.5,41,4,6.5,Yes,Both,0,66,Pass,Good
S24ECE063,Ishaan Dey,19,Male,Electronics & Communication,4,4.5,80.6,65.6,,16.5,38,8,6.5,Yes,Both,1,65,Pass,Good
S24ECE064,Subham Ghosh,21,Male,Electronics & Communication,3,1.5,79.3,67,13,16,34,8,7.5,Yes,Both,0,48,Pass,Needs Improvement
S24ECE065,Rituparna Majumdar,21,Female,Electronics & Communication,4,3.48,87.2,59.1,10.5,18,36,2,5,Yes,Both,0,54,Pass,Average
S24ECE066,Vishal Banerjee,19,Male,Electronics & Communication,3,4,75.2,61,16.5,16,34,9,5.5,Yes,Notes Only,1,55,Pass,Average
S24ECE067,falguni singh,20,Female,Electronics & Communication,3,3.31,87,54,10.5,16.5,27,5,4.5,Yes,Textbooks,1,47,Pass,Needs Improvement
S24ECE068,Shreya Yadav,20,Female,Electronics & Communication,4,2.68,78.3,78,13,23.5,36,3,,Yes,Notes Only,0,62,Pass,Good
S24ECE069,Kavya Purkayastha,20,Female,Electronics & Communication,4,1,58.7,60,10.5,13.5,34,4,7,Yes,Textbooks,2,41,Pass,Needs Improvement
S24ECE070,Md Faisal Yadav,20,Male,Electronics & Communication,3,6.5,87.8,79.1,20,28,39,10,7.5,Yes,Textbooks,0,79,Pass,Very Good
S24ECE071,Nitin Sinha,20,Male,Electronics & Communication,3,1,74.1,54.9,10,19,29,5,6,Yes,Online Courses,0,47,Pass,Needs Improvement
S24ECE072,Sohini Jha,20,Female,Electronics & Communication,3,4,88.6,85,19,23,39,6,7,Yes,Both,0,88,Pass,Very Good
S24ECE073,Saurabh Saha,19,Male,Electronics & Communication,3,3,72.4,44.8,12,21,33,7,4,Yes,Both,0,43,Pass,Needs Improvement
S24ECE074,Aditya Kundu,20,Male,Electronics & Communication,3,2,65.4,60.1,14.5,20.5,45,6,5.5,Yes,Both,0,53,Pass,Average
S24ECE075,Aarav Sarkar,19,Male,Electronics & Communication,3,3.51,61.9,49.5,13,15.5,31,5,7.5,Yes,Online Courses,1,44,Pass,Needs Improvement
S24ECE076,Biswajit Pandey,21,Male,Electronics & Communication,3,2,83,47.1,10,22.5,33,4,8,Yes,Online Courses,0,50,Pass,Average
S24ECE077,Jyoti Singh,20,FEMALE,Electronics & Communication,3,1.5,72.1,67,12.5,15.5,36,5,9,Yes,Both,0,37,Fail,Needs Improvement
S24ECE078,Karan Mehta,19,Male,Electronics & Communication,3,1,69.7,59,12,21,32,6,8,Yes,Notes Only,0,54,Pass,Average
S24ECE079,Swati Ghosh,21,Female,Electronics & Communication,4,3.57,85.9,56.5,15,20.5,31,6,7.5,Yes,Online Courses,1,48,Pass,Needs Improvement
S24ECE080,Palak Mishra,19,Female,Electronics & Communication,4,3,66.3,54,11.5,12,24,7,7,Yes,Textbooks,1,47,Pass,Needs Improvement
S24ECE081,Ayush Laha,19,Male,ece,4,1,68.4,49.8,12.5,16.5,29,5,7,Yes,Notes Only,0,50,Pass,Average
S24ECE082,Biswajit Malhotra,20,Male,Electronics & Communication,4,6.75,81.9,76.3,15,22,46,7,,Yes,Textbooks,0,72,Pass,Good
S24ECE083,Jayesh Patel,19,Male,Electronics & Communication,4,4.14,69.1,57,14,19,35,9,7,Yes,Online Courses,0,67,Pass,Good
S24ECE084,Khushi Datta,19,Female,Electronics & Communication,4,2,,47,13,20.5,33,7,7,Yes,Both,0,62,Pass,Good
S24ECE085,Swati Das,20,Female,Electronics & Communication,3,4.5,64,50,12.5,19,25,6,7,Yes,Online Courses,0,60,Pass,Good
S24ECE086,Rajesh Sarkar,19,Male,Electronics & Communication,3,1.28,66,70,13,13.5,24,9,7,Yes,Online Courses,1,49,Pass,Needs Improvement
S24ECE087,Meghna Patel,19,Female,Electronics & Communication,3,2.85,78.9,59,16,19,33,7,8,Yes,Textbooks,0,65,Pass,Good
S24ECE088,Shivam Shah,21,Male,Electronics & Communication,3,3,67.7,62,12,21,43,7,7.5,Yes,Online Courses,0,64,Pass,Good
S24ECE089,Sudipta Datta,19,Female,Electronics & Communication,3,2,73.3,57,15.5,20,38,9,6.5,Yes,Online Courses,1,61,Pass,Good
S24ECE090,Amit Mishra,20,Male,Electronics & Communication,3,4.69,81.7,91.5,15.5,26.5,42,5,7,Yes,Notes Only,1,79,Pass,Very Good
S24ECE091,Sneha Kapoor,19,Female,Electronics & Communication,3,4.5,96.1,61,18,21,43,9,8,Yes,Notes Only,0,67,Pass,Good
S24ECE092,Aditya Kundu,19,Male,ECE,3,3,81.2,72,16.5,21,38,5,7.5,No,Both,0,77,Pass,Very Good
S24ECE093,Arjun Jha,19,Male,E&C,4,3,84.7,70,15.5,18.5,43,6,7.5,Yes,Textbooks,0,57,Pass,Average
S24ECE094,Akash Dey,21,Male,Electronics & Communication,4,4.5,74,71.5,12,22,40,5,6.5,Yes,Textbooks,0,73,Pass,Good
S24ECE095,Suraj Biswas,19,Male,ECE,3,,50.1,47.9,5.5,12.5,23,6,6.5,Yes,Textbooks,1,49,Pass,Needs Improvement
S24ECE096,Trisha Bose,19,Female,Electronics & Communication,3,2.86,66.4,66.4,13,22,34,5,5,Yes,Online Courses,0,59,Pass,Average
S24ECE097,Palak Laha,20,Female,Electronics & Communication,4,3.34,100,62,13,23.5,42,N/A,6,Yes,Online Courses,0,69,Pass,Good
S24ECE098,Ishita Yadav,20,Female,Electronics & Communication,3,2,82.8,54,8.5,16,40,6,7.5,Yes,Both,1,59,Pass,Average
S24ECE099,Vikram Sinha,19,Male,Electronics & Communication,3,2,72.8,68,13.5,18.5,30,5,7,Yes,Online Courses,0,52,Pass,Average
S24ECE100,Naveen Singh,21,Male,Electronics & Communication,4,3,75.2,72,14.5,24.5,37,6,6,Yes,Textbooks,0,66,Pass,Good
S24ECE101,Debjani Mukherjee,19,Female,Electronics & Communication,3,3.5,72.7,70.5,13.5,21.5,35,7,8,Yes,Online,0,69,Pass,Good
S24ECE102,Nitin Chatterjee,20,MALE,ECE,4,2,68.3,62.1,13,15,38,4,6.5,Yes,Online Courses,0,56,Pass,Average
S24ECE103,Debjani Gupta,20,Female,Electronics & Communication,3,6.5,100,92,17,24,39,7,8.5,Yes,Both ,0,98,Pass,Excellent
S24ECE104,Rakesh Pal,20,Male,Electronics & Communication,3,4.79,90.3,66.6,17,21.5,31,8,7.5,Yes,Both,0,71,Pass,Good
S24ECE105,Diya Bose,20,Female,Electronics & Communication,3,1,75.8,67.3,12,22,38,7,8.5,Yes,Textbooks,0,77,Pass,Very Good
S24ECE106,Md Faisal Chakraborty ,20,Male,Electronics & Communication,4,4.5,79.6,50.5,11,20,38,,,Yes,Online Courses,0,60,Pass,Good
S24ECE107,Karan Chatterjee,19,Male,Electronics & Communication,3,1.5,71.9,54,10.5,16.5,24,4,5,Yes,Both,1,43,Pass,Needs Improvement
S24ECE108,Harsh Purkayastha,19,Male,Electronics & Communication,4,2.5,68.5,61.3,10.5,22,35,4,7.5,Yes,Both,0,48,Pass,Needs Improvement
S24ECE109,Ashish Bose,19,Male,Electronics & Communication,4,2,71,50.1,12.5,15,33,4,7,Yes,textbooks,1,38,Fail,Needs Improvement
S24ECE110,Tanya Agarwal,20,Female,Electronics & Communication,3,4,82.2,52.8,,22.5,32,9,5.5,Yes,Both,0,53,Pass,Average
S24ECE111,Suman Pal,19,Male,Electronics & Communication,3,6,86.3,66,18.5,25.5,34,5,8,Yes,Both,1,65,Pass,Good
S24ECE112,Om Laha,21,Male,Electronics & Communication,4,1,56.8,43.5,10.5,8.5,33,4,8,Yes,Both,0,50,Pass,Average
S24ECE113,Shivam Banerjee,20,Male,E&C,3,2.5,,59.5,13.5,14.5,39,7,8.5,Yes,Textbooks,0,65,Pass,Good
S24ECE114,Sayan Ghosh,19,Male,Electronics & Communication,3,4.5,88.7,71,14.5,30,37,6,7,Yes,Both,0,86,Pass,Very Good
S24ECE115,Arnab Bose,19,Male,Electronics & Communication,4,1.76,75.1,39.9,11,16.5,30,4,7,,Online Courses,2,43,Pass,Needs Improvement
S24ECE116,Ishaan Pandey,20,Male,Electronics & Communication,3,1,73.4,51.1,14,21,41,5,,no,Notes Only,2,49,Pass,Needs Improvement
S24ECE117,Suraj Malhotra,19,Male,E&C,3,2.61,73.2,68.5,13,16.5,37,6,6.5,Yes,Online Courses,1,56,Pass,Average
S24ECE118,Ritika Ansari,19,Female,Electronics & Communication,3,5,100,64,14.5,22,44,7,7.5,Yes,Textbooks,0,65,Pass,Good
S24ECE119,Shreya Chakraborty,19,Female,Electronics & Communication,3,2,74.4,76.2,12,24,33,7,7,Yes,Notes Only,0,79,Pass,Very Good
S24ECE120,Imran Das,20,Male,Electronics & Communication,4,5.29,82.1,76.1,16.5,24,48,6,4.5,Yes,Online Courses,0,88,Pass,Very Good
S24ECE121,Pooja Laha,19,Female,Electronics & Communication,3,2.5,71.4,52,13.5,19,36,4,8,Yes,Both,0,66,Pass,Good
S24ECE122,Kartik Das,19,Male,Electronics & Communication,3,2.5,81.6,57,11,13.5,29,5,7,Yes,Notes Only,0,48,Pass,Needs Improvement
S24ECE123,Arjun Agarwal,21,Male,Electronics & Communication,3,7,91.4,71.8,17,25.5,48,7,6.5,No,Both,0,86,Pass,Very Good
S24ECE124,Rishabh Chakraborty,19,Male,Electronics & Comm.,3,2.5,84.7,69,13.5,22,35,8,6.5,,Both,1,57,Pass,Average
S24ECE125,Srijita Das,20,Female,Electronics & Communication,4,2.03,,70.2,14.5,20,33,8,5,Yes,Both ,1,68,Pass,Good
S24ECE126,Gaurav Chakraborty,20,Male,Electronics & Communication,3,3,73.8,59.5,14,14,41,4,7.5,Yes,Online Courses,1,56,Pass,Average
S24ECE127,Sakshi Rao,20,Female,Electronics & Communication,4,3.34,87.7,70,16,25,36,7,6.5,Yes,Both,0,78,Pass,Very Good
S24ECE128,Rajesh Bhattacharya,20,Male,Electronics & Communication,4,1,55.5,71.1,10.5,17,36,2,7,Yes,Both,1,49,Pass,Needs Improvement
S24ECE129,Kunal Sinha,19,Male,Electronics & Communication,4,5.88,90.1,85,18.5,30,41,,7.5,Yes,Textbooks,0,84,Pass,Very Good
S24ECE130,Deepak Jain,20,Male,Electronics & Communication,3,1.5,62.8,61,13.5,18,36,5,6,Yes,Textbooks,1,60,Pass,Good
S24ECE131,Sakshi Pandey,20,Female,Electronics & Communication,3,1.3,76.1,60,13.5,23.5,30,3,7,No,Textbooks,0,65,Pass,Good
S24ECE132,Khushi Paul,20,Female,ece,3,7.5,84.9,71,18.5,29.5,41,8,6.5,Yes,Online Courses,0,82,Pass,Very Good
S24ECE133,Md Faisal Laha,20,Male,Electronics & Communication,4,1.5,67,48,12,13.5,31,5,8,No,Online Courses,0,44,Pass,Needs Improvement
S24ECE134,Rashmi Ansari,19,Female,Electronics & Comm.,3,1.5,67.4,63.6,12,23.5,36,6,6.5,No,Textbooks,0,64,Pass,Good
S24ECE135,Om Reddy,20,Male,Electronics & Communication,4,4,91.1,70,18,24,45,7,7.5,Yes,Textbooks,0,79,Pass,Very Good
S24ECE136,Meghna Chakraborty,20,Female,Electronics & Communication,3,1,58.9,67,13,18,29,5,6.5,Yes,Both,0,54,Pass,Average
S24ECE137,Meghna Nair,19,F,Electronics & Communication,4,4.5,63.5,75.8,17,30,43,6,6,Yes,Both,0,71,Pass,Good
S24ECE138,Sohini Basu,21,Female,Electronics & Communication,4,2.82,79.1,43.1,9.5,18.5,34,5,7,Yes,Notes Only,0,41,Pass,Needs Improvement
S24ECE139,Isha Pal,19,Female,Electronics & Communication,3,2,91.9,58.4,11.5,19,31,3,,No,Notes Only,1,52,Pass,Average
S24ECE140,Jayesh Kapoor,19,Male,Electronics & Communication,4,4.4,91.8,71,16,21.5,35,5,5.5,Yes,Online Courses,0,57,Pass,Average
S24ECE141,Mohit Sen,19,Male,E&C,4,2.15,78.1,50,11,19,25,6,5.5,No,Notes Only,0,52,Pass,Average
S24ECE142,Suman Kundu,19,Male,ECE,4,3,72.6,70.1,14.5,19,36,5,5.5,Yes,Online Courses,1,64,Pass,Good
S24ECE143,Poulami Khan,19,Female,Electronics & Communication,3,2.14,63.9,66,11,20.5,30,,5.5,Yes,textbooks,1,66,Pass,Good
S24ECE144,Dev Halder,19,Male,Electronics & Communication,3,6.48,87.5,55.6,15.5,14.5,33,5,5.5,Yes,Both,0,59,Pass,Average
S24ECE145,Ritwik Kundu,19,Male,ece,4,3.68,75.7,54,12,21,33,8,6,Yes,Notes Only,0,65,Pass,Good
S24ECE146,Rohan Kumar,21,Male,Electronics & Communication,3,2.41,72.3,48.5,15,18,31,4,5.5,Yes,Both,0,52,Pass,Average
S24ECE147,Poulami Basu,19,Female,Electronics & Communication,3,3,80.3,59.9,14,23.5,39,8,7,Yes,Both,0,70,Pass,Good
S24ECE148,Debjani Halder,21,Female,Electronics & Communication,4,3,90.9,58,13.5,17.5,35,7,6.5,YES,Notes Only,0,51,Pass,Average
S24ECE149,Swati Jha,19,Female,Electronics & Communication,3,3,76.2,60,12.5,22,40,5,5.5,Yes,Online Courses,0,61,Pass,Good
S24ECE150,Bhavna Kundu,20,Female,Electronics & Communication,4,1.5,69.3,72.6,14.5,26.5,37,5,6,Yes,Both,1,70,Pass,Good
S24ECE151,Deepak Majumdar,20,Male,ECE,3,2,72.9,,,18.5,34,5,7.5,Yes,Online Courses,1,57,Pass,Average
S24ECE152,Ishaan Kundu,20,Male,Electronics & Communication,4,1.5,53.8,50,8.5,14,27,5,7.5,Yes,Online Courses,0,30,Fail,Needs Improvement
S24ECE153,Ari Mishra,19,Other,Electronics & Communication,3,2,69,61.1,8.5,17,28,7,6.5,Yes,Online Courses,1,45,Pass,Needs Improvement
S24ECE154,Garima Dutta,19,Female,Electronics & Communication,3,1.05,56.8,32,7.5,15,28,3,6.5,Yes,Both,4,21,Fail,Needs Improvement
S24ECE155,Rakesh Sharma,20,Male,Electronics & Communication,4,1,59.3,59,10,14,37,8,6.5,Yes,Notes Only,1,51,Pass,Average
S24ECE156,Swati Sarkar,19,Female,Electronics & Communication,3,2.85,101,81,12,20.5,32,7,6,Yes,Online Courses,0,67,Pass,Good
S24ECE157,Lakshya Datta,19,Male,ece,3,6,96,65.8,17.5,18,48,6,5.5,Yes,Online Courses,0,69,Pass,Good
S24ECE158,Nikhil Kumar,20,Male,Electronics & Communication,3,3.5,74,78,13.5,26,28,7,6.5,Yes,Both,0,76,Pass,Very Good
S24ECE159,Aditi Basu,19,FEMALE,ece,4,3,71.1,70.4,13,21,33,5,5.5,Yes,Notes Only,1,64,Pass,Good
S24ECE160,Saurabh Banerjee,20,Male,Electronics & Communication,3,2.5,82.5,65.7,14.5,22.5,36,9,6.5,Yes,Both,0,66,Pass,Good
S24ECE161,Harsh Kumar,19,Male,Electronics & Communication,3,1,68.9,57,13.5,20,34,7,7,Yes,Textbooks,0,46,Pass,Needs Improvement
S24ECE162,Rahul Yadav,199,Male,Electronics & Communication,3,5.5,80.1,77,16,27,43,7,7.5,Yes,Online Courses,0,89,Pass,Very Good
S24ECE163,Vivek Bose,19,Male,Electronics & Communication,3,1,50.4,46.7,7,8,21,3,6,Yes,Both,2,20,Fail,Needs Improvement
S24ECE164,Nitin Nair,21,Male,Electronics & Communication,3,2,65,64,9,19.5,27,3,6,Yes,Online Courses,2,54,Pass,Average
S24ECE165,Meghna Khan,20,Female,Electronics & Communication,3,2.5,84.7,66,13.5,19.5,41,8,7.5,Yes,Notes Only,1,61,Pass,Good
S24ECE166,Piyush Sinha,19,Male,Electronics & Communication,3,3,81.7,87,17.5,23.5,38,7,4.5,Yes,,0,80,Pass,Very Good
S24ECE167,Ananya Jha,19,Female,Electronics & Communication,3,0.94,70.1,67.4,11,18.5,31,7,7,No,Both,0,71,Pass,Good
S24ECE168,Dev Mondal,21,Male,Electronics & Communication,3,3,84.9,50,15.5,20,29,6,7.5,Yes,Online Courses,0,57,Pass,Average
S24ECE169,Aditi Kundu,19,Female,Electronics & Communication,3,2,69.9,59.5,13,14.5,39,5,8,Yes,Notes Only,0,58,Pass,Average
S24ECE170,Abhishek Saha,19,Male,Electronics & Communication,3,7,73,75,14,26,34,6,8,Yes,Online Courses,0,64,Pass,Good
S24ECE171,Sourav Chakraborty,21,Male,Electronics & Communication,4,1.33,74.9,65,14,15.5,31,8,6.5,Yes,Textbooks,1,50,Pass,Average
S24ECE172,Debjani Ansari,19,Female,Electronics & Communication,3,3.4,85.4,76,12,15.5,36,4,6.5,Yes,Textbooks,0,69,Pass,Good
S24ECE173,Pooja Kundu,20,Female,Electronics & Communication,3,3,80.3,50,13,22,29,3,7,Yes,Both,1,53,Pass,Average
S24ECE174,Kavya Sarkar,19,Female,Electronics & Communication,3,3,73.4,79.1,14.5,25.5,45,9,7.5,Yes,Textbooks,0,70,Pass,Good
S24ECE175,Karan Chakraborty,20,Male,E&C,4,6,77.9,91,16.5,24.5,46,10,6.5,Yes,Notes Only,0,84,Pass,Very Good
S24ECE176,Dev Roy,21,Male,Electronics & Communication,3,3.5,74.4,73,12.5,21.5,35,4,7.5,Yes,Online Courses,0,57,Pass,Average
S24ECE177,Aarav Sinha,19,Male,Electronics & Communication,3,5,100,80.2,,26.5,40,8,7,Yes,Online Courses,0,97,Pass,Excellent
S24ECE178,Arnab Majumdar,21,Male,Electronics & Communication,3,3.66,76.9,81,16,20.5,33,8,7,No,Notes Only,0,,,
S24ECE179,Khushi Laha,19,Female,Electronics & Communication,4,3.24,86.8,88,18.5,29.5,43,9,6.5,Yes,Online Courses,0,85,Pass,Very Good
S24ECE180,Joydeep Kundu,19,Male,Electronics & Communication,3,1,77.4,63,9.5,24,25,5,6,Yes,Textbooks,0,59,Pass,Average
S24ECE181,Abhishek Yadav,20,MALE,Electronics & Communication,3,1.6,80.7,58,7.5,12,25,,6,Yes,Textbooks,0,58,Pass,Average
S24ECE182,Neha Biswas,21,Female,Electronics & Communication,3,1.5,73.1,48,11,18.5,32,4,6,Yes,Online Courses,0,63,Pass,Good
S24ECE183,Manish Dutta,19,M,Electronics & Communication,3,2,70,,10.5,16.5,34,6,6.5,No,Both,0,55,Pass,Average
S24ECE184,Pratik Halder,20,Male,Electronics & Communication,3,2,64.1,48,13.5,15,29,6,4.5,Yes,Textbooks,0,46,Pass,Needs Improvement
S24ECE185,Tanya Kumar,21,Female,Electronics & Communication,4,3.11,72.9,59.4,10.5,20.5,31,7,9.5,Yes,Both,0,58,Pass,Average
S24ECE186,Shivam Mishra,19,Male,E&C,3,1.57,67.8,72,10,17,37,6,6,Yes,Online Courses,0,61,Pass,Good
S24ECE187,Sanjana Sharma,19,Female,Electronics & Communication,3,6,81.9,67.9,16,22.5,39,9,5,No,Textbooks,0,70,Pass,Good
S24ECE188,Ankit Sen,19,Male,Electronics & Communication,4,2,75.2,65.1,13.5,22.5,36,8,6.5,No,Textbooks,0,52,Pass,Average
S24ECE189,Deepak Sen,20,Male ,Electronics & Communication,4,3,64.6,60.1,8.5,16,38,7,,YES,Both,0,54,Pass,Average
S24ECE190,Utsav Thakur,20,Male,Electronics & Communication,4,1.5,64.7,63,11,17.5,25,6,9,Yes,Notes Only,0,50,Pass,Average
S24ECE191,Aarav Pandey,20,Male,Electronics & Communication,3,2.5,82,57.7,17.5,21.5,40,8,7.5,Yes,Both,0,59,Pass,Average
S24ECE192,Sudipta Reddy,20,Female,Electronics & Communication,3,2,85.9,68,15,26.5,39,9,8.5,Yes,Both,0,90,Pass,Excellent
S24ECE193,Amit Kundu,19,Male,E&C,3,6,79.6,62.3,15,27.5,40,6,8,Yes,Both,0,65,Pass,Good
S24ECE194,Gaurav Kapoor,19,Male,Electronics & Communication,3,1.07,70.6,55.7,10.5,13.5,26,N/A,8,Yes,Both,2,35,Fail,Needs Improvement
S24ECE195,Rohan Mehta,20,Other,Electronics & Communication,4,5,81.7,58.2,11,17.5,34,6,9,Yes,Online,0,60,Pass,Good
S24ECE196,Isha Bose,19,FEMALE,Electronics & Communication,4,5,76.1,52.7,10,20,44,9,7.5,Yes,Both,0,63,Pass,Good
S24ECE197,Gaurav Kumar,20,Male,E&C,3,1.5,61.9,57,9,17.5,34,7,6.5,Yes,,2,45,Pass,Needs Improvement
S24ECE198,Sagar Verma,19,Male,Electronics & Communication,3,2.63,66.5,49,14,23.5,31,2,6.5,Yes,Both,1,55,Pass,Average
S24ECE199,Sakshi Laha,21,Female,Electronics & Communication,3,3,82.7,69,14.5,17,29,8,5.5,Yes,Notes Only,1,58,Pass,Average
S24ECE200,Imran Sen,19,Male,Electronics & Communication,3,1.5,83.2,64,13,21,26,6,7.5,Yes,Both,1,58,Pass,Average
S24ECE201,Hina Roy,20,Female,Electronics & Communication,4,3,76.1,55.9,11.5,22.5,35,4,9.5,Yes,Textbooks,0,50,Pass,Average
S24ECE202,Amit Kumar,19,Male,Electronics & Communication,4,3,73.9,50.7,11,18,35,5,6,Yes,Online Courses,1,48,Pass,Needs Improvement
S24ECE203,Moumita Nair,20,Female,Electronics & Communication,3,3.66,70.4,76,13.5,28,39,7,7.5,Yes,Online Courses,1,68,Pass,Good
S24ECE204,Falguni Malhotra,19,Female,Electronics & Communication,3,2,61.3,51.2,12.5,11.5,27,8,6,Yes,Textbooks,1,44,Pass,Needs Improvement
S24ECE205,Bhavna Nandi,19,Female,Electronics & Communication,3,1.5,84.9,65.1,19,19,38,9,7,Yes,Both,0,66,Pass,Good
S24ECE206,Manish Nandi,20,Male,Electronics & Communication,4,2,76,59,10,17.5,30,5,7,Yes,Textbooks,0,47,Pass,Needs Improvement
S24ECE207,Ankit Nair,20,Male,Electronics & Communication,3,3,90.8,59.3,13,18,42,5,7.5,Yes,Both,0,58,Pass,Average
S24ECE208,Yash Basu,21,Male,Electronics & Communication,3,5.27,86.6,63,14.5,25,44,6,6,Yes,Textbooks,0,65,Pass,Good
S24ECE209,Khushi Kumar,19,Female,E&C,3,2,75,,15,25,36,6,6.5,No,Textbooks,0,71,Pass,Good
S24ECE210,Srijita Agarwal,20,Female,Electronics & Communication,3,2,63.9,63,13.5,18,35,3,6.5,No,Both,0,56,Pass,Average
S24ECE211,Vikram Sinha,19,Male,ECE,3,1,82.1,77.9,11.5,16.5,39,5,6.5,Yes,Textbooks,0,57,Pass,Average
S24ECE212,Naveen Dey,19,Male,Electronics & Communication,4,2,70.1,72,12.5,19,36,6,6,Yes,Online Courses,0,57,Pass,Average
S24ECE213,Dipankar Saha,20,Male,Electronics & Communication,4,10,94.7,75.6,20,30,44,8,7,Yes,Online Courses,0,100,Pass,Excellent
S24ECE214,Mansi Paul,19,Female,Electronics & Communication,3,2,78.3,59,11,17,34,5,4,Yes,Online Courses,0,42,Pass,Needs Improvement
S24ECE215,Sasha Paul,19,Other,Electronics & Communication,3,3.5,85.5,73,13.5,18,50,5,,Yes,Online Courses,0,56,Pass,Average
S24ECE216,Zoya Sen,20,Female,Electronics & Communication,4,3,72.3,48.2,8.5,16.5,25,4,8,Yes,Textbooks,1,44,Pass,Needs Improvement
S24ECE217,Meghna Gupta,19,Female,Electronics & Communication,4,4,78.6,51.9,13,14.5,32,6,7.5,Yes,Textbooks,0,55,Pass,Average
S24ECE218,Karan Ghosh,20,Male,Electronics & Communication,3,9.5,91.3,83.6,20,26,41,7,6,Yes,Both,0,95,Pass,Excellent
S24IT001,Urvashi Mehta,20,Female,Information Technology,3,4,78.1,74.7,15,22,39,7,4,No,Textbooks,0,78,Pass,Very Good
S24IT002,VIKRAM ROY,19,Male,Information Technology,3,,75.5,74.1,12,25,37,5,6,Yes,Online Courses,0,73,Pass,Good
S24IT003,Nikhil Nair,20,MALE,Information Technology,3,1.5,54.7,60,13.5,24,30,7,5,Yes,Textbooks,1,61,Pass,Good
S24IT004,Khushi Majumdar,19,Female,Information Technology,4,6,83.1,81,15,24,38,8,5,Yes,Notes Only,0,81,Pass,Very Good
S24IT005,Poulami Ghosh,19,Female,I.T.,3,,98.3,64,14,20.5,36,,5.5,Yes,Online Courses,0,65,Pass,Good
S24IT006,Trisha Khan,19,Female,information technology,3,3,76.6,60.9,12.5,17.5,39,,6.5,Yes,Notes Only,0,63,Pass,Good
S24IT007,Riya Malhotra,19,Female,Information Technology,4,4,96.7,65.1,13.5,,32,7,7,Yes,Textbooks,0,78,Pass,Very Good
S24IT008,Falguni Mehta,21,Female,Information Technology,3,1.84,90,59.6,15.5,18.5,31,5,8,Yes,Textbooks,0,71,Pass,Good
S24IT009,Esha Das,20,Female,Information Technology,3,5.5,91.5,74.2,17.5,30,46,9,6.5,Yes,Online,0,81,Pass,Very Good
S24IT010,Neha Sarkar,20,Female,Information Technology,3,1.5,80.7,60,13,16.5,30,5,7.5,Yes,Both,2,52,Pass,Average
S24IT011,Kunal Shah,19,Male,Information Technology,3,3.5,87.7,56.9,13,23.5,32,7,6.5,Yes,Online Courses,1,54,Pass,Average
S24IT012,Swati Dey,21,Female,Information Technology,4,2,62.1,58,10.5,18.5,29,5,5,Yes,Online Courses,0,56,Pass,Average
S24IT013,Md Faisal Reddy,20,Male,Information Technology,4,4,75.6,68.9,,22.5,34,5,5.5,Yes,Online Courses,0,135,Pass,Good
S24IT014,Bhavna Majumdar,20,Female,Information Technology,4,3,87.7,52,11.5,29.5,33,8,7,Yes,Online Courses,0,81,Pass,Very Good
S24IT015,Esha Kumar,19,Female,Information Technology,4,2.8,75.9,74,17.5,26,46,6,6.5,Yes,Notes Only,0,80,Pass,Very Good
S24IT016,Aditi Mondal,20,Female,Information Technology,4,5.35,93.8,79.4,18,20,40,8,6.5,Yes,Online Courses,0,76,Pass,Very Good
S24IT017,Palak Banerjee,19,Female,Information Technology,3,2.5,84,70.6,14.5,19.5,42,6,9,Yes,Both,0,71,Pass,Good
S24IT018,Sagar Majumdar,19,male,Information Technology,3,1,58.1,51.7,9,8.5,30,4,7,Yes,Both,2,30,Fail,Needs Improvement
S24IT019,Priya Banerjee,20,Female,Information Technology,3,1,75.5,47,8.5,16.5,23,4,6,Yes,Both,1,37,Fail,Needs Improvement
S24IT020,Mansi Saha,19,Female,Information Technology,3,3.01,78,40.8,14.5,10,28,4,7,Yes,Textbooks,0,48,Pass,Needs Improvement
S24IT021,Sakshi Kumar,20,Female,Information Technology,3,1,48.2,62.5,13.5,16.5,25,6,7,Yes,Textbooks,1,56,Pass,Average
S24IT022,Ritwik Kapoor,20,MALE,Information Technology,3,3.91,64.9,62,14,19.5,24,4,7,Yes,Notes Only,0,70,Pass,Good
S24IT023,Simran Mehta,20,Female,Information Technology,3,1.5,66.4,51,9,11,25,6,6,Yes,Both,1,41,Pass,Needs Improvement
S24IT024,Deepak Roy,21,Male,Information Technology,4,1.5,68.2,80,13.5,23.5,31,6,5.5,Yes,Notes Only,0,72,Pass,Good
S24IT025,Soham Singh,19,Male,Information Technology,4,1.5,66.3,63,10,12,29,6,7,NO,Notes Only,2,52,Pass,Average
S24IT026,Rishabh Pal,19,Male,Information Technology,3,5.5,100,83,14.5,28,41,9,7.5,No,,0,78,Pass,Very Good
S24IT027,Ishaan Biswas,19,Male,Information Technology,3,1,62.4,64,13,25.5,43,4,7,Yes,Online Courses,1,67,Pass,Good
S24IT028,Amit Dutta,19,Male,Information Technology,3,5,90,68.4,16.5,22,37,8,7.5,Yes,Online Courses,0,63,Pass,Good
S24IT029,Sakshi Mukherjee,19,Female,Information Technology,3,2,61.8,50,12,18.5,26,5,6.5,Yes,Both,3,51,Pass,Average
S24IT030,Kavya Dutta,19,Female,Information Technology,4,3,69.8,52.2,15,20.5,35,7,7,Yes,Online Courses,0,71,Pass,Good
S24IT031,Esha Gupta,20,Female,Information Technology,3,5,78.9,83,20,27,44,9,7.5,Yes,Online Courses,0,100,Pass,Excellent
S24IT032,Ritwik Agarwal,21,Male,Information Technology,3,2,70.7,79.5,16,22.5,38,5,7.5,Yes,Textbooks,0,69,Pass,Good
S24IT033,Akash Verma,20,Male ,Information Technology,3,2.5,83.4,59,14.5,26.5,27,9,5,Yes,Both,0,67,Pass,Good
S24IT034,Sohini Pal,19,Female,Information Technology,3,1.5,68.2,59.3,9.5,20,30,5,,Yes,Both,0,52,Pass,Average
S24IT035,Urvashi Khan,21,Female,Information Technology,3,2,85.1,57,11.5,,27,5,8,Yes,Notes Only,0,46,Pass,Needs Improvement
S24IT036,Saurabh Das,19,Male,Information Technology,4,2.5,78.2,73,17.5,20.5,33,7,5,Yes,Both,0,85,Pass,Very Good
S24IT037,Nisha Kumar,19,Female,Information Technology,3,1,60.9,61,10.5,20.5,32,5,6.5,Yes,Online Courses,0,55,Pass,Average
S24IT038,Joydeep Sarkar,20,Male,Information Technology,4,3.5,71.1,57.3,11,21.5,37,5,8,Yes,Notes Only,1,55,Pass,Average
S24IT039,Md Faisal Mondal,20,Male,Information Technology,3,6.5,90.5,80,18,23.5,44,10,7.5,No,Textbooks,0,94,Pass,Excellent
S24IT040,Naveen Singh,19,Male,Information Technology,3,2.53,59.2,76.3,13.5,28.5,32,7,6,Yes,Textbooks,0,66,Pass,Good
S24IT041,Zoya Khan,21,Female,Information Technology,3,2,73.3,78.8,11,23.5,35,5,7,YES,Online Courses,0,79,Pass,Very Good
S24IT042,Biswajit Sen,19,Male,Information Technology,3,4.5,73.1,92,17,29.5,38,5,8.5,No,Online Courses,0,92,Pass,Excellent
S24IT043,Om Mukherjee,20,Male,Info Tech,4,4,87.4,70,14,16.5,31,6,7.5,Yes,Both,0,67,Pass,Good
S24IT044,Jayesh Saha,20,Male,Information Technology,3,2.5,86.1,66,14.5,19.5,33,9,6,Yes,Notes Only,0,63,Pass,Good
S24IT045,Rohan Yadav,21,Male,Information Technology,4,3.48,83.5,62.9,17.5,21.5,41,6,6.5,Yes,Online Courses,0,62,Pass,Good
S24IT046,Sagar Roy,20,Male,Information Technology,3,1.5,71.4,48,8,12.5,28,5,7,No,,1,52,Pass,Average
S24IT047,Abhishek Verma,20,Male,Information Technology,4,2,86.6,71.2,18,22.5,49,6,7,Yes,Both,0,72,Pass,Good
S24IT048,Amit Dutta,19,Male,Information Technology,3,1,53,43,10,13,27,8,6.5,Yes,Notes Only,3,27,Fail,Needs Improvement
S24IT049,Shivam Sarkar,19,Male,Information Technology,3,4,78.2,57,15.5,23,27,,8,Yes,Textbooks,0,59,Pass,Average
S24IT050,Chandni Reddy,19,Female,Information Technology,3,3,90,,13,15.5,32,3,6.5,Yes,Both,1,43,Pass,Needs Improvement
S24IT051,Arjun Purkayastha,20,Male,Information Technology,3,9.5,86,89,18.5,28,46,9,5.5,Yes,Textbooks,0,93,Pass,Excellent
S24IT052,Tushar Khan,21,Male,Information Technology,3,2,79.8,55,10.5,14.5,37,6,5.5,Yes,Online Courses,1,46,Pass,Needs Improvement
S24IT053,Ritika Verma,20,Female,Information Technology,4,3.5,85.8,59.6,14,13.5,42,5,4.5,Yes,Both,0,64,Pass,Good
S24IT054,Moumita Laha,20,Female,Information Technology,3,5,100,79.2,18,29.5,45,9,7,Yes,Textbooks,0,89,Pass,Very Good
S24IT055,Poulami Laha,19,Female,Information Technology,3,2.38,76.3,72.4,14,24,36,4,5.5,Yes,Notes Only,0,66,Pass,Good
S24IT056,Ari Jha,19,Other,I.T.,4,1,62.3,61,8.5,20,31,5,8,Yes,Online Courses,1,48,Pass,Needs Improvement
S24IT057,Mohit Bhattacharya,21,Male,Information Technology,3,,81.5,60,13,17,32,5,7,Yes,Notes Only,0,55,Pass,Average
S24IT058,Harsh Basu,21,Male,Information Technology,4,18,93.8,97,16.5,29,44,6,8,Yes,Textbooks,0,92,Pass,Excellent
S24IT059,Jayesh Verma,20,Male,Information Technology,4,2.5,85.3,65,13,28.5,32,6,8.5,Yes,Textbooks,0,76,Pass,Very Good
S24IT060,Tanushree Yadav,19,Female,Information Technology,4,3.5,98.4,59,15.5,21,38,8,8,Yes,Text Books,0,66,Pass,Good
S24IT061,Suraj Banerjee,20,Male,Information Technology,4,4.67,82,77.6,16.5,,45,8,7.5,Yes,Both,0,80,Pass,Very Good
S24IT062,Poulami Halder,20,Female,Information Technology,3,2,105,69,17.5,14,36,8,7,Yes,Online Courses,0,62,Pass,Good
S24IT063,Simran Laha,20,Female,Information Technology,3,,78.1,60,12,14.5,40,7,7,Yes,both,1,64,Pass,Good
S24IT064,Rahul Roy,19,Male,Information Technology,3,2.5,77.7,59,8,16.5,35,3,7.5,Yes,Both,0,38,Fail,Needs Improvement
S24IT065,Gaurav Sen,20,Male,IT,3,1,55.1,50,9,12.5,34,5,5,Yes,Textbooks,4,35,Fail,Needs Improvement
S24IT066,Karan Biswas,20,Male,Information Technology,3,2,78.3,42.9,12,15.5,33,8,5,Yes,Both,0,56,Pass,Average
S24IT067,Biswajit Mukherjee,19,Male,Information Technology,3,3,88.1,52,11.5,17.5,28,6,6.5,Yes,Online Courses,0,57,Pass,Average
S24IT068,Amit Purkayastha,20,M,Information Technology,4,6.5,90.8,72,15.5,22.5,30,7,9,YES,Notes Only,0,64,Pass,Good
S24IT069,Isha Datta,20,Female,Information Technology,4,5.5,83.5,71.9,16,19,41,6,5.5,Yes,Notes Only,0,82,Pass,Very Good
S24IT070,Md Faisal Yadav,19,Male,Information Technology,3,1.5,52,52,9,14.5,38,5,6,Yes,Online Courses,0,57,Pass,Average
S24IT071,Joydeep Majumdar,19,Male,Information Technology,4,,73.8,75.5,16,23,40,7,7,Yes,Textbooks,1,70,Pass,Good
S24IT072,Rohan Dey,19,Other,Information Technology,3,3.36,71.9,70,11,23.5,38,8,7,Yes,,0,66,Pass,Good
S24IT073,Sumit Mishra,20,Male,Information Technology,3,3,68.4,61,12,20.5,29,7,5,Yes,Online Courses,0,56,Pass,Average
S24IT074,Swati Biswas,20,Female,Information Technology,3,9.5,100,67.9,14.5,22,42,9,5,Yes,Both,0,79,Pass,Very Good
S24IT075,Rahul Pal,20,Male,Information Technology,4,5.52,90.5,69,15,25,47,9,5.5,Yes,Both,0,74,Pass,Good
S24IT076,Ayush Dutta,21,Male,Information Technology,4,2.5,75.1,44.7,14,21,35,5,7,Yes,Textbooks,0,58,Pass,Average
S24IT077,Nikita Mondal,20,Female,Info Tech,3,5,79.9,55.9,12.5,18.5,34,6,6.5,Yes,Textbooks,2,61,Pass,Good
S24IT078,Zoya Mishra,20,Female,Information Technology,3,1,63.4,57,9,10,32,5,8,Yes,Both,1,40,Pass,Needs Improvement
S24IT079,Kiran Nair,21,Other,Information Technology,3,1.5,69.1,56,13,18,29,,7,Yes,Notes Only,0,48,Pass,Needs Improvement
S24IT080,Arnab Patel,20,Male,Information Technology,3,1.5,63.8,56,11,17.5,33,6,6,Yes,Notes Only,0,43,Pass,Needs Improvement
S24IT081,Rahul Jain,21,Male,IT,3,1.97,60,36.5,13.5,21,33,4,8,Yes,Textbooks,0,52,Pass,Average
S24IT082,Ritwik Nandi,19,Male,Info Tech,3,7.5,88.8,67,16.5,21.5,35,10,6,Yes,Both,0,82,Pass,Very Good
S24IT083,Ankit Chakraborty,21,Male,Information Technology,3,2,81.1,50.9,11.5,16.5,20,6,6,Yes,Online Courses,1,41,Pass,Needs Improvement
S24IT084,Sneha Patel,20,Female,Information Technology,3,5,80.1,61.5,15,24,43,5,4,Yes,Textbooks,1,70,Pass,Good
S24IT085,Rishabh Paul,19,Male,Information Technology,3,1,62.9,39,7,15,24,4,6.5,Yes,Both,1,36,Fail,Needs Improvement
S24IT086,Khushi Verma,21,Female,Information Technology,3,2,75.9,66,10.5,15.5,28,6,7,Y,Notes Only,0,51,Pass,Average
S24IT087,Divya Sharma,19,Female,Information Technology,3,3.85,79.3,51.5,16.5,21.5,35,5,6.5,Yes,Textbooks,0,61,Pass,Good
S24IT088,Lakshya Kumar,19,Male,Information Technology,4,5,92.2,78.5,17.5,22,45,6,,Yes,,0,87,Pass,Very Good
S24IT089,Anirban Mondal,20,Male,Information Technology,4,3,87.3,63.6,15,19,33,5,6.5,Yes,Notes Only,0,76,Pass,Very Good
S24IT090,Ayush Nandi,20,Male,Information Technology,3,3,72.6,55,9,19.5,28,8,7.5,Yes,Online Courses,0,68,Pass,Good
S24IT091,Shreya Malhotra,20,Female,Information Technology,3,2,83,81.1,15,20,34,8,8,Yes,Online Courses,0,62,Pass,Good
S24IT092,Anushka Dey,19,Female,Information Technology,3,3.58,88.6,69.6,15,22,40,7,8,Yes,Notes Only,1,66,Pass,Good
S24IT093,Arnab Sen,19,Male,Information Technology,3,5,85.8,51,14,18.5,40,7,6.5,yes,Both,0,61,Pass,Good
S24IT094,Abhishek Gupta,20,Male,Information Technology,3,2.63,88.7,69,15.5,23,43,5,6.5,Yes,Textbooks,0,,,
S24IT095,Vishal Reddy,20,Male,Information Technology,3,3,75.8,69,9.5,18.5,30,6,7,Yes,Both,0,65,Pass,Good
S24IT096,Akash Kundu,21,Male,Information Technology,4,2.5,82.9,58,13,19,33,6,8,Yes,Notes Only,1,55,Pass,Average
S24IT097,Amit Sen,20,M,Information Technology,4,2,70.4,40.8,12,12.5,35,5,8,Yes,Online Courses,1,43,Pass,Needs Improvement
S24IT098,Swati Malhotra,19,Female,Information Technology,4,4.5,74.4,55,11.5,23,36,7,6,Yes,Both,0,64,Pass,Good
S24IT099,  Rajesh Basu,21,Male,Information Technology,3,2.5,85.3,55,15,19,38,7,6,Yes,Textbooks,0,60,Pass,Good
S24IT100,Jyoti Kapoor,19,Female,Information Technology,4,3.5,99.7,53,12,23,30,7,6,Yes,,1,71,Pass,Good
S24IT101,Dipankar Banerjee,20,Male,IT,3,2,74.3,57.9,13,17,30,4,4.5,yes,,1,59,Pass,Average
S24IT102,Poulami Sen,19,Female,Information Technology,3,1.32,63.9,67,9.5,11,22,2,6.5,Yes,,1,35,Fail,Needs Improvement
S24IT103,Dev Ansari,20,Male,Information Technology,3,1.63,78.1,60,14.5,18.5,40,4,6.5,Yes,Notes Only,0,52,Pass,Average
S24IT104,Payal Sarkar,20,Female,Information Technology,3,3,79.2,56,13,24,35,7,8,Yes,Online Courses,0,84,Pass,Very Good
S24IT105,Soham Gupta,19,Male,Information Technology,4,3,81.6,61.6,14,18.5,23,8,7.5,No,Notes Only,0,61,Pass,Good
S24IT106,Pooja Mehta,20,Female,Information Technology,3,4,84.9,83,18.5,25.5,42,5,6.5,,Notes Only,0,87,Pass,Very Good
S24IT107,Hina Rao,21,Female,Information Technology,4,9.34,88.6,86.5,16.5,24.5,38,9,8,Yes,Textbooks,0,89,Pass,Very Good
S24IT108,Ananya Chakraborty,20,Female,Information Technology,3,1.52,65.3,43.1,11,14.5,20,5,8,Yes,Online Courses,1,29,Fail,Needs Improvement
S24IT109,Zoya Pandey,19,Female ,Information Technology,3,4,67.8,68,17,18,43,5,5.5,Yes,Both,0,64,Pass,Good
S24IT110,  Rajesh Majumdar,19,Male,Information Technology,3,1.5,65.1,54.1,12,14,41,7,7,Yes,Textbooks,1,51,Pass,Average
S24IT111,Simran Nandi,21,FEMALE,Information Technology,3,13,79.9,56.4,13.5,12.5,28,7,,Yes,Both,0,53,Pass,Average
S24IT112,Ritwik Datta,21,Male,Information Technology,3,4,73.5,52.4,13,16.5,34,8,8,Yes,Textbooks,0,63,Pass,Good
S24IT113,Md Faisal Kapoor,20,Male,Information Technology,4,3,81.3,62.5,13.5,21,38,7,7,Yes,Online Courses,0,68,Pass,Good
S24IT114,Anirban Chakraborty,19,Male,Information Technology,3,1.97,79.8,59.2,14.5,15,43,8,6.5,Yes,,0,63,Pass,Good
S24IT115,Mansi Agarwal,20,Female,Information Technology,3,2,62.2,65,10.5,17,23,5,8.5,Yes,Textbooks,0,47,Pass,Needs Improvement
S24IT116,Deepak Jain,20,Male,Information Technology,3,3.5,93.4,68,17,26.5,41,7,,Yes,Online Courses,0,74,Pass,Good
S24IT117,Arnab Banerjee,19,Male,Information Technology,3,2,59.1,64,8.5,6.5,21,6,7,Yes,Online Courses,1,34,Fail,Needs Improvement
S24IT118,Nisha Ansari,21,Female,Information Technology,3,4,89.5,57,12,21,31,5,7,Yes,Notes Only,1,73,Pass,Good
S24IT119,Moumita Kumar,19,Female,Information Technology,4,5,80.1,79,17,25.5,40,6,7.5,Yes,Notes Only,0,74,Pass,Good
S24IT120,Amit Banerjee,20,Male,Information Technology,3,9.5,92.7,75.2,17,26,50,7,6.5,No,Both,0,80,Pass,Very Good
S24IT121,Payal Mondal,19,Female,Information Technology,3,3.5,98.1,64,14,22.5,44,7,7,Yes,Textbooks,0,70,Pass,Good
S24IT122,Piyush Sharma,21,Male,Information Technology,4,2.38,68.4,,18,,36,6,7,Yes,Both,0,68,Pass,Good
S24IT123,Meghna Das,19,Female,Information Technology,4,1.5,73,48.1,10.5,19,40,6,7,Yes,Textbooks,0,56,Pass,Average
S24IT124,Piyush Shah,19,Male,Information Technology,4,2.86,65.5,76.3,17.5,25,36,6,9,Yes,Online Courses,0,72,Pass,Good
S24IT125,Abhishek Verma,19,Male ,IT,4,2,69.8,58,11.5,20.5,37,4,6,YES,Both,0,54,Pass,Average
S24IT126,Tanushree Pandey,20,Female,Information Technology,4,2.71,81.9,61.6,16.5,21,47,7,6,Yes,Textbooks,0,67,Pass,Good
S24IT127,Nitin Kumar,19,Male,Information Technology,3,6,80.2,63.2,15.5,18.5,34,5,7,Yes,Both,0,58,Pass,Average
S24IT128,  Soham Pandey,19,Male,Information Technology,3,2,97.9,63.1,14.5,27.5,39,,6.5,Yes,Online Courses,0,68,Pass,Good
S24IT129,Harsh Tiwari,21,Male,Information Technology,4,4.5,84.9,54.4,12.5,22.5,32,4,6.5,Yes,Both,0,59,Pass,Average
S24IT130,Meghna Jha,20,Female,Information Technology,4,3,69.1,52,9,15,29,9,6.5,Yes,Textbooks,2,59,Pass,Average
S24IT131,Moumita Shah,19,Female,Information Technology,4,-1.5,93,60,12,15.5,39,8,5.5,Yes,Both,0,56,Pass,Average
S24IT132,Utsav Paul,20,Male,Information Technology,3,,75.9,51,12.5,15.5,28,4,6.5,Yes,Online Courses,0,42,Pass,Needs Improvement
S24IT133,Urvashi Basu,19,Female,Information Technology,4,8,100,78.6,15.5,30,45,6,7.5,No,Online Courses,0,84,Pass,Very Good
S24IT134,Prasenjit Nandi,19,Male,Information Technology,4,2,73.7,45,11,18,38,6,5.5,Yes,Both,1,55,Pass,Average
S24IT135,Arjun Sarkar,21,Male,Information Technology,3,2.5,63.5,47.9,5.5,15.5,21,5,8.5,Yes,Textbooks,1,46,Pass,Needs Improvement
S24IT136,Nisha Paul,20,Female,Information Technology,4,5,97.1,67,15,22.5,39,5,7.5,Yes,Both,0,73,Pass,Good
S24IT137,Suraj Rao,19,Male,information technology,4,2.5,84.7,63.3,12.5,20,38,7,,Yes,Notes Only,0,65,Pass,Good
S24IT138,Utsav Kapoor,20,Male,Information Technology,3,1.5,65.1,42.2,9,9,30,1,6.5,Yes,Textbooks,0,30,Fail,Needs Improvement
S24IT139,Sakshi Dutta,20,Female,Information Technology,3,2,62.2,44,9,9,35,5,6.5,Yes,Notes Only,2,33,Fail,Needs Improvement
S24IT140,Tushar Agarwal,19,Male,Information Technology,3,0.77,38,46.5,6,15.5,25,4,7.5,Yes,Both,3,29,Fail,Needs Improvement
S24IT141,Poulami Pal,19,Female,Information Technology,4,1.48,78.4,51,10,19,31,5,5.5,Yes,Textbooks,0,59,Pass,Average
S24IT142,Deepak Datta,19,Male,Information Technology,3,3,79.6,75,10.5,13,37,,5.5,Yes,Both,1,51,Pass,Average
S24IT143,Payal Saha,19,Female,Information Technology,3,2,49.4,65.5,10,16,20,6,5,Yes,Online Courses,0,51,Pass,Average
S24IT144,Garima Pal,21,Female,Information Technology,4,4,68.7,78,15,22,45,6,7,Yes,Both,0,71,Pass,Good
S24IT145,Bhavna Agarwal,19,FEMALE,Information Technology,4,4,87.6,63.1,12,19,29,6,7,Yes,Online Courses,1,61,Pass,Good
S24IT146,Akash Jain,19,Male,Information Technology,3,1,58.7,54.1,8.5,19.5,29,2,8,Yes,Textbooks,0,54,Pass,Average
S24IT147,Rashmi Mishra,20,Female,I.T.,4,6.5,91.9,80,16.5,26,39,8,6,Yes,Both,0,89,Pass,Very Good
S24IT148,Simran Pandey,20,Female,Information Technology,3,3,94.9,81,,30,50,7,8,Yes,Both,0,90,Pass,Excellent
S24IT149,Yash Halder,21,Male,Information Technology,4,4,96.5,75,13.5,25,38,6,7,Yes,Both,1,77,Pass,Very Good
S24IT150,Yash Nair,20,Male,Information Technology,4,5,65,74,11.5,19,30,6,10,Yes,Notes Only,0,66,Pass,Good
S24IT151,Kartik Jha,20,Male,Information Technology,4,7.96,88.5,75.3,18,30,36,7,7,Yes,Online Courses,0,92,Pass,Excellent
S24IT152,Gaurav Shah,20,Male,Information Technology,4,2.5,68.2,72,14.5,22.5,36,6,7,Yes,Both ,1,69,Pass,Good
S24IT153,Nikhil Agarwal,19,Male,Information Technology,4,2.5,79.5,51,11,19,33,4,7,Yes,Online Courses,0,58,Pass,Average
S24IT154,Shreya Basu,20,Female,Information Technology,4,2.5,71.5,60,9.5,20.5,35,4,7,Yes,Both,0,56,Pass,Average
S24IT155,Sagar Mondal,21,Male,Information Technology,3,2,87.5,64,12,20.5,32,5,8,Yes,,0,57,Pass,Average
S24IT156,Divya Tiwari,19,Female,Information Technology,3,2,64,56,9,14.5,22,4,5.5,Yes,Online Courses,0,48,Pass,Needs Improvement
S24IT157,Sagar Bose,21,Male,Information Technology,3,1,73.2,36,7.5,14,25,2,7,Yes,Textbooks,2,32,Fail,Needs Improvement
S24IT158,Trisha Biswas,20,Female,Information Technology,3,1.5,70.7,53,11,13,21,7,6,Yes,Both,1,48,Pass,Needs Improvement
S24IT159,Soham Banerjee,21,Male,Information Technology,4,5.05,100,73,17,22,36,8,7.5,Yes,Online Courses,0,69,Pass,Good
S24IT160,Joydeep Verma,20,Male,Information Technology,3,2,86.1,69,15,23.5,34,7,6.5,Yes,Textbooks,0,86,Pass,Very Good
S24IT161,sasha bose,19,Other,Information Technology,3,2.68,72,62.8,12,16.5,39,7,7,Yes,Both,0,66,Pass,Good
S24IT162,Sayani Das,19,Female,Information Technology,3,3.8,82.50%,71.4,17,24.5,45,9,7.5,,,0,90,Pass,Excellent
S24IT163,Priya Shah,19,Female,Information Technology,4,1,68.6,42,11,18,31,5,6,Yes,Notes Only,0,43,Pass,Needs Improvement
S24IT164,Sneha Das,20,Female,Information Technology,3,5,78.6,75,16,25,37,6,4.5,Yes,Both,0,65,Pass,Good
S24IT164,Sneha Das,20,Female,Information Technology,3,5,78.6,75,16,25,37,6,4.5,Yes,Both,0,65,Pass,Good
S24IT165,Pooja Saha,20,Female,Information Technology,3,5.53,89.1,72.7,16.5,17,41,9,7.5,Yes,Online Courses,0,65,Pass,Good
S24IT166,Rahul Sinha,19,Male,Information Technology,4,2.5,63.8,60,13,22,37,5,6.5,YES,Notes Only,1,68,Pass,Good
S24IT167,Diya Biswas,20,Female,Information Technology,4,3,73.8,55.1,13.5,16.5,31,8,8,Yes,Online Courses,1,54,Pass,Average
S24IT168,Sohini Dutta,19,Female,Information Technology,3,6.5,95.9,67,15.5,24,39,9,6,Yes,Notes Only,0,82,Pass,Very Good
S24IT169,Ishaan Mondal,19,Male,Information Technology,4,4,89,72.3,15.5,21,43,,5,Yes,Notes Only,0,73,Pass,Good
S24IT170,Shreya Verma,19,Female,Info Tech,3,4,,79,13,15,31,6,4,Yes,Textbooks,0,82,Pass,Very Good
S24IT171,Kunal Nair,21,Male,Information Technology,3,2,66,41,10,12.5,30,8,6.5,Yes,Textbooks,0,41,Pass,Needs Improvement
S24IT172,Abhishek Verma,20,Male,Information Technology,4,4.06,82.6,80,17.5,24.5,39,8,6,Yes,Notes Only,0,68,Pass,Good
S24IT173,Tanushree Shah,19,Female,Information Technology,3,7,97.4,64,15,24.5,40,10,7,Yes,,0,80,Pass,Very Good
S24IT174,Bhavna Mehta,20,Female,Information Technology,4,2,64.5,52,10.5,16,29,1,7,Yes,Both,0,47,Pass,Needs Improvement
S24IT175,Garima Purkayastha,19,Female,Information Technology,3,5.5,77.3,76,14.5,25.5,40,8,6.5,Yes,Textbooks,1,83,Pass,Very Good
S24IT176,Akash Verma,20,Male,information technology,3,4,87.6,44.8,13,18.5,27,5,6,Yes,Textbooks,0,58,Pass,Average
S24IT177,Kunal Ghosh,21,Male,Information Technology,4,2.5,79.7,67.5,14.5,21,43,4,5.5,Yes,Both,0,62,Pass,Good
S24IT178,Ankit Patel,20,Male,Information Technology,3,6.5,74.5,85,18.5,19.5,36,6,7,Yes,Textbooks,0,79,Pass,Very Good
S24IT179,Mansi Rao,20,Female,Information Technology,4,3,75.50%,72.5,15,24,36,5,7,Y,Notes Only,0,66,Pass,Good
S24IT180,Payal Gupta,20,Female,Information Technology,4,2.21,68,54,11.5,15,29,6,6.5,Yes,online courses,0,44,Pass,Needs Improvement
S24IT181,Kavya Patel,20,Female,Information Technology,4,4,83.4,61,10.5,16.5,33,8,7,Yes,Both,2,61,Pass,Good
S24IT182,Swati Yadav,20,Female,Information Technology,4,1.78,76.6,59,9,20.5,26,8,8,Yes,Textbooks,0,49,Pass,Needs Improvement
S24IT183,Piyush Singh,21,Male,Information Technology,3,1,68.5,63.9,12,18,21,4,7.5,Yes,Online Courses,1,40,Pass,Needs Improvement
S24IT184,Sayan Kapoor,19,Male,Information Technology,3,4.5,87.2,64,15.5,23,46,8,5.5,Yes,Both,0,62,Pass,Good
S24IT185,Dipankar Mishra,20,Male,Information Technology,4,1.5,72.6,54.7,11,15,31,5,8,Y,Both,0,53,Pass,Average
S24IT186,Anirban Dutta,21,Male,Information Technology,4,2.5,84.2,58,13.5,19,34,6,6,Yes,Online Courses,0,57,Pass,Average
S24IT187,Sumit Mukherjee,20,Male,Information Technology,4,4.5,80.6,84,15.5,25,37,6,7,Yes,Notes Only,0,68,Pass,Good
S24IT188,Priya Tiwari,20,Female ,Info Tech,3,2.5,57.2,70,11.5,19,32,4,7.5,Yes,Both,1,52,Pass,Average
S24IT189,Ritwik Bhattacharya,19,Male,Information Technology,3,8,100,,20,30,50,10,5.5,Yes,Both,0,100,Pass,Excellent
S24IT190,Isha Yadav,19,Female ,Information Technology,3,3,91,55,12.5,20.5,30,4,8,Yes,Textbooks,0,60,Pass,Good
S24IT191,Anirban Chatterjee,19,Male,Information Technology,3,3.9,78.6,77,,26,34,5,8,Yes,Both,0,79,Pass,Very Good
S24IT192,Prasenjit Jha,19,Male,information technology,4,1,64.5,63,12,17.5,32,7,7.5,Yes,Both,1,49,Pass,Needs Improvement
S24IT193,Aarav Dutta,20,Male,Information Technology,4,5.81,89.2,83,19.5,30,48,10,5,Yes,Both,0,100,Pass,Excellent
S24IT194,Sneha Chatterjee,19,Female ,Information Technology,4,2,78.1,62.9,85,17,21,5,7.5,Yes,Notes Only,2,59,Pass,Average
S24IT195,Payal Patel,19,Female,Information Technology,3,5,,79,16.5,23.5,38,8,6,Yes,Both,0,82,Pass,Very Good
S24IT196,Aditya Sharma,20,Male,Information Technology,3,4.5,80.4,,14,18,33,8,6,Yes,Textbooks,0,74,Pass,Good
S24IT197,Falguni Nandi,20,Female,Information Technology,4,2,66.9,51.1,12,12,32,2,7.5,Yes,Textbooks,0,43,Pass,Needs Improvement
S24IT198,Imran Khan,19,Male,Information Technology,3,3.5,91,85.5,14.5,19,45,7,6.5,Yes,Online Courses,0,86,Pass,Very Good
S24IT199,Shreya Kumar,19,Female,Info Tech,3,1.5,59.4,60,13,23,33,7,7,Yes,Both,0,59,Pass,Average
S24IT200,Arnab Jha,19,Male,Information Technology,3,3.97,99.9,59,16.5,28.5,41,7,6.5,Yes,Textbooks,0,75,Pass,Very Good
S24IT201,Aditi Reddy,20,Female,Information Technology,3,2.12,68.5,57.4,9,17.5,35,7,6,Yes,Notes Only,1,46,Pass,Needs Improvement
S24IT202,Moumita Nandi,21,Female,Information Technology,3,1.4,70.5,55,11.5,16,29,4,6.5,Yes,Online Courses,0,36,Fail,Needs Improvement
S24IT203,Abhishek Singh,21,MALE,Information Technology,3,2.5,73.9,73,12.5,26.5,36,7,6.5,yes,Online Courses,1,76,Pass,Very Good
S24IT204,Jyoti Pandey,20,Female,Information Technology,4,3,,62.4,10,18.5,36,4,6.5,Yes,Online Courses,0,68,Pass,Good
S24IT205,Kartik Reddy,20,Male,Information Technology,3,,76.5,61,15,17,37,8,8.5,Yes,Both,0,68,Pass,Good
S24IT206,Sayani Singh,19,Female,Information Technology,4,2.07,67.4,68.8,12.5,20.5,40,6,6.5,,Both,0,68,Pass,Good
S24IT207,Sudipta Reddy,20,Female,Information Technology,3,4,79.6,,16,28.5,40,6,7,Yes,Both,0,84,Pass,Very Good
S24IT208,Vikram Yadav,19,Male,Information Technology,4,1,65.5,77.3,10.5,22,40,4,7.5,Yes,Online Courses,0,62,Pass,Good
S24IT209,Trisha Rao,19,F,Information Technology,3,2.06,78.9,61,,15,30,6,5.5,Y,Online Courses,1,58,Pass,Average
S24IT210,Dev Pal,20,Male,Information Technology,3,4,91.4,68.1,14.5,18.5,41,4,6,Yes,Notes Only,0,54,Pass,Average
S24IT211,Rohan Reddy,20,Male,Information Technology,3,2.5,66.40%,48.1,9.5,17.5,25,4,8.5,Yes,Textbooks,2,42,Pass,Needs Improvement
S24IT212,Piyush Verma,19,Male,Information Technology,3,3.31,74.9,55,12,16,30,5,7.5,Yes,Both,0,59,Pass,Average
S24IT213,Tanmay Pal,19,Male,Information Technology,3,2,72.2,67,14.5,17,37,7,7.5,No,,0,60,Pass,Good
S24IT214,Khushi Majumdar,19,Female,Information Technology,3,2.5,80.3,68,14.5,23.5,41,,5.5,Yes,Both,0,76,Pass,Very Good
S24IT215,Sudipta Bhattacharya,19,Female,Information Technology,3,1.5,64.7,57,12.5,14.5,30,6,7.5,Yes,Both,1,41,Pass,Needs Improvement
S24IT216,Abhishek Reddy,19,Male,IT,4,1.41,95,65,15.5,11,32,,6,Yes,Notes Only,1,45,Pass,Needs Improvement
S24IT217,Rahul Reddy,20,Male,Information Technology,3,3.5,83.6,66,,29.5,33,7,7,Yes,Online Courses,0,72,Pass,Good
S24IT218,Shivam Purkayastha,19,Male,Information Technology,4,2.5,86.8,67.7,15,15.5,32,3,6,Yes,Both,1,57,Pass,Average
S24IT219,Shreya Jain,20,Female,Information Technology,3,4.5,69.4,67,10.5,14,30,5,7.5,Yes,Online Courses,0,61,Pass,Good
S24IT220,Yash Halder,20,Male,Information Technology,3,1.91,71.8,61.4,12,14,29,5,7,Yes,Both,0,56,Pass,Average
S24IT221,Sagar Roy,19,Male,information technology,3,5.22,84.7,96,20,30,40,,7.5,Yes,Online Courses,0,89,Pass,Very Good
S24IT222,Amit Khan,20,Male,Information Technology,4,3,72.4,77,11.5,24,35,7,7,No,Both,0,69,Pass,Good
S24IT223,Ishita Sarkar,19,Female,Information Technology,3,2.44,79.8,84.9,16,22,34,8,6,No,Both,0,70,Pass,Good
S24IT224,  Ananya Halder,21,Female,Information Technology,4,3.5,84.5,60.2,14,17.5,31,7,6,Yes,Textbooks,0,70,Pass,Good
S24IT225,Joydeep Bose,19,Male,Information Technology,3,4.55,,57.1,12,15,31,7,8.5,Yes,Online Courses,0,51,Pass,Average
S24ME001,Rohan Basu,20,Other,Mechanical Engineering,4,3.5,87,75.4,14.5,22,37,6,6.5,Yes,Online Courses,0,81,Pass,Very Good
S24ME002,Rohan Roy,20,Male,Mechanical Engineering,3,4.12,84,82,17.5,23.5,44,8,6,No,Notes Only,2,91,Pass,Excellent
S24ME003,Arnab Banerjee,20,Male,Mechanical Engineering,3,1.3,48.1,60.6,11.5,22,34,5,5.5,Yes,Online Courses,0,50,Pass,Average
S24ME004,Rajesh Sharma,19,Male,Mechanical Engineering,3,1.22,60.5,66,13,16.5,29,7,20,Yes,Notes Only,0,44,Pass,Needs Improvement
S24ME004,Rajesh Sharma,19,Male,Mechanical Engineering,3,1.22,60.5,66,13,16.5,29,7,20,Yes,Notes Only,0,44,Pass,Needs Improvement
S24ME005,Hina Ansari,21,Female,Mechanical Engineering,3,1.22,82.6,63,12.5,16.5,23,8,7.5,Yes,Both,0,61,Pass,Good
S24ME006,Nisha Ghosh,21,Female,Mechanical Engineering,3,4,85.6,87,17.5,25.5,37,6,8,Yes,Both,0,75,Pass,Very Good
S24ME007,Nisha Kumar,20,Female,Mechanical Engineering,3,4,84.9,67.3,13,23,27,7,6.5,Yes,,1,51,Pass,Average
S24ME008,Saurabh Yadav,19,Male,Mechanical Engineering,4,4,90.1,85.3,19.5,25,39,8,7.5,Yes,Notes Only,0,83,Pass,Very Good
S24ME009,Deepak Ghosh,19,Male,Mechanical Engineering,4,4.5,80.8,60,12.5,19.5,36,8,8.5,Yes,Textbooks,0,77,Pass,Very Good
S24ME010,Rohan Mehta,21,Male,Mechanical Engineering,3,2.5,79.1,60.3,13.5,20,48,6,5.5,Yes,Notes Only,0,60,Pass,Good
S24ME011,Pooja Malhotra,20,female,Mechanical Engineering,4,2.3,63.8,57,11.5,20.5,31,3,8,Yes,Both,0,62,Pass,Good
S24ME012,Ashish Tiwari,20,Male,Mechanical Engineering,4,2.5,69.9,60,12.5,18,28,2,5,No,Online Courses,0,38,Fail,Needs Improvement
S24ME013,Payal Khan,20,Female,Mechanical Engineering,3,2,64.9,61,10.5,18.5,30,4,5.5,Yes,Textbooks,0,38,Fail,Needs Improvement
S24ME014,Rashmi Kumar,20,Female,Mechanical Engineering,3,2.7,84.7,67.8,14,22.5,41,6,7,YES,Both,0,79,Pass,Very Good
S24ME015,Tanya Ansari,21,Female,Mechanical Engineering,4,,74.3,61.3,13,19.5,32,7,6,No,Online Courses,1,51,Pass,Average
S24ME016,Yash Verma,20,Male,Mechanical Engineering,3,2.54,64.5,59,13,23,37,2,6.5,Yes,Notes Only,0,57,Pass,Average
S24ME017,Aditi Chakraborty,19,Female,Mechanical Engineering,4,1.5,74.5,62,14,23.5,44,4,6,Yes,,0,68,Pass,Good
S24ME018,Khushi Dey,20,Female,Mechanical Engineering,4,1.5,85.4,51.9,11,18,34,5,7,Yes,Both,1,46,Pass,Needs Improvement
S24ME019,Imran Paul,20,Male,Mechanical Engineering,3,3,77.5,61,14,78,30,6,8,No,Both,0,46,Pass,Needs Improvement
S24ME020,Sagar Tiwari,19,Male,Mechanical Engineering,3,7,93.2,53.8,15,23.5,31,4,6.5,YES,Textbooks,0,65,Pass,Good
S24ME021,Piyush Biswas,20,Male,Mechanical Engineering,3,1.26,59.9,59,14,17.5,29,6,6.5,Yes,Both,0,58,Pass,Average
S24ME022,Chandni Mondal,19,Female,Mechanical Engineering,4,9,90.5,75.2,15.5,22.5,44,9,7.5,Yes,Notes Only,0,71,Pass,Good
S24ME023,Piyush Kundu,19,Male,Mechanical,3,1.5,70.5,70,9.5,22,33,7,6,Y,Both,1,57,Pass,Average
S24ME024,Sakshi Purkayastha,19,Female,Mechanical Engineering,4,4,92.9,75.4,14,25,40,8,8.5,Yes,Online Courses,1,86,Pass,Very Good
S24ME025,Lakshya Saha,21,MALE,Mechanical Engineering,3,7,81.7,75.5,17,22.5,49,7,8.5,Yes,Online Courses,0,73,Pass,Good
S24ME026,Mansi Kundu,20,Female,Mechanical Engineering,4,3.5,75,62.4,11.5,17,29,10,6.5,Yes,,0,51,Pass,Average
S24ME027,Shreya Das,20,Female,Mechanical Engineering,3,9.5,100,91.7,20,26.5,49,10,7.5,Yes,Both,0,100,Pass,Excellent
S24ME028,Garima Mehta,19,Female,Mechanical Engineering,3,3,80.6,65,13,19,32,5,7,Yes,Online,1,61,Pass,Good
S24ME029,Aditi Verma,19,Female,Mechanical Engineering,4,2.5,69.5,69,13.5,25,38,7,7,Yes,Textbooks,0,74,Pass,Good
S24ME030,Sandip Mehta,19,Male,Mechanical Engineering,3,2,91.7,58.3,14.5,20.5,30,6,7.5,Yes,Online Courses,0,60,Pass,Good
S24ME031,Suman Saha,21,Male,Mechanical Engineering,4,4,83,77,12.5,21,34,6,7.5,Yes,Textbooks,0,67,Pass,Good
S24ME032,Neha Verma,21,female,Mech. Engg,4,1,66.3,40.8,9,13.5,27,3,6.5,NO,Text Books,0,28,Fail,Needs Improvement
S24ME033,Karan Mishra,19,Male,Mechanical Engineering,3,3.5,91.5,68.8,17.5,17.5,45,5,7.5,Yes,Textbooks,0,68,Pass,Good
S24ME034,Ishaan Nandi,20,male,Mechanical Engineering,3,,69.6,52,12,16.5,29,4,8,No,Both,2,50,Pass,Average
S24ME035,Sumit Banerjee,19,Male,Mechanical Engineering,3,2.5,71.3,57.8,11,17,39,6,7,Yes,Notes Only,1,43,Pass,Needs Improvement
S24ME036,Tanmay Mondal,20,Male,Mechanical Engineering,3,1.68,75.9,56,10.5,13.5,28,4,6,Yes,Notes Only,1,34,Fail,Needs Improvement
S24ME037,Vaishnavi Pal,20,Female,Mechanical Engineering,4,2,82.5,58,10.5,18,34,5,7,Yes,Notes Only,1,55,Pass,Average
S24ME038,Meghna Gupta,21,Female,Mechanical Engineering,3,2,65.7,45.8,12.5,12.5,40,5,6.5,Yes,,1,38,Fail,Needs Improvement
S24ME039,Tanmay Purkayastha,19,male,Mechanical Engineering,3,4.5,96.5,74.7,17,25,32,7,6.5,Yes,Both,0,83,Pass,Very Good
S24ME040,Nisha Kapoor,19,Female,Mechanical Engineering,3,4,69.4,78,13,18,28,8,8,Yes,Both,0,73,Pass,Good
S24ME041,Sasha Sharma,20,Other,Mechanical Engineering,4,4,86,80.1,14,19,42,8,6,Yes,Both,1,73,Pass,Good
S24ME042,Priya Thakur,20,Female,Mechanical Engineering,4,2.23,77.2,56,11,16,31,4,7,Yes,Textbooks,0,47,Pass,Needs Improvement
S24ME043,Ritwik Mondal,19,male,Mechanical Engineering,4,6,85.4,57.1,12.5,14,35,5,8.5,Yes,both,1,56,Pass,Average
S24ME044,Suman Nandi,20,Male,Mech. Engg,3,2,64.8,71,10,18,35,4,7.5,Yes,,0,55,Pass,Average
S24ME045,Palak Jha,19,Female,Mechanical Engineering,3,9.5,93.2,88,20,26.5,44,7,6.5,Yes,Textbooks,0,94,Pass,Excellent
S24ME046,Suman Kapoor,21,Male,Mechanical Engineering,4,1.78,65.1,67.7,14.5,17,35,4,8.5,Yes,Online Courses,0,49,Pass,Needs Improvement
S24ME047,Sneha Kapoor,20,Female,Mechanical Engineering,4,9.5,100,97,20,28,46,10,7,Yes,Notes Only,0,100,Pass,Excellent
S24ME048,Shreya Kumar,20,Female,Mechanical Engineering,3,2.5,79.6,80.7,16,23,39,6,5.5,Yes,Online Courses,0,79,Pass,Very Good
S24ME049,Esha Agarwal,21,Female,Mechanical Engineering,4,5.73,79.2,76.6,14.5,22,45,6,6,Yes,Textbooks,0,85,Pass,Very Good
S24ME050,Aarushi Purkayastha,19,Female,Mechanical Engineering,3,0.98,65.9,64.5,11,18,39,6,6.5,Yes,Online Courses,0,135,Pass,Average
S24ME051,Vikram Kumar,20,Male,Mechanical Engineering,3,1.6,86.8,52,11,20.5,32,7,6.5,Yes,Textbooks,2,44,Pass,Needs Improvement
S24ME052,Devi Patel,19,Other,Mechanical Engineering,3,3.13,68.10%,52.2,11,16,23,6,7,Yes,Both,1,50,Pass,Average
S24ME053,Nitin Datta,19,Male,Mechanical Engineering,3,1,70.4,58.1,15,14,33,5,7,Yes,Online Courses,1,31,Fail,Needs Improvement
S24ME054,Rishabh Patel,20,Male,Mechanical Engineering,3,1.5,79.3,62.6,13.5,24,40,7,6,Yes,Online Courses,0,63,Pass,Good
S24ME055,  Om Sarkar,19,Male,Mechanical Engineering,3,1,66.3,56.6,12,13,34,8,7,Yes,Both,0,57,Pass,Average
S24ME056,chandni pandey,20,Female,Mechanical Engineering,3,1.5,69.9,51,10,12,35,3,5.5,Yes,Both,0,54,Pass,Average
S24ME057,Arnab Pandey,19,Male,Mechanical Engineering,3,6,78.6,61.2,15,19,34,5,7,No,Notes Only,0,60,Pass,Good
S24ME058,Sohini Sarkar,20,Female,Mechanical Engineering,3,2.42,73.2,65,14,19,31,7,7.5,No,Online Courses,0,72,Pass,Good
S24ME059,rajesh sarkar,21,Male,Mech. Engg,3,2.54,92.5,56.1,11.5,15.5,38,5,7.5,Yes,Online Courses,0,60,Pass,Good
S24ME060,Joydeep Nandi,20,Male,Mechanical Engineering,3,1.5,78.3,45,9.5,17,20,5,7,Yes,Textbooks,1,39,Fail,Needs Improvement
S24ME061,Rajesh Laha,19,Male,Mechanical Engineering,3,2,69.7,49.6,13,21,30,6,6.5,Yes,Online Courses,0,54,Pass,Average
S24ME062,Rohan Singh,19,Male,mech,3,5.5,94.8,73,19.5,22.5,44,8,8,Yes,Notes Only,0,84,Pass,Very Good
S24ME063,Zoya Bhattacharya,21,Female,Mechanical Engineering,4,3.5,69.4,59.9,12.5,19,35,5,7.5,Yes,Notes Only,0,60,Pass,Good
S24ME064,Aarushi Mehta,19,Female,Mechanical Engineering,3,2,74.6,58,15,17,33,4,5,Yes,Both,0,46,Pass,Needs Improvement
S24ME065,Rohan Reddy,20,Male,Mechanical Engineering,3,2.5,82.9,66.6,13.5,20.5,42,4,6.5,Yes,Notes Only,0,59,Pass,Average
S24ME066,Sagar Pal,20,Male,Mechanical Engineering,3,3.07,73.6,78.8,14,19.5,33,5,7.5,Yes,Notes Only,0,53,Pass,Average
S24ME067,Amit Sen,19,Male,Mechanical Engineering,4,2,86,83,14.5,24.5,36,8,6.5,Yes,Both,0,85,Pass,Very Good
S24ME068,Arjun Jain,20,Male,Mechanical Engineering,3,3.26,79.9,77,20,27,50,9,5.5,Yes,Online Courses,0,87,Pass,Very Good
S24ME069,Aarav Laha,20,Male,Mechanical Engineering,3,3.5,,56.8,13.5,17.5,30,7,6,No,Notes Only,0,48,Pass,Needs Improvement
S24ME070,Gaurav Rao,20,MALE,Mechanical Engineering,3,2.14,89.9,67.2,14.5,23.5,38,5,7.5,Yes,Textbooks,0,64,Pass,Good
S24ME071,Amit Purkayastha,20,Male,Mechanical Engineering,4,3,100,75,19.5,20.5,47,10,7.5,Yes,Both,0,84,Pass,Very Good
S24ME072,Vivek Nair,20,Male,Mechanical Engineering,3,1.53,70.8,62.7,7,16,28,4,5.5,yes,Textbooks,0,36,Fail,Needs Improvement
S24ME073,Divya Datta,20,Female,Mechanical Engineering,4,3.5,81.6,59.6,11,13,40,1,6.5,Yes,,2,50,Pass,Average
S24ME074,Suraj Gupta,19,Male,Mechanical Engineering,3,5.01,92.5,80,16.5,23.5,46,4,6.5,Yes,Textbooks,1,93,Pass,Excellent
S24ME075,Tanmay Kapoor,20,M,ME,3,4,87.1,63,17.5,78,34,6,5.5,Yes,Online Courses,0,89,Pass,Very Good
S24ME076,Kartik Purkayastha,19,Male,Mechanical Engineering,4,4,87.8,79.1,15.5,25.5,33,,8,Yes,Notes Only,0,84,Pass,Very Good
S24ME077,Soham Ansari,20,Male,Mechanical Engineering,3,2.55,94.2,83,20,27,43,9,7.5,Yes,Textbooks,1,80,Pass,Very Good
S24ME078,Tanushree Patel,19,Female,Mechanical Engineering,4,1.5,53.2,87,12.5,19.5,32,4,6,Yes,Both,0,59,Pass,Average
S24ME079,Chandni Verma,19,Female,Mechanical Engineering,3,2.5,79.6,63,12.5,18.5,36,,6.5,Yes,Textbooks,2,48,Pass,Needs Improvement
S24ME080,Poulami Gupta,19,Female,Mechanical Engineering,3,1.89,53.7,65,10,19.5,23,5,,No,Both,0,60,Pass,Good
S24ME081,Moumita Biswas,19,Female,Mechanical Engineering,3,2,85.6,68.7,17.5,26,35,9,5.5,Yes,Notes Only,0,93,Pass,Excellent
S24ME082,Nikita Purkayastha,20,Female,Mechanical Engineering,4,3.3,81.9,71.2,16.5,24.5,35,9,8,Yes,Textbooks,0,80,Pass,Very Good
S24ME083,Gaurav Yadav,19,Male,Mechanical Engineering,3,2.47,72.4,71,10.5,18,39,8,4.5,Yes,Online Courses,0,61,Pass,Good
S24ME084,Nitin Thakur,21,Male,Mechanical Engineering,4,1.46,68.8,67.8,,15,37,6,7.5,YES,Both,0,57,Pass,Average
S24ME085,Rahul Rao,19,Male,Mechanical Engineering,3,0.5,53.1,51.6,8,16,20,5,6.5,Yes,Online Courses,3,21,Fail,Needs Improvement
S24ME086,Kartik Mondal,19,Male,Mechanical Engineering,3,5,71.2,78.5,17,23.5,36,10,0,Yes,both,0,71,Pass,Good
S24ME087,Kartik Kumar,0,Male,Mech. Engg,4,2.5,71.1,57,11.5,17.5,32,4,7,,Textbooks,0,53,Pass,Average
S24ME088,Neha Nair,19,Female,Mechanical Engineering,4,1,70.1,56,12.5,21,27,5,7,No,Online Courses,0,55,Pass,Average
S24ME089,Pratik Chatterjee,21,Male,Mechanical Engineering,3,2.5,69.8,58,12.5,10.5,22,4,6,Yes,Textbooks,1,44,Pass,Needs Improvement
S24ME090,Isha Saha,19,Female,Mechanical Engineering,3,1.5,74.1,75,14.5,18,36,5,8,Yes,Both,0,67,Pass,Good
S24ME091,Sayani Majumdar,20,Female,Mechanical Engineering,3,5.51,100,68.7,15.5,24,38,8,9,YES,Online Courses,0,69,Pass,Good
S24ME092,Sayani Shah,20,Female,Mechanical Engineering,4,4.5,78,81,14,28,31,8,,Yes,Online Courses,0,81,Pass,Very Good
S24ME093,Shivam Kundu,20,Male,Mechanical Engineering,3,2,96.3,64,17,26.5,35,7,,Yes,Online Courses,0,74,Pass,Good
S24ME094,Rohan Chatterjee,19,Male,Mechanical Engineering,4,3,80.2,52.8,11.5,20.5,29,3,6.5,Yes,Online Courses,0,55,Pass,Average
S24ME095,Palak Shah,20,Female,Mechanical Engineering,3,1.5,64.5,53.7,9.5,16,27,3,7,Yes,Textbooks,1,45,Pass,Needs Improvement
S24ME096,Tanmay Saha,20,Male,Mechanical Engineering,4,3,82.1,55,10.5,21.5,30,5,7,Yes,Online Courses,0,59,Pass,Average
S24ME097,Sandip Majumdar,20,Male,Mechanical Engineering,4,1.5,75.1,64,12.5,20,38,7,6.5,Yes,Both,0,59,Pass,Average
S24ME098,Sayan Purkayastha,19,MALE,Mechanical Engineering,4,2,68.7,50,12.5,20,28,7,8,Yes,Textbooks,1,58,Pass,Average
S24ME099,Kavya Saha,19,Female,Mechanical Engineering,3,2,67.6,59,11.5,19.5,26,6,7,Yes,Both,0,51,Pass,Average
S24ME100,Poulami Malhotra,21,Female,Mechanical Engineering,3,4,98.5,67.5,13,21.5,31,8,6,Yes,Both,1,62,Pass,Good
S24ME101,Urvashi Biswas,20,Female,mech,3,4,83.9,85,16.5,25.5,42,7,7,Yes,Online,0,94,Pass,Excellent
S24ME102,LAKSHYA PURKAYASTHA,20,Male,Mechanical Engineering,4,2.5,86.9,72,15.5,21,32,6,6.5,Yes,Notes Only,1,56,Pass,Average
S24ME103,Diya Banerjee,19,Female,Mechanical Engineering,3,2,72.4,75,14.5,22.5,37,5,8.5,Yes,online courses,0,66,Pass,Good
S24ME104,Meghna Jha,19,Female,Mechanical Engineering,4,2.34,86.4,57.5,13,16.5,28,6,5.5,YES,Online Courses,1,45,Pass,Needs Improvement
S24ME105,Gaurav Halder,21,Male,Mechanical Engineering,3,1.59,57.9,58,8,21.5,28,5,6,Yes,Both,2,46,Pass,Needs Improvement
S24ME106,Biswajit Kapoor,19,Male,Mechanical Engineering,3,4,78.6,71,14.5,24.5,48,6,7,Yes,Both,1,67,Pass,Good
S24ME107,Bhavna Rao,19,Female,Mechanical Engineering,3,1.5,81.8,60,13,19.5,36,,8,Yes,Online Courses,0,60,Pass,Good
S24ME108,Ishaan Verma,20,Male,Mechanical Engineering,4,4,88.9,68.4,15,18.5,41,4,5,Yes,Online Courses,0,70,Pass,Good
S24ME109,Dipankar Mukherjee,20,Male,Mechanical Engineering,3,3,90.1,68.3,18,18,41,5,6.5,Yes,Both,0,83,Pass,Very Good
S24ME110,Ayush Verma,19,Male,Mechanical Engineering,3,2,80.1,43.4,10.5,19,31,7,6,Yes,Online Courses,0,57,Pass,Average
S24ME111,Nitin Banerjee,20,Male,Mechanical Engineering,3,2.62,,72,14,24.5,36,6,4.5,Yes,Both,0,78,Pass,Very Good
S24ME112,Anirban Yadav,19,M,Mechanical Engineering,4,4,77.8,59.8,13,18,40,7,5.5,yes,Textbooks,0,62,Pass,Good
S24ME113,Sandip Jha,20,Male,Mechanical Engineering,3,2,64.4,49.7,11.5,15.5,25,3,5,Yes,Text Books,1,35,Fail,Needs Improvement
S24ME114,Dev Paul,20,Male,Mechanical Engineering,4,-1.5,90.1,63,,19,37,8,7.5,Yes,Both,1,58,Pass,Average
S24ME115,Nitin Dey,19,Male,Mechanical Engineering,3,3,60.5,54,11.5,16.5,29,4,6,No,Both,0,36,Fail,Needs Improvement
S24ME116,Rashmi Saha,21,Female,Mechanical Engineering,3,,80.1,56.7,16.5,15,29,4,7,Yes,Both,0,46,Pass,Needs Improvement
S24ME117,Lakshya Saha,19,Male,Mechanical Engineering,4,4.69,86.9,84,15.5,20.5,45,8,5.5,No,Online Courses,0,77,Pass,Very Good
S24ME118,Soham Chakraborty ,20,Male,Mechanical Engineering,4,5.5,81.6,72,14,20.5,36,7,6.5,Yes,Notes Only,0,81,Pass,Very Good
S24ME119,Rishabh Biswas,19,MALE,Mechanical Engineering,3,2.73,97.8,84.9,16.5,26,45,8,7,Yes,Textbooks,0,82,Pass,Very Good
S24ME120,Sagar Sen,19,Male,Mechanical Engineering,3,2,70.6,55,,15,36,4,6.5,Yes,Textbooks,0,53,Pass,Average
S24ME121,Rajesh Bose,19,Male,Mechanical Engineering,4,1.94,,41.7,12,13.5,31,7,6,Yes,Textbooks,0,37,Fail,Needs Improvement
S24ME122,Zoya Sinha,20,Female,Mechanical Engineering,3,,81.7,60.3,13.5,24.5,36,8,6.5,Yes,Notes Only,0,77,Pass,Very Good
S24ME123,Nikita Thakur,21,Female,Mechanical Engineering,4,2,71.4,69.9,9.5,16.5,37,2,5,YES,Both,2,51,Pass,Average
S24ME124,Aditya Roy,19,Male,Mechanical Engineering,4,1.78,77,62.1,11.5,20.5,31,6,8,Y,Online Courses,0,62,Pass,Good
S24ME125,Ishaan Mondal,19,Male,Mechanical Engineering,3,2.5,73.4,58,15.5,19,32,6,7,Yes,Textbooks,1,49,Pass,Needs Improvement
S24ME126,Deepak Dutta,19,Male,Mechanical Engineering,4,2.56,89.2,68,85,18.5,37,6,8,Yes,Textbooks,0,61,Pass,Good
S24ME127,Utsav Kundu,19,Male,Mechanical Engineering,3,2.5,95.5,57.6,16,20,42,8,6,Yes,Notes Only,0,59,Pass,Average
S24ME128,Anushka Rao,19,Female,Mechanical Engineering,4,2,86.8,42.2,13.5,23,35,7,7,Yes,Both,1,54,Pass,Average
S24ME129,Ankit Gupta,20,Male,Mechanical Engineering,3,3,80.6,34,10.5,14.5,25,4,6,Yes,Online Courses,1,26,Fail,Needs Improvement
S24ME130,Nikhil Tiwari,20,Male,Mechanical Engineering,3,2,67.6,63,14,20,31,8,7.5,Yes,Notes Only,0,62,Pass,Good
S24ME131,Saurabh Purkayastha,21,Male,Mechanical Engineering,3,4.5,88.1,80,18,19,41,8,7,Yes,Both,0,79,Pass,Very Good
S24ME132,Imran Ghosh,21,M,Mechanical Engineering,4,3.43,70.4,84,15.5,21.5,38,7,7.5,Yes,Online Courses,0,66,Pass,Good
S24ME133,Poulami Chatterjee,19,Female,Mechanical Engineering,3,1.5,60,43.9,13,15.5,31,4,6,No,Online Courses,0,32,Fail,Needs Improvement
S24ME134,Tushar Malhotra,19,Male,Mechanical Engineering,3,1,78.8,60,11.5,15.5,35,5,7,No,,1,43,Pass,Needs Improvement
S24ME135,Srijita Shah ,21,Female,Mechanical Engineering,4,6,100,61,17.5,25,31,6,7.5,No,Online Courses,0,74,Pass,Good
S24ME136,Sneha Shah,21,Female,Mechanical Engineering,4,2,77.7,52.2,12.5,20.5,35,5,7,Yes,Online Courses,0,55,Pass,Average
S24ME137,Joydeep Banerjee,20,Male,Mechanical Engineering,4,4.23,79.6,63.8,16.5,26,38,5,6.5,Yes,Notes Only,0,62,Pass,Good
S24ME138,Rahul Roy,19,M,Mechanical Engineering,3,4,79.3,71,13,21,31,5,5,Yes,Both,0,74,Pass,Good
S24ME139,  Zoya Pal,19,Female,Mechanical Engineering,4,3,76.5,64.8,11,24,31,7,7,Yes,Both ,0,54,Pass,Average
S24ME140,Sakshi Purkayastha,19,Female,Mechanical Engineering,3,1.5,69.3,65,12,20,36,4,7,No,Both,0,55,Pass,Average
S24ME141,Rakesh Nandi,20,Male,ME,4,1.5,66.2,70.3,10,15,28,5,7,Yes,Online Courses,0,54,Pass,Average
S24ME142,Garima Sinha,19,Female,Mechanical Engineering,3,2,77.9,45,13.5,,36,3,6.5,Yes,Online Courses,1,30,Fail,Needs Improvement
S24ME143,Priya Dey,19,Female,ME,4,2.0 hrs,66.1,61.3,10.5,23,32,7,8,Yes,,0,52,Pass,Average
S24ME144,Khushi Rao,19,Female,Mechanical Engineering,4,2.5,71.5,60.8,14.5,21,29,6,6.5,Yes,Online Courses,0,53,Pass,Average
S24ME145,Naveen Singh,19,Male,Mechanical Engineering,4,2.5,69,78.5,15.5,24,31,8,7,Yes,Both,0,85,Pass,Very Good
S24ME146,Debjani Basu,20,Female,Mech. Engg,3,2,78.3,66.4,10.5,15,37,3,6,Yes,Notes,1,39,Fail,Needs Improvement
S24ME147,Harsh Mukherjee,20,Male,Mechanical Engineering,3,4.82,82,96.5,,22.5,41,7,6,Yes,Online Courses,0,90,Pass,Excellent
S24ME148,Saurabh Datta,20,Male,Mech. Engg,4,2,74,61,14,15,39,3,8.5,Yes,Notes Only,0,60,Pass,Good
S24ME149,Trisha Dutta,19,Female,Mechanical Engineering,3,2.5,97.2,62,15,19.5,40,8,6.5,Yes,Online Courses,0,73,Pass,Good
S24ME150,Rakesh Laha,20,Male,Mechanical Engineering,3,4.71,88.1,65.1,15.5,25.5,43,6,6.5,Yes,Textbooks,0,58,Pass,Average
S24ME151,Subham Dey,20,Male,Mechanical Engineering,3,2.5,83.4,63.7,11.5,18,34,6,,No,Both,2,54,Pass,Average
S24ME152,Mohit Thakur,20,Male,Mechanical Engineering,4,3.02,67.8,74,13,,32,5,5.5,Yes,Notes Only,0,67,Pass,Good
S24ME153,Anirban Chatterjee,19,Male,Mechanical Engineering,3,3,81.8,85,15.5,26.5,43,5,6,Yes,Textbooks,0,88,Pass,Very Good
S24ME154,Ananya Bose,20,F,Mechanical Engineering,3,1,80.1,49,13,12,27,7,5.5,Yes,Online Courses,2,34,Fail,Needs Improvement
S24ME155,Sudipta Ghosh,19,Female,Mechanical Engineering,3,3,74.2,60,14,16,28,4,7,Yes,Both,1,51,Pass,Average
S24ME156,Rashmi Sen,21,Female,Mechanical Engineering,3,4,83.6,62.9,15,24,33,6,5,Yes,Textbooks,1,72,Pass,Good
S24ME157,Subham Ansari,20,Male,Mechanical Engineering,3,1,,54.2,10.5,14.5,24,,6.5,Yes,Online Courses,1,39,Fail,Needs Improvement
S24ME158,Sayan Dey,21,Male,Mechanical Engineering,4,2,78,69,10.5,19.5,47,7,8,No,Both,0,54,Pass,Average
S24ME159,Imran Nandi,19,Male,Mechanical Engineering,3,1.5,65.4,61.8,14.5,18,35,2,7,No,Textbooks,0,41,Pass,Needs Improvement
S24ME160,Aarushi Banerjee,19,Female,Mechanical Engineering,4,,89.8,92.5,18,29,42,5,7,Yes,Both,0,100,Pass,Excellent
S24ME161,Ashish Patel,21,Male,Mechanical Engineering,3,3.5,76.2,48.1,11,13,36,6,7.5,Yes,Online Courses,2,41,Pass,Needs Improvement
S24ME162,Devi Singh,21,Other,Mechanical Engineering,3,3.5,75.3,79,13.5,22,37,10,8.5,Yes,Textbooks,0,85,Pass,Very Good
S24ME163,Shreya Laha,19,Female,Mechanical Engineering,3,2,80.9,65,12.5,20.5,41,5,7,Yes,Both,0,53,Pass,Average
S25AIM001,Karan Paul,19,M,CSE (AI & ML),2,3.5,76.5,50,14,12.5,27,8,5.5,No,Online Courses,1,38,Fail,Needs Improvement
S25AIM002,Sumit Bhattacharya,19,Male,CSE-AIML,2,2.5,,64.5,15.5,20.5,47,5,6,Yes,Both,0,67,Pass,Good
S25AIM003,Aarav Jain,20,Male,CSE (AI & ML),2,2,73.8,64.8,16,21.5,34,8,7.5,Yes,Both,0,68,Pass,Good
S25AIM004,Ananya Yadav,19,Female,CSE (AI & ML),2,2.5,66.7,78,16,21,42,,7.5,Yes,Notes Only,0,72,Pass,Good
S25AIM005,Vishal Gupta,18,Male,CSE (AI & ML),2,2,60.9,48.4,12,17,23,5,5.5,Yes,Online Courses,1,52,Pass,Average
S25AIM006,Akash Purkayastha,18,Male,CSE (AI & ML),2,1,67.2,51.8,9.5,18.5,23,4,7.5,Yes,Notes Only,0,32,Fail,Needs Improvement
S25AIM007,Karan Tiwari,20,Male,CSE (AI & ML),2,4,86,76,,21,43,9,6.5,Yes,Online Courses,0,91,Pass,Excellent
S25AIM008,Jesse Mondal,19,Other,CSE (AIML),2,6,82.4,70.3,17.5,23.5,32,6,7.5,Yes,Online,0,78,Pass,Very Good
S25AIM009,Tanushree Singh,18,Female,CSE (AI & ML),2,2.91,81.7,54.6,13,13.5,35,4,6.5,Yes,Textbooks,0,50,Pass,Average
S25AIM010,Aarushi Saha,19,Female,CSE(AIML),2,3,79.7,56,12.5,23,31,7,7.5,Yes,Textbooks,1,43,Pass,Needs Improvement
S25AIM011,Anirban Laha,18,Male,CSE (AIML),2,1.5,81.8,58,11,16.5,34,4,7,Yes,Online Courses,0,61,Pass,Good
S25AIM012,Rajesh Nair,20,Male,CSE (AI & ML),2,2,76,60.1,12.5,20,28,6,6.5,No,Notes Only,0,60,Pass,Good
S25AIM013,Rakesh Jha,19,Male,CSE (AI & ML),2,3.35,77.8,61.1,11.5,21,32,6,7,Yes,Both,1,60,Pass,Good
S25AIM014,Divya Jha,18,Female,CSE (AI & ML),2,4.5,98,97,19,30,50,8,5,Yes,Both,1,99,Pass,Excellent
S25AIM015,poulami purkayastha,18,Female,CSE (AI & ML),2,2,69.2,55,13.5,21.5,31,7,6.5,Yes,Notes Only,0,56,Pass,Average
S25AIM016,Vikram Thakur,19,MALE,CSE (AI & ML),2,5,95.7,71,16.5,24.5,32,1,8,Yes,Both,0,70,Pass,Good
S25AIM017,Rahul Halder,18,Male,CSE (AI & ML),2,4.99,92.6,57.1,13,29,37,6,8,Yes,Textbooks,0,60,Pass,Good
S25AIM018,Zoya Dutta,19,Female,CSE (AI & ML),2,1,64.5,44,7,6.5,26,6,7.5,Yes,Textbooks,1,26,Fail,Needs Improvement
S25AIM019,Jayesh Laha,19,Male,CSE (AI & ML),2,5,92.5,80.2,17.5,23.5,41,8,6.5,Y,Online Courses,0,78,Pass,Very Good
S25AIM020,Vivek Saha,19,Male,CSE (AI & ML),2,1.5,86.5,67,9.5,12.5,23,4,7,Yes,Both,1,42,Pass,Needs Improvement
S25AIM021,Tanushree Ansari,18,Female,CSE-AIML,2,2,92,77,17,26,38,8,6.5,Yes,Notes Only,0,71,Pass,Good
S25AIM022,Kunal Chakraborty,18,Male,CSE (AI & ML),2,4,79.5,68.1,12,16.5,33,6,4,Yes,Online Courses,0,60,Pass,Good
S25AIM023,Sayan Kapoor,20,Male,CSE (AI & ML),2,3,88.1,64.7,16,17,35,8,6,Yes,Both,1,65,Pass,Good
S25AIM024,Suman Dey,18,Male,CSE (AI & ML),2,4,81.2,60,12.5,22.5,41,8,7.5,,Notes Only,0,74,Pass,Good
S25AIM025,Tanya Paul,19,Female,CSE (AI & ML),2,4.5,87.9,73,,24.5,28,8,5.5,No,textbooks,0,-7,Pass,Good
S25AIM026,Kunal Mehta,18,Male,CSE (AI & ML),2,2.5,74.8,62.3,11,23,37,7,7,Yes,Both,1,67,Pass,Good
S25AIM027,Simran Roy,18,Female,CSE (AI & ML),2,4,83.9,78.3,17,26,43,9,9.5,No,Notes Only,0,73,Pass,Good
S25AIM028,Ashish Purkayastha,18,Male,CSE (AI & ML),2,1.5,80.2,59,12,13.5,30,2,7,Yes,Textbooks,0,60,Pass,Good
S25AIM029,Ayush Mondal,18,Male,CSE (AI & ML),2,3,74.9,56,12.5,16,31,3,7,Yes,Notes Only,0,55,Pass,Average
S25AIM030,Chandni Yadav,18,Female,CSE (AI & ML),2,2.5,76.5,71.1,12,20.5,30,5,6.5,Y,Online Courses,0,71,Pass,Good
S25AIM031,Trisha Kapoor,18,Female,CSE (AI & ML),2,1,71.4,72.9,14,21.5,34,8,6.5,Yes,Online Courses,0,60,Pass,Good
S25AIM032,Soham Jain,19,Male,CSE (AI & ML),2,5.5,,74,17.5,26.5,35,9,6,Yes,Both,0,77,Pass,Very Good
S25AIM033,Aarav Gupta,18,Male,CSE (AI & ML),2,3.5,94.6,69,17,20.5,33,5,7,Yes,Notes Only,0,60,Pass,Good
S25AIM034,Ayush Das,19,Male,CSE (AI & ML),2,2,74,41.6,9,14,23,4,5.5,Yes,Both,0,44,Pass,Needs Improvement
S25AIM035,Pratik Sen,18,male,CSE (AI & ML),2,6.49,84.4,74,17,25,43,8,7.5,Yes,Textbooks,0,84,Pass,Very Good
S25AIM035,Pratik Sen,18,male,CSE (AI & ML),2,6.49,84.4,74,17,25,43,8,7.5,Yes,Textbooks,0,84,Pass,Very Good
S25AIM036,Md Faisal Ghosh,19,Male,CSE (AI & ML),2,2.5,67,42,9.5,19.5,29,,5.5,,,0,49,Pass,Needs Improvement
S25AIM037,Aditi Datta,2,Female,CSE (AI & ML),2,2,59.4,61.9,8.5,12.5,31,5,6,Yes,Notes Only,0,41,Pass,Needs Improvement
S25AIM038,Sakshi Saha,18,Female,CSE (AI & ML),2,1.92,75.1,70.9,14.5,22,34,6,9,Yes,Textbooks,0,79,Pass,Very Good
S25AIM039,Dipankar Banerjee,19,Male,CSE(AIML),2,4.5,84,68,14,20,36,7,7,Yes,Online Courses,0,60,Pass,Good
S25AIM040,Sudipta Mondal,19,F,CSE (AI & ML),2,3.5,95.5,56,14.5,20,39,6,6,YES,Both,0,58,Pass,Average
S25AIM041,Isha Sharma,18,Female,CSE (AI & ML),2,1,74.7,47.1,8.5,11.5,27,4,6,Yes,Online Courses,1,19,Fail,Needs Improvement
S25AIM042,Vaishnavi Paul,19,Female,CSE (AI & ML),2,4,99.6,71.2,15.5,24.5,36,5,8.5,Yes,Textbooks,0,74,Pass,Good
S25AIM043,Debjani Bose,19,female,CSE (AI & ML),2,1,49.1,44,7.5,13,33,4,6.5,Yes,Online Courses,1,33,Fail,Needs Improvement
S25AIM044,Tanya Dey,19,Female,CSE (AI & ML),2,3,75.9,74,12,24.5,31,6,5.5,Yes,Both,0,54,Pass,Average
S25AIM045,Subham Gupta,19,Male,CSE (AIML),2,1,75.5,74.5,12.5,21,32,5,5,Yes,Online Courses,0,56,Pass,Average
S25AIM046,Lakshya Purkayastha,18,Male,CSE (AI & ML),2,1,59.7,63,10,14,28,2,7,Yes,Textbooks,1,44,Pass,Needs Improvement
S25AIM047,Ritwik Rao,18,Male,cse aiml,2,3,90,80,16.5,21,40,7,7,Yes,Both,0,78,Pass,Very Good
S25AIM048,Ishita Khan,18,Female,CSE (AI & ML),2,2,71.8,56.5,9.5,12,19,4,7,Yes,Textbooks,1,28,Fail,Needs Improvement
S25AIM049,Nitin Biswas,20,Male,CSE (AI & ML),2,4.5,91.8,90.5,17.5,23,46,7,9,Yes,Online Courses,0,94,Pass,Excellent
S25AIM050,Rishabh Datta,18,Male,CSE (AI & ML),2,2,81.5,57,9,18,25,6,8,Yes,Both,0,63,Pass,Good
S25AIM051,Poulami Jha,19,Female,CSE (AI & ML),2,1.88,70.2,79.5,17.5,22,45,8,5,Yes,Both,0,84,Pass,Very Good
S25AIM052,Sakshi Chatterjee,19,Female,CSE (AI & ML),2,2,53.1,58,13,18.5,31,3,6.5,Yes,Both,1,47,Pass,Needs Improvement
S25AIM053,Rishabh Bhattacharya,19,Male,CSE (AI & ML),2,2.5,60.3,47,7,10,32,4,5.5,Yes,Textbooks,0,38,Fail,Needs Improvement
S25AIM054,FALGUNI KUMAR,18,Female,CSE (AI & ML),2,1,75.4,37.6,10.5,12,24,6,6.5,Yes,Textbooks,1,40,Pass,Needs Improvement
S25AIM055,Piyush Sarkar,18,Male,CSE (AI & ML),2,1.5,68.1,50.3,12,19.5,28,3,6.5,Yes,Notes Only,0,56,Pass,Average
S25AIM056,Jesse Khan,18,Other,CSE (AI & ML),2,1.5,66,43.1,10,20,29,6,7,Yes,Textbooks,0,43,Pass,Needs Improvement
S25AIM057,Chandni Verma,18,Female,CSE (AIML),2,5.58,88.3,77.6,17,23.5,35,8,7,No,Notes Only,0,79,Pass,Very Good
S25AIM058,Joydeep Purkayastha,18,Male,CSE (AI & ML),2,2.5,75.9,43,10,18.5,32,8,6,Yes,Notes Only,1,35,Fail,Needs Improvement
S25AIM059,Sourav Laha,18,Male,CSE (AI & ML),2,2,79.3,52.4,13,17,31,4,8,Yes,Both,1,56,Pass,Average
S25AIM060,Yash Biswas,19,Male,CSE (AI & ML),2,6.79,88.5,70,19.5,28.5,44,7,5.5,No,Both,0,77,Pass,Very Good
S25AIM061,Aarav Tiwari ,18,Male,CSE (AI & ML),2,2.5,71.3,58.4,15.5,18.5,33,4,8.5,Yes,Both,0,59,Pass,Average
S25AIM062,Sourav Chakraborty,20,Male,CSE (AI & ML),2,2.5,90.9,50.4,11,23,42,5,7,Yes,Both,0,65,Pass,Good
S25AIM063,Poulami Chatterjee,18,Female,CSE (AI & ML),2,5.88,93,82,16.5,25,37,7,7.5,Yes,Notes Only,0,93,Pass,Excellent
S25AIM064,Sandip Pal,18,Male,CSE (AI & ML),2,2,66.6,46,10,13,26,6,6.5,Yes,Notes Only,1,40,Pass,Needs Improvement
S25AIM065,Nitin Biswas,18,Male,CSE (AI & ML),2,6.5,99.7,60,15.5,26,36,7,8,Yes,Online Courses,0,71,Pass,Good
S25AIM066,Debjani Ghosh,18,Female,CSE (AI & ML),2,1.5,68.1,69.6,11,16.5,44,4,8,Yes,Online Courses,0,56,Pass,Average
S25AIM067,Ritika Pal,18,Female,CSE (AI & ML),2,3.5,83.4,77,14,23.5,38,7,6,Yes,textbooks,0,80,Pass,Very Good
S25AIM068,Sky Paul,19,Other,CSE (AI & ML),2,1.3,74.5,56.6,10,7.5,21,3,6.5,Yes,Both,1,36,Fail,Needs Improvement
S25AIM069,Vishal Dey,18,Male,CSE (AI & ML),2,2.5,79.4,55,14,22.5,37,4,8,YES,Both ,0,56,Pass,Average
S25AIM070,Tanushree Kapoor,19,Female,CSE (AI & ML),2,2,68.8,80,12.5,19,34,6,4.5,Yes,Notes,0,67,Pass,Good
S25AIM071,Utsav Ansari,18,Male,CSE (AI & ML),2,3.5,72.1,62,14.5,25,31,8,5.5,Yes,Notes Only,0,64,Pass,Good
S25AIM072,Utsav Chakraborty,18,Male,CSE (AI & ML),2,2.5,68.3,75.7,85,,39,4,7,Yes,Both,0,72,Pass,Good
S25AIM073,Isha Nair,18,Female,CSE (AI & ML),2,2,65.2,54.5,9.5,14.5,33,7,7,Yes,Notes Only,1,34,Fail,Needs Improvement
S25AIM074,Mahima Paul,18,Female,CSE (AI & ML),2,2,71.5,53,10,14.5,30,6,6.5,Yes,Online Courses,0,54,Pass,Average
S25AIM075,Jayesh Laha,19,Male,CSE (AI & ML),2,7.21,85,81,19.5,27,48,9,8,Yes,Both,0,92,Pass,Excellent
S25AIM076,Sakshi Thakur,19,Female,CSE-AIML,2,1.5,76.1,74.2,12.5,22,26,5,7.5,Yes,Both,0,66,Pass,Good
S25AIM077,Swati Das,19,Female,CSE (AI & ML),2,3.5,79.5,73,14,20,48,5,7.5,Yes,Textbooks,0,74,Pass,Good
S25AIM078,Sandip Mondal,19,Male,CSE (AI & ML),2,6,112,,15.5,24.5,42,6,8,Yes,Notes Only,0,63,Pass,Good
S25AIM079,Kavya Chatterjee,18,Female,CSE (AIML),2,2.83,66.4,67,10.5,18,30,5,6.5,Yes,Textbooks,1,50,Pass,Average
S25CSE001,Nikita Dey,18,Female,Computer Science,2,3,72.9,68,13.5,14,33,5,6,Yes,Both,1,56,Pass,Average
S25CSE002,Piyush Purkayastha,19,M,Computer Science & Engineering,2,1,69.1,33,6,8,21,5,8,Yes,Textbooks,0,25,Fail,Needs Improvement
S25CSE003,Sneha Purkayastha,20,Female,Computer Science & Engineering,2,2.19,70.8,54.7,12,16,30,6,7,Yes,Notes Only,1,50,Pass,Average
S25CSE004,Lakshya Pal,18,M,Computer Science & Engineering,2,1.5,77.3,63.9,,17.5,31,6,6.5,Yes,Online Courses,1,45,Pass,Needs Improvement
S25CSE005,Sayani Khan,18,Female,Computer Science & Engineering,2,4.25,63.6,65,13,10.5,35,4,6.5,Yes,Both,0,61,Pass,Good
S25CSE006,Devi Khan,20,Other,Computer Science & Engineering,2,3,77.5,52,13.5,22,5,8,4.5,YES,Both,0,57,Pass,Average
S25CSE007,Rituparna Paul,19,Female,Computer Science & Engineering,2,2.5,77.5,70,11,18.5,30,8,7,Yes,Both,0,59,Pass,Average
S25CSE008,Shreya Banerjee,18,Female,Computer Science & Engineering,2,2.5,75.2,,,14,28,6,8,Yes,Online Courses,0,65,Pass,Good
S25CSE009,Poulami Thakur,19,Female,Computer Science & Engineering,2,1.5,66,53.2,13,17,30,3,5.5,Yes,Online Courses,0,46,Pass,Needs Improvement
S25CSE010,Soham Thakur,20,Male,Computer Science & Engineering,2,2.26,67.2,78.1,12,24.5,42,6,8,No,Textbooks,0,63,Pass,Good
S25CSE011,Sakshi Roy,18,Female,Computer Science & Engineering,2,2.5,79,93.8,19,30,49,5,5.5,No,Notes Only,0,87,Pass,Very Good
S25CSE012,Piyush Sharma,18,Male,Comp Sci & Engg,2,1.5,60.5,62.7,11.5,17,30,6,7,Yes,Textbooks,0,61,Pass,Good
S25CSE013,Sayan Halder,19,Male,Computer Science & Engineering,2,2.5 hrs,79.2,49.2,9.5,20,24,,7,Yes,Online Courses,0,51,Pass,Average
S25CSE014,Kavya Nair,18,Female,Computer Science & Engineering,2,2.5,76,51,11.5,14,28,4,8,Yes,Textbooks,0,56,Pass,Average
S25CSE015,Rishabh Banerjee,19,Male,Computer Science & Engineering,2,1.89,72.6,51,13,16,27,5,,Yes,Textbooks,0,60,Pass,Good
S25CSE016,Mansi Bose,18,Female,Computer Science & Engineering,2,3.76,76.2,67,14.5,22.5,36,4,8.5,Yes,Both,0,69,Pass,Good
S25CSE017,Esha Nandi,18,Female,Computer Science & Engineering,2,4.2,100,71.5,18.5,24.5,50,,7.5,Yes,Both,0,76,Pass,Very Good
S25CSE018,Shreya Laha,19,Female,Computer Science & Engineering,2,3,78.7,76,10.5,18.5,47,5,6.5,Yes,Online Courses,0,71,Pass,Good
S25CSE019,Debjani Mondal,18,Female,Computer Science & Engineering,2,,66.8,72,13,26.5,37,7,8,Yes,Online Courses,0,79,Pass,Very Good
S25CSE020,Rituparna Kumar,19,Female,CSE,2,7,81.6,66.3,17,21,38,7,5,Yes,Both,0,61,Pass,Good
S25CSE021,Suman Paul,18,Male ,Computer Science & Engineering,2,2,84.1,73,13.5,16,35,6,7,Yes,Both,0,64,Pass,Good
S25CSE022,Karan Laha,19,Male,CSE,2,2,59.3,59,9,18,25,7,6,Yes,Textbooks,1,61,Pass,Good
S25CSE023,Rohan Kundu,20,Male,Computer Science & Engineering,2,4.61,72.9,71,15,19.5,37,6,7,Yes,Notes Only,0,61,Pass,Good
S25CSE024,Diya Roy,19,Female,Computer Science & Engineering,2,3,60.6,57,14,16.5,31,7,7.5,Yes,Both,0,52,Pass,Average
S25CSE025,Aarav Das,19,Male,Computer Science & Engineering,2,3,87.9,55.8,11.5,12.5,27,,7.5,No,Notes Only,1,47,Pass,Needs Improvement
S25CSE026,Rajesh Das,19,Male,Computer Science & Engineering,2,1,63.6,55.3,10,14.5,33,3,6.5,No,Both,1,37,Fail,Needs Improvement
S25CSE027,Rahul Gupta,18,M,Computer Science & Engineering,2,3.03,74,79,13,20.5,35,4,5,No,Both,0,74,Pass,Good
S25CSE028,Sagar Datta,18,Male,Computer Science & Engineering,2,2.5,73.6,48,12,20,38,6,7,YES,Online Courses,0,52,Pass,Average
S25CSE029,Amit Bhattacharya,19,Male,Computer Science & Engineering,2,2.5,72.9,52,15,17.5,32,,7,Yes,Both,0,60,Pass,Good
S25CSE030,Urvashi Yadav,19,Female,Computer Science & Engineering,2,5,67.4,78,12,20,35,6,6,No,Notes Only,0,61,Pass,Good
S25CSE031,Ritika Saha,18,FEMALE,Computer Science & Engineering,2,2,76.1,64,12.5,19,27,7,6.5,Yes,Both,0,64,Pass,Good
S25CSE032,Dipankar Shah,18,Male,Computer Science & Engineering,2,3,82.2,67.3,14.5,18,34,6,7,Yes,Both,0,70,Pass,Good
S25CSE032,Dipankar Shah,18,Male,Computer Science & Engineering,2,3,82.2,67.3,14.5,18,34,6,7,Yes,Both,0,70,Pass,Good
S25CSE033,Karan Rao,19,Male,Computer Science & Engineering,2,1.77,70.8,54.7,14.5,18,27,6,7.5,Yes,Notes Only,0,50,Pass,Average
S25CSE034,Yash Chatterjee,19,Male,Computer Science & Engineering,2,3,78.2,80,16.5,24,37,8,7.5,Y,Textbooks,0,83,Pass,Very Good
S25CSE035,Sandip Nair,18,Male,Computer Science & Engineering,2,1.5,72.3,46.5,12.5,17,35,5,5.5,Yes,Notes Only,0,52,Pass,Average
S25CSE036,Sudipta Gupta,20,Female,Computer Science & Engineering,2,3,89.2,57,13.5,23.5,31,5,6,Yes,Textbooks,0,58,Pass,Average
S25CSE037,Kavya Shah,20,Female,Computer Science & Engineering,2,6.5,91.2,73.3,16.5,21.5,35,8,8.5,Yes,Online Courses,0,75,Pass,Very Good
S25CSE038,Zoya Majumdar,20,Female,Computer Science & Engineering,2,2,90.7,50.9,10,9,29,4,6,Yes,Textbooks,1,49,Pass,Needs Improvement
S25CSE039,Zoya Ansari,19,Female,Computer Science & Engineering,2,2.5,83.9,70,14,22,38,9,6.5,Yes,Both,0,68,Pass,Good
S25CSE040,Rituparna Dey,20,F,Computer Science & Engineering,2,2.5,70.6,60,14,20.5,31,5,5.5,Yes,Notes Only,0,55,Pass,Average
S25CSE041,Rashmi Sinha,19,Female,Computer Science & Engineering,2,1,71.2,51,11.5,18,28,4,6.5,Yes,Both,1,48,Pass,Needs Improvement
S25CSE042,Ashish Sharma,19,Male,Computer Science & Engineering,2,2,70.3,76.4,15,19.5,40,6,7.5,Yes,Textbooks,0,64,Pass,Good
S25CSE043,Trisha Laha,18,Female,Computer Science & Engineering,2,2,72.7,39,11,15.5,31,5,,Yes,Both,0,38,Fail,Needs Improvement
S25CSE044,Lakshya Mishra,19,Male,Computer Science & Engineering,2,2.5,95.7,65,13,13.5,35,7,7.5,No,Both,0,52,Pass,Average
S25CSE045,Mahima Sinha,18,Female,Computer Science & Engineering,2,5,83.8,77.2,16,24,40,9,9,Yes,Textbooks,0,69,Pass,Good
S25CSE046,Kartik Mehta,19,Male,Computer Science & Engineering,2,2,60.7,54,8,17,30,7,6.5,Yes,Online Courses,0,50,Pass,Average
S25CSE047,Aarushi Sinha,20,Female,Computer Science & Engineering,2,1.5,60.4,60,11.5,23.5,32,5,4.5,Yes,Both,0,48,Pass,Needs Improvement
S25CSE048,Kiran Mondal,20,Other,Computer Science & Engineering,2,1.5,70.9,65,12.5,22,28,4,6,Yes,Both,0,56,Pass,Average
S25CSE049,Arjun Bhattacharya,18,Male,Computer Science & Engineering,2,1.16,69.7,41,10.5,4,27,5,6.5,Yes,,1,20,Fail,Needs Improvement
S25CSE050,Zoya Purkayastha,18,Female,Computer Science & Engineering,2,1.94,78.8,67.6,14,18.5,50,6,6.5,Yes,Both,0,70,Pass,Good
S25CSE051,Sakshi Roy,2,Female,Computer Science & Engineering,2,1.46,58,61,10.5,16.5,28,5,6.5,Yes,Both,0,67,Pass,Good
S25CSE052,Poulami Reddy,19,Female ,Computer Science & Engineering,2,4,86.7,59.9,14,22,36,8,6,Yes,Notes Only,0,64,Pass,Good
S25CSE053,Sumit Datta,19,Male,Computer Science & Engineering,2,5,95.4,69.4,15.5,29,36,8,6.5,Yes,Both,0,90,Pass,Excellent
S25CSE054,Isha Tiwari,19,Female,Computer Science & Engineering,2,2.5,70.7,49,12.5,17,30,7,8,Yes,Both,1,39,Fail,Needs Improvement
S25CSE055,Debjani Ansari,19,Female,Computer Science & Engineering,2,9.5,100,73.6,,24,43,9,5.5,Yes,Online Courses,0,85,Pass,Very Good
S25CSE056,Ashish Kundu,18,Male,Computer Science & Engineering,2,1.5,78.4,61.5,14,17.5,31,8,5.5,Yes,Online Courses,0,51,Pass,Average
S25CSE057,Nikhil Biswas,18,Male,Computer Science,2,5,77,76,15,27.5,37,9,6.5,Yes,Both,0,77,Pass,Very Good
S25CSE058,Rituparna Jha,20,Female,Computer Science & Engineering,2,2.39,57.9,52.7,11,14.5,31,6,6.5,Yes,Online Courses,0,48,Pass,Needs Improvement
S25CSE059,Nikita Roy,18,Female,Computer Science & Engineering,2,2,71.4,46.9,14,,28,5,6.5,Yes,Both,0,63,Pass,Good
S25CSE060,Vishal Kundu,19,Male,Computer Science & Engineering,2,3,78.6,58,13.5,17,36,8,6.5,Yes,Both,0,62,Pass,Good
S25CSE061,Shivam Chakraborty,18,Male,cse,2,1.54,74.5,61.9,15.5,17,30,6,8,Yes,Textbooks,1,47,Pass,Needs Improvement
S25CSE062,Diya Gupta,18,Female,Computer Science & Engineering,2,4,85,67,16,22.5,44,7,8,Yes,Online Courses,0,69,Pass,Good
S25CSE063,sayani datta,18,Female,Computer Science & Engineering,2,4.5,87.10%,70,14.5,22,39,6,8,Yes,Online Courses,0,65,Pass,Good
S25CSE064,Mahima Shah,18,Female,Computer Science & Engineering,2,3.07,79.6,58,13,21,37,4,7,Yes,Online Courses,0,58,Pass,Average
S25CSE065,Sagar Paul,19,Male,Computer Science & Engineering,2,3,56,72.7,7.5,21.5,38,4,7.5,Yes,Online,0,67,Pass,Good
S25CSE066,Palak Rao,19,Female,Computer Science & Engineering,2,1,52.2,51.4,8,14,23,3,8,Yes,Both,0,41,Pass,Needs Improvement
S25CSE067,Suraj Halder,19,Male,Computer Science & Engineering,2,4,71.9,62,12.5,24,34,8,8,Yes,Textbooks,0,75,Pass,Very Good
S25CSE068,Suraj Reddy,20,Male,Computer Science & Engineering,2,1.01,69.3,32,6.5,11,26,N/A,6,Yes,Textbooks,1,26,Fail,Needs Improvement
S25CSE069,Aditi Pandey,20,Female,Computer Science & Engineering,2,1.85,81.9,51,10.5,18,43,5,7.5,Yes,Online Courses,1,60,Pass,Good
S25CSE070,Trisha Kumar,18,Female,Computer Science & Engineering,2,3,80.7,63,12.5,18,32,3,6.5,Yes,textbooks,0,46,Pass,Needs Improvement
S25CSE071,Prasenjit Pandey,19,Male,Computer Science & Engineering,2,,67.9,48,12.5,20,29,5,7.5,Yes,Online Courses,1,35,Fail,Needs Improvement
S25CSE072,Rajesh Singh,19,Male,Computer Science & Engineering,2,4.5,82.1,63,15,24,44,9,4.5,Yes,Textbooks,0,77,Pass,Very Good
S25CSE073,PRASENJIT JAIN,20,Male,Computer Science & Engineering,2,3.5,81.5,83,16,23.5,36,8,7.5,Yes,,0,75,Pass,Very Good
S25CSE074,Om Pandey,18,Male,Computer Science & Engineering,2,2,65.9,,14.5,18,39,6,7,Yes,Both,0,70,Pass,Good
S25CSE075,Akash Bhattacharya,18,Male,Computer Science & Engineering,2,3,70.4,70,13,18.5,22,8,6.5,Yes,Textbooks,0,67,Pass,Good
S25CSE076,Vaishnavi Datta,19,Female,Computer Science & Engineering,2,3.11,83.9,73.2,15.5,24.5,40,6,7,Yes,Online Courses,0,81,Pass,Very Good
S25CSE077,Jyoti Tiwari,20,Female,Computer Science & Engineering,2,4,71.20%,66,12.5,25.5,42,7,4.5,Yes,Notes Only,0,72,Pass,Good
S25CSE078,Sandip Jha,19,Male,cse,2,3,91.7,68,17,21.5,37,8,8,Yes,Notes Only,0,72,Pass,Good
S25CSE079,Sanjana Chakraborty,20,Female,Computer Science & Engineering,2,2.09,,50,12.5,18.5,26,8,7.5,Yes,Notes Only,0,54,Pass,Average
S25CSE080,Ritwik Malhotra,19,Male,Computer Science & Engineering,2,3,70.9,62,12.5,21,36,3,7.5,Yes,Online Courses,0,67,Pass,Good
S25CSE081,Amit Dey,19,Male,Computer Science & Engineering,2,1.92,75.2,52.6,14,17.5,29,,,Yes,Online Courses,0,57,Pass,Average
S25CSE082,Sudipta Singh,18,Female,Computer Science & Engineering,2,5,92.5,68,12.5,21,46,5,6.5,Yes,Textbooks,0,71,Pass,Good
S25CSE083,Aditya Datta,19,Male,Computer Science & Engineering,2,2.89,70.5,58.5,10.5,16.5,34,6,7,Yes,Notes Only,0,54,Pass,Average
S25CSE084,Anirban Singh,19,Male,Computer Science & Engineering,2,2,78.9,71,12.5,16.5,46,7,5,Yes,,0,53,Pass,Average
S25CSE085,Subham Nandi,19,Male,Computer Science & Engineering,2,4,82.7,62,13.5,18.5,33,3,7.5,Yes,Online Courses,0,48,Pass,Needs Improvement
S25CSE086,Subham Bhattacharya,18,Male,Computer Science & Engineering,2,,70.3,61.9,13,18.5,29,5,6.5,Yes,Textbooks,0,47,Pass,Needs Improvement
S25CSE087,Suraj Thakur,19,Male,Computer Science & Engineering,2,1.44,83.9,62,15,15.5,28,7,7.5,Yes,Both,1,56,Pass,Average
S25CSE088,Suman Sen,20,Male,C.S.E,2,1.68,77.2,63.3,14,19,28,4,7,yes,,0,67,Pass,Good
S25CSE089,Sayan Mishra,19,Male,CSE,2,3.42,73.5,70.4,15.5,24.5,43,9,5.5,Yes,Notes Only,0,71,Pass,Good
S25CSE090,Suraj Singh,18,Male,Computer Science & Engineering,2,1.53,67.1,57,10.5,19.5,26,6,7.5,Yes,Notes Only,0,60,Pass,Good
S25CSE091,Ankit Biswas,18,Male,Computer Science & Engineering,2,2,58.5,46,10.5,13.5,26,4,6.5,YES,Notes Only,0,45,Pass,Needs Improvement
S25CSE092,Harsh Malhotra,20,Male,Comp Sci & Engg,2,2.5,81.4,32.2,12,13.5,25,4,5,Yes,Online Courses,0,42,Pass,Needs Improvement
S25CSE093,Esha Malhotra,18,Female,Computer Science & Engineering,2,1,73.9,56,11.5,13,25,3,5.5,Yes,Both,1,50,Pass,Average
S25CSE094,Yash Chakraborty,19,Male,Computer Science & Engineering,2,2,77.7,69.3,13.5,17.5,35,7,6.5,Yes,Both,1,71,Pass,Good
S25CSE095,Subham Agarwal,20,Male,Computer Science & Engineering,2,4,90.2,61,14,22,36,8,7,Yes,Online Courses,0,77,Pass,Very Good
S25CSE096,Utsav Roy,18,Male,Computer Science & Engineering,2,2.5,64.4,67,11.5,17,35,2,5,Yes,Notes Only,0,57,Pass,Average
S25ECE001,Aarav Reddy,19,Male,Electronics & Communication,2,2,74.3,77,12.5,16,35,6,5,Yes,Notes Only,0,70,Pass,Good
S25ECE001,Aarav Reddy,19,Male,Electronics & Communication,2,2,74.3,77,12.5,16,35,6,5,Yes,Notes Only,0,70,Pass,Good
S25ECE002,Md Faisal Sarkar,20,Male,Electronics & Communication,2,3.5,83.8,,16.5,21,45,8,4.5,Yes,Online Courses,1,57,Pass,Average
S25ECE003,Isha Kumar,18,Female,Electronics & Communication,2,2,96.1,49,11.5,19.5,35,7,7.5,Yes,Both,1,37,Fail,Needs Improvement
S25ECE004,Debjani Reddy,18,Female,Electronics & Communication,2,1.19,52,54,8.5,14.5,28,3,5.5,Yes,Both,1,28,Fail,Needs Improvement
S25ECE005,Debjani Khan,19,Female,Electronics & Communication,2,1.5,60.8,79,,21,35,7,7,Yes,Online Courses,0,64,Pass,Good
S25ECE006,Utsav Agarwal,18,Male,Electronics & Communication,2,4,89.9,55.6,11.5,17.5,39,7,7.5,Yes,Textbooks,0,62,Pass,Good
S25ECE007,Aditya Jha,19,Male,Electronics & Communication,2,2,66.8,60.8,10,20,21,9,4.5,yes,Online Courses,0,50,Pass,Average
S25ECE008,Suraj Majumdar,18,Male,Electronics & Communication,2,2,86.2,56,12,16,38,6,6,Yes,Textbooks,0,56,Pass,Average
S25ECE009,Tanushree Agarwal,18,Female,Electronics & Communication,2,4,77.8,56,11.5,12.5,30,7,6,Yes,Notes Only,0,50,Pass,Average
S25ECE010,Suman Kumar,19,Male,Electronics & Communication,2,6,96.5,59,17,22.5,39,8,6.5,Yes,Textbooks,0,74,Pass,Good
S25ECE011,Dev Gupta,20,Male,Electronics & Communication,2,2.5,66.8,68.7,10,21.5,27,4,8,Yes,Both,0,45,Pass,Needs Improvement
S25ECE012,Nikhil Jain,18,Male,Electronics & Communication,2,0.89,63.3,32,9.5,13.5,24,4,6,Yes,Notes Only,1,27,Fail,Needs Improvement
S25ECE013,Ashish Basu,20,Male,Electronics & Communication,2,4,90.2,65.5,16,20.5,47,6,5.5,No,Textbooks,0,57,Pass,Average
S25ECE014,Rituparna Kapoor,18,Female,Electronics & Communication,2,5.5,78,71,19,27.5,38,7,7,Yes,Online Courses,0,88,Pass,Very Good
S25ECE015,Rituparna Nair,20,Female,Electronics & Communication,2,5.63,93.4,68.9,13,17,36,5,7,No,Online Courses,0,62,Pass,Good
S25ECE016,Prasenjit Mehta,19,Male,Electronics & Communication,2,5,81.8,57,14,22,31,5,6.5,Yes,Both,0,55,Pass,Average
S25ECE016,Prasenjit Mehta,19,Male,Electronics & Communication,2,5,81.8,57,14,22,31,5,6.5,Yes,Both,0,55,Pass,Average
S25ECE017,Ishita Jha,19,Female,Electronics & Comm.,2,3,90.3,75.7,16.5,21.5,41,7,6,Yes,Online Courses,1,67,Pass,Good
S25ECE018,Manish Shah,19,Male,Electronics & Communication,2,3,86.1,74,12,15.5,37,5,,Yes,Textbooks,0,54,Pass,Average
S25ECE019,Shivam Datta,19,Male,Electronics & Communication,2,6.5,87.6,78.5,16.5,23.5,41,8,7.5,Yes,Textbooks,0,77,Pass,Very Good
S25ECE020,Chandni Kapoor,20,Female,Electronics & Communication,2,3.5,66.8,56,7.5,16,31,8,5.5,Yes,Both,1,47,Pass,Needs Improvement
S25ECE020,Chandni Kapoor,20,Female,Electronics & Communication,2,3.5,66.8,56,7.5,16,31,8,5.5,Yes,Both,1,47,Pass,Needs Improvement
S25ECE021,Sandip Kapoor,18,Male,Electronics & Communication,2,4.19,89.9,73,15.5,24,27,8,5,Yes,Notes Only,0,80,Pass,Very Good
S25ECE022,Ishita Laha,19,Female,Electronics & Communication,2,5,83.3,40,11.5,15.5,39,6,4.5,Yes,Textbooks,0,47,Pass,Needs Improvement
S25ECE023,Bhavna Jha,18,Female,Electronics & Communication,2,4,83.5,72,15.5,23,32,6,5.5,Yes,Textbooks,0,75,Pass,Very Good
S25ECE024,Jesse Das,19,Other,E&C,2,4,70.3,41,9,9,29,,6,Yes,Textbooks,0,23,Fail,Needs Improvement
S25ECE025,Deepak Reddy ,18,Male,Electronics & Communication,2,7,93,59.9,17.5,20.5,28,9,7,Yes,Notes Only,0,80,Pass,Very Good
S25ECE026,Sourav Jha,18,Male,Electronics & Communication,2,3,89.8,69.3,15.5,21,34,7,6.5,Yes,Textbooks,0,70,Pass,Good
S25ECE027,Meghna Datta,19,Female,Electronics & Communication,2,1,69.1,48.7,6,9,23,2,6.5,Yes,both,1,25,Fail,Needs Improvement
S25ECE028,Meghna Kapoor,18,Female,Electronics & Communication,2,6.09,70.3,68.3,11,17.5,35,5,6.5,Y,Notes Only,1,51,Pass,Average
S25ECE029,Hina Bhattacharya,20,Female,Electronics & Communication,2,3,85.1,74.7,17,21.5,47,6,4.5,Yes,,0,79,Pass,Very Good
S25ECE030,Naveen Pandey,19,Male,Electronics & Communication,2,1,71.1,50,10.5,16,34,6,7,Yes,Online Courses,0,43,Pass,Needs Improvement
S25ECE031,Vikram Shah,18,Male,Electronics & Communication,2,3,82.7,46.5,13.5,12.5,25,3,7,Yes,Online Courses,1,29,Fail,Needs Improvement
S25ECE032,Ayush Kundu,18,Male,Electronics & Communication,2,1,77,54,11,14,25,7,6,Yes,Online Courses,0,40,Pass,Needs Improvement
S25ECE033,Aarushi Kundu,19,Female,Electronics & Communication,2,2.8,68.8,64.4,15.5,18.5,38,,8,Yes,,1,61,Pass,Good
S25ECE034,Rohan Purkayastha,19,Male,Electronics & Communication,2,2.77,81.9,53,12.5,21.5,35,5,6.5,Yes,Both,0,63,Pass,Good
S25ECE035,Riya Mondal,19,Female,Electronics & Communication,2,2,73.3,66.1,12.5,17.5,36,2,5.5,Yes,Both,0,60,Pass,Good
S25ECE036,Tanya Bose,18,Female,Electronics & Communication,2,2,57.8,65.1,12,16.5,38,7,8,Yes,Online Courses,0,72,Pass,Good
S25ECE037,Vivek Mukherjee,20,Male,Electronics & Communication,2,2.71,77,65.6,15,19.5,34,7,7.5,Yes,Textbooks,0,63,Pass,Good
S25ECE038,Rakesh Chatterjee,20,Male,Electronics & Communication,2,4,96.2,66.2,15.5,20,29,7,7,No,Online Courses,0,62,Pass,Good
S25ECE039,Jayesh Kundu,19,Male,Electronics & Communication,2,4.5,84.8,64.6,12,17,30,5,7,Yes,Both,0,51,Pass,Average
S25ECE040,Jayesh Mehta,19,Male,Electronics & Communication,2,3,77.9,75.4,14.5,23,46,5,6.5,Y,Both,0,72,Pass,Good
S25ECE041,Sourav Nair,18,Male,Electronics & Communication,2,4.5,96.4,71.8,15.5,23,31,6,6.5,No,Both,0,86,Pass,Very Good
S25ECE042,Prasenjit Dey,20,Male ,Electronics & Communication,2,1,77.2,49.6,9.5,12,24,2,5,Yes,Online Courses,1,36,Fail,Needs Improvement
S25ECE043,Mohit Sen,18,Male,Electronics & Communication,2,2.75,79.3,76.2,13.5,24,41,7,,Yes,Notes Only,0,67,Pass,Good
S25ECE044,SOHINI CHATTERJEE,19,Female,Electronics & Communication,2,2.1,74.7,55,14,17,29,5,6.5,Yes,Notes Only,0,36,Fail,Needs Improvement
S25ECE045,Sandip Chakraborty,18,Male,Electronics & Communication,2,2,86.7,68.7,13,17.5,41,7,7,yes,Both,0,70,Pass,Good
S25ECE046,Rahul Banerjee,18,Male,Electronics & Communication,2,5,81.7,81,16.5,17.5,45,5,6.5,Yes,Online Courses,0,74,Pass,Good
S25ECE047,Diya Pal,19,Female,Electronics & Communication,2,2,57.8,64,8.5,20,41,9,5.5,No,Both,0,63,Pass,Good
S25ECE048,Jyoti Sinha,19,Female,Electronics & Communication,2,2,62.9,70.5,14.5,19.5,25,4,6,Yes,online courses,0,51,Pass,Average
S25ECE049,Manish Chatterjee,18,Male,Electronics & Communication,2,2.5,112,58,14,20,44,4,6.5,Y,Notes Only,0,45,Pass,Needs Improvement
S25ECE050,Amit Laha,18,Male,Electronics & Communication,2,4,89.2,62,16.5,22.5,47,4,7,Yes,Both,0,73,Pass,Good
S25ECE051,Ankit Reddy,19,Male,Electronics & Communication,2,2,84.80%,68,13.5,15,31,7,7.5,Yes,Online Courses,0,56,Pass,Average
S25ECE052,Suman Kumar,19,Male,Electronics & Communication,2,1.5,79.3,44.2,,18.5,17,5,7,No,Both,0,52,Pass,Average
S25ECE053,Suman Chatterjee,20,Male,Electronics & Communication,2,2.81,98.9,73.4,15.5,24,39,8,6.5,Yes,Online Courses,0,81,Pass,Very Good
S25ECE054,Yash Gupta,20,Male,Electronics & Communication,2,4.11,90.7,51.7,14.5,25,42,6,6,Yes,Both,0,69,Pass,Good
S25ECE055,Sakshi Basu,19,Female,Electronics & Communication,2,4,86.6,57.7,13,16,34,5,5,Yes,Both,0,56,Pass,Average
S25ECE056,Lakshya Chatterjee,19,Male,Electronics & Communication,2,2,66.1,68,13.5,29.5,34,10,7,Yes,Notes Only,0,67,Pass,Good
S25ECE057,Amit Agarwal,18,Male,Electronics & Communication,2,2.13,75.7,60,8.5,16,28,6,6.5,Yes,Notes Only,1,52,Pass,Average
S25ECE058,Kartik Mehta,19,Male,Electronics & Communication,2,3,73.8,70,16.5,22,33,6,7,Yes,Textbooks,0,61,Pass,Good
S25ECE059,Kunal Chakraborty,19,Male,Electronics & Communication,2,3.67,90.2,68.6,13,18,44,7,7.5,Yes,Textbooks,0,69,Pass,Good
S25ECE060,Akash Mukherjee,18,Male,Electronics & Communication,2,1.5,72.7,47.9,8.5,15.5,26,6,5.5,No,Both,0,42,Pass,Needs Improvement
S25ECE061,Subham Agarwal,18,Male,Electronics & Communication,2,3,84.6,68.3,15,21.5,40,8,7,Yes,Online Courses,0,68,Pass,Good
S25ECE062,Sneha Ansari,18,Female,Electronics & Communication,2,2.51,64.7,70,17,24.5,39,,8.5,Yes,Notes Only,0,78,Pass,Very Good
S25IT001,Neha Malhotra,18,FEMALE,Information Technology,2,5.5,77.2,66,14,19,27,7,5.5,Yes,Textbooks,0,75,Pass,Very Good
S25IT002,Divya Shah,19,Female,Information Technology,2,,63.8,40.9,12.5,14.5,35,6,8.5,Yes,Online Courses,1,43,Pass,Needs Improvement
S25IT003,Rishabh Chakraborty,18,Male,Information Technology,2,4.5,83,79,16.5,22.5,43,7,5,Yes,Both,0,90,Pass,Excellent
S25IT004,Swati Singh,19,Female,Information Technology,2,2.5,74.5,58.5,,16,29,5,5,Yes,Online Courses,1,46,Pass,Needs Improvement
S25IT005,Falguni Biswas,19,Female,Information Technology,2,2,75.8,70,15.5,23.5,34,3,6.5,Yes,Both,0,68,Pass,Good
S25IT006,Naveen Yadav,19,Male,Information Technology,2,2,88.4,72.5,12,21,39,8,7.5,Yes,Both,0,71,Pass,Good
S25IT007,Sandip Singh,18,Male,Information Technology,2,8.5,85.2,83.9,16.5,27,43,7,8,No,Textbooks,0,77,Pass,Very Good
S25IT008,Dev Sinha,19,Male,Information Technology,2,3,,70,14.5,23.5,35,5,7,Yes,Online Courses,0,71,Pass,Good
S25IT009,  Isha Datta,19,Female,Information Technology,2,7,79.9,67,15.5,25.5,37,9,8,Yes,Both,0,78,Pass,Very Good
S25IT010,Chandni Reddy,18,Female,Information Technology,2,1.8,81.7,49,11,15.5,26,4,5,Yes,Online Courses,1,36,Fail,Needs Improvement
S25IT011,Rashmi Sinha,19,Female,Information Technology,2,1.92,80.2,56.5,12,17.5,30,6,8,Yes,Online Courses,0,56,Pass,Average
S25IT012,Vishal Datta,19,Male,Information Technology,2,2.5,82.6,62,17,17.5,36,7,7.5,Yes,Both,0,65,Pass,Good
S25IT013,Biswajit Bhattacharya,19,Male,Information Technology,2,2.22,66.2,42,11,17.5,20,3,5.5,No,Notes Only,0,36,Fail,Needs Improvement
S25IT014,Dev Kapoor,19,Male,Information Technology,2,3,70.7,55,11,13,32,8,4,Yes,Both,0,52,Pass,Average
S25IT015,Rahul Roy,20,Male,Information Technology,2,3.11,76.8,59.4,15,27,31,8,,Yes,Textbooks,0,69,Pass,Good
S25IT016,Sandip Chatterjee,18,Male,Information Technology,2,2,79.4,49.2,11,19.5,27,8,6,No,Both,0,41,Pass,Needs Improvement
S25IT017,Imran Roy,18,Male,Information Technology,2,1.61,73.4,50,11,22,29,5,,Yes,Textbooks,1,54,Pass,Average
S25IT018,Mansi Patel,19,Female,Information Technology,2,3,67.3,65.9,11.5,22.5,27,8,6.5,Yes,Both,0,57,Pass,Average
S25IT019,Mahima Sharma,19,Female,Information Technology,2,3,81,74,13,14,38,7,6.5,,Both,0,59,Pass,Average
S25IT020,Diya Sharma,18,Female,Information Technology,2,3,72.6,64.4,13.5,20,40,4,8,Yes,Both,1,56,Pass,Average
S25IT021,  Nisha Singh,19,Female,Information Technology,2,1.7,66.4,50.7,9,18,26,6,5.5,Yes,Online Courses,1,50,Pass,Average
S25IT022,Rashmi Laha,18,Female,Information Technology,2,2.5,83.1,61,12.5,19.5,31,6,7,No,Notes Only,1,63,Pass,Good
S25IT023,Vivek Ghosh,18,Male,Information Technology,2,1.61,67.9,64.3,12.5,21.5,35,6,5,Yes,Online Courses,0,40,Pass,Needs Improvement
S25IT024,Divya Tiwari,19,Female,Information Technology,2,1.94,69.9,51,11.5,13.5,27,4,7.5,Yes,Notes Only,0,52,Pass,Average
S25IT025,Pooja Patel,20,Female,Information Technology,2,4.5,82,70,15,21,44,7,5,Yes,Online Courses,0,69,Pass,Good
S25IT026,Arjun Kundu,19,Male,Information Technology,2,2,75.5,69,,18.5,30,6,7.5,No,Both,0,56,Pass,Average
S25IT027,Bhavna Ansari,19,Female,Information Technology,2,,69.2,87,16.5,28.5,39,10,6,Yes,Both,0,90,Pass,Excellent
S25IT028,Soham Mondal,19,Male,Information Technology,2,1,85.1,50.6,12,17.5,39,5,7.5,Yes,Notes Only,0,,,
S25IT029,Sayani Rao,18,Female,I.T.,2,14,83.4,48,8.5,13,31,7,7,Yes,Both,1,39,Fail,Needs Improvement
S25IT030,Deepak Saha,18,Male,Information Technology,2,1.86,83,60,14,30,35,6,8.5,Yes,Textbooks,0,61,Pass,Good
S25IT031,Ritika Shah,20,Female,Information Technology,2,2,,61,15,22.5,35,5,6.5,Yes,Online Courses,0,51,Pass,Average
S25IT032,Suman Tiwari,19,Male,Information Technology,2,1.71,82.6,61,9.5,18.5,30,6,6,Yes,Online Courses,0,55,Pass,Average
S25IT033,Imran Dutta,18,Male,Information Technology,2,4,98.7,72,14,21,39,6,,No,online courses,0,73,Pass,Good
S25IT034,Jayesh Das,20,Male,Information Technology,2,1,65.6,46.3,9,13.5,22,6,8,Yes,Online Courses,1,43,Pass,Needs Improvement
S25IT035,Sudipta Laha,19,Female,Information Technology,2,2,71.7,69.3,11.5,10.5,28,5,7,Yes,Both,1,47,Pass,Needs Improvement
S25IT036,Sourav Nair,18,male,Information Technology,2,6,91.9,85.3,15,26,41,7,7.5,Yes,Both,0,91,Pass,Excellent
S25IT037,Sakshi Pal,19,Female,information technology,2,13,69,67.2,13,17.5,37,6,4.5,Yes,Online Courses,0,70,Pass,Good
S25IT038,Aditi Saha,19,Female,Information Technology,2,0.96,75.9,53,17,14.5,34,9,6,Yes,Both,1,46,Pass,Needs Improvement
S25IT039,Biswajit Verma,19,Male,Information Technology,2,2,75,67,10,16.5,34,5,6,Yes,Both,1,50,Pass,Average
S25IT040,Karan Thakur,19,Male,Information Technology,2,2.93,79.1,49.1,12,18.5,29,5,6,Yes,Online Courses,1,43,Pass,Needs Improvement
S25IT041,Dipankar Roy,18,Male,Information Technology,2,1.5,72.4,62,12.5,19,30,5,7.5,Yes,Both,0,57,Pass,Average
S25IT042,Vikram Nair,19,Male,Information Technology,2,1.82,67.8,57.3,13,14,28,5,8.5,Yes,Online Courses,-1,45,Pass,Needs Improvement
S25IT043,Gaurav Ghosh,18,M,Information Technology,2,1.4,74.8,60.2,13,22,39,7,6.5,Yes,Online Courses,0,75,Pass,Very Good
S25IT044,Rahul Ansari,19,Male,information technology,2,,76.2,72.9,14,23,39,7,6,Y,Textbooks,0,80,Pass,Very Good
S25IT045,Ishita Mehta,19,Female,Information Technology,2,4,83.3,68,15.5,23.5,36,6,7.5,Yes,Both,1,71,Pass,Good
S25IT046,Lakshya Majumdar,19,Male,information technology,2,3.5,76.5,55,17.5,24,41,5,8,Yes,Both,0,63,Pass,Good
S25IT047,Sanjana Bose,20,Female,Information Technology,2,2.42,81.4,32,12,15,27,5,7.5,Yes,Textbooks,0,36,Fail,Needs Improvement
S25IT048,Simran Agarwal,18,Female,Information Technology,2,1.5,59.7,50,7.5,17,38,4,5.5,Yes,Both,0,55,Pass,Average
S25IT049,Vaishnavi Dey,18,FEMALE,Information Technology,2,1.5,78.6,55,,19,37,7,7.5,Yes,Online Courses,0,55,Pass,Average
S25IT050,Ananya Mukherjee,19,Female,IT,2,2,64.8,54.2,11,20.5,35,4,6.5,Yes,Online Courses,1,56,Pass,Average
S25IT051,Devi Rao,18,Other,Info Tech,2,1.89,71.2,46,9.5,14,31,4,5,Yes,Both,1,46,Pass,Needs Improvement
S25IT052,Sudipta Chakraborty,18,Female,Information Technology,2,1.5,70.6,53.1,12.5,17.5,29,5,5.5,Yes,Both,0,62,Pass,Good
S25IT053,Sayani Dey,20,Female ,Information Technology,2,3,68.2,53,11.5,12,25,3,7.5,Yes,Both,0,55,Pass,Average
S25IT054,Palak Sinha,20,Female,Information Technology,2,3.5,72,54,14.5,20,26,6,7.5,Yes,,0,65,Pass,Good
S25IT055,Nitin Chakraborty,18,Male,IT,2,3,67.1,63.7,12,16.5,38,6,7,Yes,Textbooks,1,48,Pass,Needs Improvement
S25IT056,Nikhil Mehta,19,Male,Information Technology,2,2,79.3,57,14.5,20.5,34,5,8,Yes,Both,0,69,Pass,Good
S25ME001,Hina Pandey,19,Female,Mechanical Engineering,2,4.9,,78.5,15.5,20.5,35,9,5.5,No,Notes Only,0,62,Pass,Good
S25ME002,Divya Jain,19,Female,Mechanical Engineering,2,2,84.7,63.2,12.5,21,35,5,7.5,Yes,Online Courses,0,57,Pass,Average
S25ME003,Jayesh Patel,18,Male,Mechanical Engineering,2,3.5,71.5,65,12.5,21,36,6,5,Yes,Textbooks,0,58,Pass,Average
S25ME004,Gaurav Chatterjee,19,Male,Mechanical Engineering,2,0.97,59,35.2,5.5,7,22,2,7.5,Yes,Online Courses,1,16,Fail,Needs Improvement
S25ME005,Srijita Saha,19,Female,Mechanical Engineering,2,4,74.2,64.7,14.5,19,33,8,9,No,online courses,0,70,Pass,Good
S25ME006,Sayan Saha,19,Male,Mech. Engg,2,2,87.2,61.6,9.5,15,25,5,7.5,Yes,Textbooks,1,56,Pass,Average
S25ME007,Sandip Gupta,20,Male,Mechanical Engineering,2,1.5,74.3,67,9.5,15.5,23,6,7,Yes,,0,45,Pass,Needs Improvement
S25ME008,Moumita Patel,19,Female,Mechanical Engineering,2,2,66.1,52,5,20,22,3,6,Yes,Online Courses,0,53,Pass,Average
S25ME009,Aarav Laha,20,Male,Mechanical Engineering,2,2,66.7,,12.5,14.5,27,8,7,Yes,Online Courses,0,54,Pass,Average
S25ME010,Vivek Chatterjee,19,Male ,Mechanical Engineering,2,2.5,73,81.8,13.5,20,36,7,9.5,Yes,Textbooks,1,63,Pass,Good
S25ME011,Sayan Nair,18,Male,Mechanical Engineering,2,2,71.8,49,12.5,18.5,35,N/A,7,Yes,Both,0,45,Pass,Needs Improvement
S25ME012,Aarav Biswas,19,Male,Mechanical Engineering,2,9.5,99.8,74,17.5,24,37,9,8.5,No,,0,81,Pass,Very Good
S25ME012,Aarav Biswas,19,Male,Mechanical Engineering,2,9.5,99.8,74,17.5,24,37,9,8.5,No,,0,81,Pass,Very Good
S25ME013,Poulami Bhattacharya,18,Female,ME,2,3,65,89.7,13.5,21,29,7,8,Yes,Both,0,64,Pass,Good
S25ME013,Poulami Bhattacharya,18,Female,ME,2,3,65,89.7,13.5,21,29,7,8,Yes,Both,0,64,Pass,Good
S25ME014,Simran Majumdar,19,Female,mech,2,1.5,56.4,59.2,,15.5,27,,6,Yes,Online Courses,1,31,Fail,Needs Improvement
S25ME015,Soham Datta,18,Male,Mechanical Engineering,2,2,76.9,57.3,15.5,23,35,6,,No,Online Courses,0,63,Pass,Good
S25ME016,Sakshi Bhattacharya,18,F,Mechanical Engineering,2,1.9,64.6,68,15.5,27.5,34,4,7,Yes,Both,0,70,Pass,Good
S25ME017,Tushar Thakur,18,Male,Mechanical Engineering,2,4,78.6,61,11,20,37,8,4.5,Yes,Online Courses,0,67,Pass,Good
S25ME018,Nisha Paul,19,FEMALE,mech,2,3.9,68.8,44.2,8.5,14,31,4,5.5,Yes,Both,1,43,Pass,Needs Improvement
S25ME019,Ishaan Das,18,Male,mech,2,3.5,84.5,61,13,20.5,34,8,6.5,Yes,Online Courses,0,75,Pass,Very Good
S25ME020,Sandip Dey,18,Male,Mechanical Engineering,2,2,89.1,72,15,29,35,7,7.5,Yes,Notes Only,0,74,Pass,Good
S25ME021,Divya Kumar,19,Female,Mechanical Engineering,2,6,80.2,75,16.5,26,36,6,8.5,Yes,textbooks,0,80,Pass,Very Good
S25ME022,Gaurav Halder,18,Male,Mechanical Engineering,2,3,57.4,63.2,11,22,33,1,6,No,Both,0,58,Pass,Average
S25ME023,Sohini Jain,18,Female,Mechanical,2,3,71.5,69.6,10.5,19,28,6,7.5,Yes,Textbooks,0,62,Pass,Good
S25ME024,Rohan Thakur,19,Male,Mechanical Engineering,2,4,76.2,68,14.5,16,34,8,4.5,Yes,Online Courses,0,52,Pass,Average
S25ME025,Isha Datta,19,Female,Mechanical Engineering,2,3.06,76.4,70,13.5,18,33,,7,Yes,Online Courses,0,73,Pass,Good
S25ME026,Prasenjit Sen,18,Male,mech,2,3,98.7,77.2,18.5,25.5,43,5,7.5,Yes,Both,0,88,Pass,Very Good
S25ME027,Piyush Yadav,18,Male,Mechanical Engineering,2,1.65,69.5,66.1,14.5,22,37,4,5,No,Both,0,64,Pass,Good
S25ME028,Om Dutta,19,Male,Mechanical Engineering,2,2.0 hrs,86.2,71,13.5,19.5,39,5,5,Yes,Both,1,68,Pass,Good
S25ME029,Khushi Patel,18,Female,Mechanical Engineering,2,3,77.5,53,15.5,21.5,31,8,6.5,Yes,Online Courses,0,68,Pass,Good
S25ME030,Rakesh Verma,19,Male,Mechanical Engineering,2,8,96,68,17,22.5,44,7,5.5,No,Textbooks,0,75,Pass,Very Good
S25ME031,Mahima Sharma,18,Female,Mechanical Engineering,2,2,86.3,59.5,14.5,20.5,33,7,8,Yes,Both,0,57,Pass,Average
S25ME032,Neha Shah,19,Female,Mechanical Engineering,2,2,78,80.8,14,24.5,38,8,6,Yes,Online Courses,0,65,Pass,Good
S25ME033,Falguni Basu,19,Female,Mechanical Engineering,2,2,70.3,50,12,16.5,31,6,6,Yes,Online Courses,0,55,Pass,Average
S25ME034,Sumit Khan,19,Male,Mechanical Engineering,2,3.45,71.7,83.8,14.5,23,37,8,7.5,Yes,Notes Only,0,81,Pass,Very Good
S25ME035,Yash Rao,18,Male,Mechanical Engineering,2,2.71,84.7,57,13.5,22,40,9,6,Yes,Both,0,55,Pass,Average
S25ME036,Sudipta Paul,19,Female,Mechanical Engineering,2,1.53,62.2,53,11,11.5,29,7,6.5,Yes,Online Courses,1,33,Fail,Needs Improvement
S25ME037,Rishabh Jain,20,Male,Mechanical Engineering,2,1.38,55.8,57,9.5,20,36,6,7.5,yes,Online Courses,0,45,Pass,Needs Improvement
S25ME038,Harsh Paul,18,Male,Mechanical Engineering,2,2,61.6,60,13,17,37,,6,Yes,Both,1,44,Pass,Needs Improvement
S25ME039,Zoya Mehta,18,Female,Mechanical Engineering,2,2.5,59.3,68.9,14,16.5,27,3,5.5,Yes,Textbooks,0,43,Pass,Needs Improvement
S25ME040,Tanya Tiwari,20,Female,Mechanical Engineering,2,1,81.3,48,9,9.5,34,2,6.5,No,Textbooks,1,38,Fail,Needs Improvement
S25ME041,Sayani Mehta,18,Female,Mechanical Engineering,2,2,,75,20,20.5,37,7,7,Yes,Online Courses,0,77,Pass,Very Good
S25ME042,Jayesh Dutta,19,M,Mechanical Engineering,2,5,81.7,70,15,20,35,8,8.5,Yes,Online Courses,0,76,Pass,Very Good
S25ME043,Nitin Yadav,19,Male,Mechanical Engineering,2,1.5,58.7,63.7,16.5,20.5,37,7,5.5,Yes,Notes Only,0,51,Pass,Average
S25ME044,Dev Malhotra,19,Male,Mechanical Engineering,2,3,90.8,56,8,20.5,28,5,7.5,Yes,Both,0,43,Pass,Needs Improvement
S25ME045,Palak Tiwari,18,FEMALE,Mechanical Engineering,2,1,86,49.7,11.5,13.5,29,5,7,Yes,Textbooks,1,42,Pass,Needs Improvement
S25ME046,Mohit Agarwal,19,Male,Mechanical,2,,74.2,62,12.5,20.5,29,5,8.5,N,Online,0,62,Pass,Good
S25ME047,Arnab Ansari,19,Male,Mechanical Engineering,2,3.18,72.2,67,11,11.5,38,,7,Yes,Online Courses,0,48,Pass,Needs Improvement
S25ME048,Sourav Agarwal,18,Male,Mechanical Engineering,2,1.69,65.2,59,9.5,20.5,34,6,7.5,Yes,Online Courses,0,61,Pass,Good
S25ME049,Palak Pal,19,Female,Mechanical Engineering,2,2,81.1,69,15,22.5,33,6,6.5,Yes,Both,0,64,Pass,Good
S25ME050,Ritika Kundu,19,Female,Mechanical Engineering,2,2.5,79.3,68.4,14.5,18,37,7,6,Yes,Both,0,60,Pass,Good
S25ME051,Yash Mehta,18,Male,Mechanical Engineering,2,2,67.8,58.8,10.5,20,35,8,6.5,Yes,Textbooks,0,54,Pass,Average
S25ME052,Sanjana Nandi,19,Female,Mechanical Engineering,2,2.85,85.8,55.7,11,15,24,7,6,Yes,Notes Only,1,39,Fail,Needs Improvement
S25ME053,Harsh Biswas,18,Male,Mechanical Engineering,2,2,59.9,56.6,10.5,16.5,36,2,,Yes,Both,1,48,Pass,Needs Improvement
S25ME054,Rashmi Tiwari,20,Female,Mechanical Engineering,2,2.22,75.1,69,12.5,25.5,32,7,8,No,Textbooks,0,65,Pass,Good
S25ME055,Falguni Pal,18,Female,Mechanical Engineering,2,2.43,83.6,63.3,,18.5,30,,7.5,Yes,Online Courses,1,47,Pass,Needs Improvement
S25ME056,Sourav Rao,19,Male,Mechanical Engineering,2,3.5,73.1,58.5,16.5,25,43,6,8,Yes,Textbooks,0,87,Pass,Very Good
S25ME057,Falguni Pal,18,Female,Mechanical Engineering,2,2,60.6,80,15,24.5,34,7,8,Yes,Both,0,81,Pass,Very Good
S25ME058,Poulami Agarwal,18,Female,Mechanical Engineering,2,6,92.6,60.4,14.5,21.5,49,7,7,Yes,Notes Only,0,64,Pass,Good
S23ECE097,Nitin Paul,20,Male,Electronics & Communication,6,4.5,73.3,69.5,14.5,24.5,34,5,7.5,Yes,Online Courses,0,73,Pass,Good
S24IT158,Trisha Biswas,20,Female,Information Technology,3,1.5,70.7,53,11,13,21,7,6,Yes,Both,1,48,Pass,Needs Improvement
S25ME025,Isha Datta,19,Female,Mechanical Engineering,2,3.06,76.4,70,13.5,18,33,,7,Yes,Online Courses,0,73,Pass,Good
S23CSE232,Trisha Khan,20,Female,Computer Science & Engineering,5,3.84,75,47,14,14,29,6,8,Yes,Textbooks,1,51,Pass,Average
S24ME011,Pooja Malhotra,20,female,Mechanical Engineering,4,2.3,63.8,57,11.5,20.5,31,3,8,Yes,Both,0,62,Pass,Good
S24IT118,Nisha Ansari,21,Female,Information Technology,3,4,89.5,57,12,21,31,5,7,Yes,Notes Only,1,73,Pass,Good
S23CSE218,Isha Saha,21,Female,Computer Science & Engineering,5,1.36,67,44.6,9,10.5,24,5,7,Yes,Both,1,29,Fail,Needs Improvement
S23ECE055,Hina Sen,21,Female,Electronics & Communication,6,2,61.9,47,8.5,13,25,5,6,Yes,Notes Only,1,42,Pass,Needs Improvement
S23ECE080,Saurabh Yadav,21,Male,Electronics & Communication,6,4.5,93.1,54,13.5,18.5,25,7,8.5,Yes,Textbooks,0,57,Pass,Average
S24ME108,Ishaan Verma,20,Male,Mechanical Engineering,4,4,88.9,68.4,15,18.5,41,4,5,Yes,Online Courses,0,70,Pass,Good
S24ECE180,Joydeep Kundu,19,Male,Electronics & Communication,3,1,77.4,63,9.5,24,25,5,6,Yes,Textbooks,0,59,Pass,Average
S23ME038,Ritwik Roy,22,Male,Mech. Engg,5,2,75.7,53.5,,13,26,5,7,Yes,Both,1,55,Pass,Average
S24IT138,Utsav Kapoor,20,Male,Information Technology,3,1.5,65.1,42.2,9,9,30,1,6.5,Yes,Textbooks,0,30,Fail,Needs Improvement
S24ME054,Rishabh Patel,20,Male,Mechanical Engineering,3,1.5,79.3,62.6,13.5,24,40,7,6,Yes,Online Courses,0,63,Pass,Good
S24ECE124,RISHABH CHAKRABORTY,19,Male,Electronics & Comm.,3,2.5,84.7,69,13.5,22,35,8,6.5,,Both,1,57,Pass,Average
S24AIM188,MOUMITA BASU,19,Female,CSE (AI & ML),3,1,71,46.8,8,13,36,7,8.5,Yes,Both,2,28,Fail,Needs Improvement
S24CSE145,HARSH ANSARI,19,Male,Computer Science & Engineering,4,,92.9,75,14.5,23,41,7,8.5,Yes,Both,0,85,Pass,Very Good
S24CSE349,RISHABH BANERJEE,20,Male,Computer Science & Engineering,4,1.5,69.2,54,12.5,15,24,2,7,Yes,Online Courses,3,32,Fail,Needs Improvement
S24AIM150,AARAV KUNDU,19,Male,CSE (AI & ML),3,4.51,75.7,66.4,,20.5,32,7,6,Yes,Online Courses,0,76,Pass,Very Good
S24ECE184,PRATIK HALDER,20,Male,Electronics & Communication,3,2,64.1,48,13.5,15,29,6,4.5,Yes,Textbooks,0,46,Pass,Needs Improvement
